loan_id, no_of_dependents, education, self_employed, income_annum, loan_amount, loan_term,other_loans, cibil_score, residential_assets_value, commercial_assets_value, luxury_assets_value, bank_asset_value,loan_status
1,2, Graduate, No,9600000,29900000,12,384000,778,2400000,17600000,22700000,8000000, Approved
2,0, Not Graduate, Yes,4100000,12200000,8,656000,417,2700000,2200000,8800000,3300000, Rejected
3,3, Graduate, No,9100000,29700000,20,1638000,506,7100000,4500000,33300000,12800000, Rejected
4,3, Graduate, No,8200000,30700000,8,984000,467,18200000,3300000,23300000,7900000, Rejected
5,5, Not Graduate, Yes,9800000,24200000,20,3528000,382,12400000,8200000,29400000,5000000, Rejected
6,0, Graduate, Yes,4800000,13500000,10,1392000,319,6800000,8300000,13700000,5100000, Rejected
7,5, Graduate, No,8700000,33000000,4,2349000,678,22500000,14800000,29200000,4300000, Approved
8,2, Graduate, Yes,5700000,15000000,20,2280000,382,13200000,5700000,11800000,6000000, Rejected
9,0, Graduate, Yes,800000,2200000,20,168000,782,1300000,800000,2800000,600000, Approved
10,5, Not Graduate, No,1100000,4300000,10,308000,388,3200000,1400000,3300000,1600000, Rejected
11,4, Graduate, Yes,2900000,11200000,2,986000,547,8100000,4700000,9500000,3100000, Approved
12,2, Not Graduate, Yes,6700000,22700000,18,871000,538,15300000,5800000,20400000,6400000, Rejected
13,3, Not Graduate, Yes,5000000,11600000,16,1500000,311,6400000,9600000,14600000,4300000, Rejected
14,2, Graduate, Yes,9100000,31500000,14,3094000,679,10800000,16600000,20900000,5000000, Approved
15,1, Not Graduate, No,1900000,7400000,6,228000,469,1900000,1200000,5900000,1900000, Rejected
16,5, Not Graduate, No,4700000,10700000,10,1504000,794,5700000,3900000,16400000,4400000, Approved
17,2, Graduate, Yes,500000,1600000,4,90000,663,1300000,100000,1300000,700000, Approved
18,4, Not Graduate, Yes,2900000,9400000,14,145000,780,2900000,2800000,6700000,4300000, Approved
19,2, Graduate, No,2700000,10300000,10,108000,736,1000000,0,6200000,3300000, Approved
20,5, Graduate, No,6300000,14600000,12,2016000,652,10300000,3500000,23500000,5900000, Approved
21,2, Graduate, No,5000000,19400000,12,1200000,315,9500000,1600000,18000000,6100000, Rejected
22,4, Graduate, No,5800000,14000000,16,1334000,530,3800000,11300000,22200000,5400000, Rejected
23,4, Graduate, Yes,6500000,25700000,18,780000,311,13100000,1700000,19500000,8500000, Rejected
24,0, Not Graduate, Yes,500000,1400000,2,30000,551,900000,600000,1100000,300000, Approved
25,0, Not Graduate, No,4900000,9800000,16,1813000,324,3800000,8700000,10000000,3300000, Rejected
26,5, Not Graduate, No,3100000,9500000,20,837000,514,7900000,3100000,6600000,2600000, Rejected
27,4, Graduate, No,8200000,28100000,12,82000,696,11500000,10600000,25300000,7200000, Approved
28,4, Not Graduate, Yes,2400000,5600000,4,0,662,4500000,4200000,5400000,2500000, Approved
29,5, Not Graduate, Yes,7000000,24000000,6,280000,336,2300000,11900000,27500000,9700000, Rejected
30,3, Not Graduate, Yes,9000000,31500000,10,2700000,850,21800000,12400000,33700000,8000000, Approved
31,2, Not Graduate, No,9800000,25300000,12,784000,313,20200000,5200000,25500000,9300000, Rejected
32,2, Graduate, No,5700000,12000000,6,1710000,363,3600000,7400000,21700000,4300000, Rejected
33,1, Not Graduate, Yes,800000,1600000,10,272000,436,700000,200000,2200000,1000000, Rejected
34,5, Not Graduate, Yes,8400000,22000000,2,1680000,830,3800000,3900000,19900000,5400000, Approved
35,3, Graduate, No,4900000,11900000,8,1225000,612,9700000,1200000,19000000,5800000, Approved
36,2, Graduate, Yes,1700000,3400000,8,204000,691,2700000,2800000,6000000,900000, Approved
37,3, Not Graduate, No,1600000,6200000,18,416000,636,3400000,700000,5300000,1400000, Approved
38,5, Graduate, Yes,8000000,27200000,6,2800000,348,6400000,300000,16700000,7100000, Rejected
39,5, Graduate, No,3600000,7700000,16,936000,830,7000000,1300000,10000000,2900000, Approved
40,3, Not Graduate, Yes,1500000,5100000,6,450000,352,100000,200000,5600000,900000, Rejected
41,1, Graduate, No,7800000,18100000,2,468000,712,8600000,11200000,21700000,9000000, Approved
42,2, Not Graduate, No,9100000,24900000,16,2548000,822,22300000,12100000,31000000,5200000, Approved
43,3, Graduate, No,1400000,3400000,6,56000,540,200000,1500000,3900000,800000, Rejected
44,2, Graduate, Yes,800000,2300000,12,224000,342,2200000,1300000,1800000,800000, Rejected
45,5, Graduate, No,6500000,13400000,18,2275000,787,18200000,300000,16200000,5400000, Approved
46,4, Graduate, No,8000000,27800000,16,3200000,331,13000000,6300000,21400000,10900000, Rejected
47,3, Not Graduate, Yes,4200000,14600000,6,1050000,679,2400000,6900000,8700000,4900000, Approved
48,1, Graduate, Yes,4900000,19100000,14,1715000,677,5400000,9100000,17700000,6500000, Approved
49,3, Not Graduate, No,5500000,20500000,12,385000,634,800000,8600000,18500000,8200000, Approved
50,1, Not Graduate, Yes,9500000,19100000,16,3230000,662,100000,10500000,37700000,11700000, Approved
51,4, Graduate, No,7300000,25400000,16,1679000,502,500000,1800000,20500000,10500000, Rejected
52,2, Graduate, No,8700000,24700000,10,1740000,435,6800000,3500000,21800000,11300000, Rejected
53,5, Not Graduate, No,3800000,7600000,4,684000,689,8700000,100000,9300000,3400000, Approved
54,1, Not Graduate, Yes,8400000,23000000,12,2100000,657,15400000,14800000,31900000,8200000, Approved
55,2, Graduate, Yes,5100000,19700000,20,714000,590,7400000,9300000,19400000,3400000, Approved
56,5, Not Graduate, No,6700000,24500000,12,0,818,1200000,5600000,16300000,6200000, Approved
57,2, Not Graduate, No,4300000,10600000,18,559000,431,2100000,1500000,9300000,5200000, Rejected
58,5, Graduate, Yes,9300000,30500000,18,3255000,841,19300000,10300000,34600000,8700000, Approved
59,1, Graduate, No,7400000,18400000,20,2220000,421,18500000,9100000,17500000,4100000, Rejected
60,4, Not Graduate, Yes,5500000,18200000,16,2200000,797,-100000,4900000,18600000,4800000, Approved
61,2, Not Graduate, No,8500000,18900000,18,2295000,478,23800000,16300000,25900000,11400000, Rejected
62,3, Not Graduate, Yes,9600000,30500000,18,192000,669,4700000,1900000,26500000,9300000, Approved
63,5, Not Graduate, Yes,8800000,28900000,6,176000,365,24400000,8600000,27400000,4700000, Rejected
64,3, Not Graduate, Yes,3300000,7500000,20,792000,586,1600000,5600000,10500000,2900000, Approved
65,4, Graduate, Yes,3900000,12300000,18,1560000,784,7600000,6900000,13100000,2800000, Approved
66,1, Graduate, No,4100000,10300000,12,1517000,364,9500000,6100000,14900000,2800000, Rejected
67,3, Not Graduate, No,8300000,29100000,10,2905000,715,6100000,11900000,24100000,11900000, Approved
68,0, Not Graduate, Yes,2700000,10100000,20,918000,693,200000,1700000,5900000,1400000, Rejected
69,4, Graduate, No,5600000,12400000,4,672000,777,5500000,3100000,11800000,5500000, Approved
70,0, Graduate, No,1900000,5000000,12,304000,312,4000000,2800000,4900000,2400000, Rejected
71,4, Not Graduate, Yes,500000,1500000,20,5000,340,100000,200000,1900000,600000, Rejected
72,5, Graduate, Yes,5300000,18600000,4,689000,386,2700000,9700000,11900000,4200000, Approved
73,5, Not Graduate, No,7000000,18300000,4,490000,418,18400000,11700000,21500000,7600000, Rejected
74,3, Not Graduate, Yes,5800000,16700000,16,1682000,735,3900000,9400000,12600000,5600000, Approved
75,2, Not Graduate, No,2600000,8400000,6,494000,494,6500000,3800000,5600000,2000000, Rejected
76,2, Not Graduate, No,1900000,6500000,18,703000,671,600000,2500000,4800000,1100000, Approved
77,4, Graduate, No,5700000,14800000,16,855000,697,14300000,7800000,12900000,6300000, Approved
78,0, Graduate, No,9000000,33500000,8,270000,801,11600000,8900000,35400000,11100000, Approved
79,2, Not Graduate, No,8500000,29400000,12,1360000,576,17600000,5600000,25200000,9000000, Approved
80,0, Not Graduate, No,700000,1400000,14,189000,639,1900000,700000,2400000,900000, Approved
81,4, Graduate, No,3500000,8900000,4,595000,470,1300000,2200000,12300000,2000000, Rejected
82,0, Not Graduate, No,8800000,31200000,4,2816000,826,2900000,500000,33300000,8600000, Approved
83,2, Not Graduate, Yes,9900000,21200000,16,693000,363,25500000,11400000,26600000,6800000, Rejected
84,3, Graduate, No,3600000,8600000,20,1008000,613,9400000,300000,10300000,3300000, Approved
85,3, Not Graduate, Yes,3000000,8200000,16,480000,713,5300000,5800000,11000000,3400000, Approved
86,2, Graduate, No,6800000,21200000,16,2380000,439,17100000,4700000,23300000,3600000, Rejected
87,5, Not Graduate, Yes,1100000,3800000,18,209000,387,1300000,1200000,3800000,1600000, Rejected
88,1, Not Graduate, Yes,8700000,28300000,8,2436000,402,20400000,13600000,27900000,10200000, Rejected
89,4, Graduate, Yes,2000000,8000000,6,260000,837,5100000,2600000,3900000,2900000, Approved
90,2, Not Graduate, No,9800000,37600000,10,196000,641,24100000,0,23400000,7600000, Approved
91,4, Graduate, No,5700000,21100000,18,342000,489,500000,4300000,12500000,6000000, Rejected
92,4, Graduate, No,8800000,20700000,18,1144000,540,19200000,3200000,22400000,12700000, Rejected
93,4, Graduate, No,3800000,8900000,4,266000,844,9100000,3500000,13100000,4700000, Approved
94,1, Graduate, No,1700000,6400000,10,153000,452,900000,1100000,5600000,2100000, Rejected
95,2, Graduate, No,1000000,2000000,10,330000,366,1200000,400000,3200000,1300000, Rejected
96,5, Graduate, No,300000,1100000,2,42000,300,100000,500000,700000,400000, Approved
97,2, Graduate, Yes,6600000,15000000,18,66000,470,1200000,4800000,18200000,7000000, Rejected
98,2, Not Graduate, No,8700000,25000000,20,1305000,861,14700000,8500000,23200000,7300000, Approved
99,4, Graduate, No,9400000,29400000,12,564000,562,25900000,15200000,36400000,7100000, Approved
100,0, Graduate, No,4400000,10800000,14,484000,463,2400000,4800000,13800000,4700000, Rejected
101,4, Not Graduate, No,400000,900000,12,12000,478,700000,100000,1200000,100000, Rejected
102,2, Not Graduate, Yes,300000,1100000,2,108000,702,300000,200000,500000,200000, Approved
103,2, Not Graduate, Yes,4300000,12900000,20,387000,618,11400000,3600000,11400000,2400000, Approved
104,4, Graduate, No,1600000,4500000,12,304000,633,700000,1700000,4100000,1900000, Approved
105,5, Not Graduate, Yes,6200000,23600000,10,2046000,331,18500000,10300000,23800000,8700000, Rejected
106,3, Not Graduate, Yes,4200000,9700000,16,924000,841,7800000,300000,16700000,5100000, Approved
107,4, Not Graduate, Yes,9000000,18100000,12,2340000,764,600000,16500000,20800000,11600000, Approved
108,0, Graduate, No,2700000,10600000,6,243000,591,1300000,2700000,9900000,1800000, Approved
109,1, Graduate, Yes,9700000,35900000,2,2716000,719,19600000,7600000,20400000,10900000, Approved
110,2, Graduate, No,3300000,6800000,14,924000,317,3400000,300000,11700000,3600000, Rejected
111,0, Not Graduate, No,300000,1100000,8,48000,778,800000,200000,900000,100000, Approved
112,3, Graduate, Yes,7400000,18200000,14,444000,302,5600000,3100000,17900000,5000000, Rejected
113,5, Not Graduate, No,7100000,19700000,8,2201000,502,7300000,5600000,25300000,9800000, Rejected
114,5, Not Graduate, Yes,7300000,22100000,18,2482000,879,19500000,10600000,19300000,9800000, Approved
115,1, Not Graduate, No,8400000,23400000,14,3276000,437,15400000,5800000,33400000,8100000, Rejected
116,0, Not Graduate, Yes,3300000,10800000,12,627000,797,600000,6000000,7700000,3300000, Approved
117,4, Not Graduate, Yes,5800000,23200000,18,1914000,456,16100000,4200000,22600000,7500000, Rejected
118,0, Not Graduate, No,600000,1600000,6,48000,647,1500000,600000,1500000,700000, Approved
119,0, Not Graduate, No,7200000,15800000,12,2880000,379,12700000,12200000,21500000,3600000, Rejected
120,1, Not Graduate, Yes,9100000,32900000,2,819000,717,2200000,2000000,23600000,5900000, Approved
121,5, Graduate, No,900000,2300000,16,81000,545,100000,200000,2700000,800000, Rejected
122,2, Graduate, No,800000,3200000,8,256000,317,300000,1000000,2000000,900000, Rejected
123,1, Not Graduate, No,8500000,32900000,10,1105000,570,5100000,6200000,20500000,5500000, Approved
124,0, Not Graduate, Yes,9000000,18700000,18,810000,865,26800000,0,20900000,11300000, Approved
125,3, Graduate, No,7000000,19500000,14,1190000,719,12200000,10300000,18200000,10200000, Approved
126,3, Graduate, No,200000,600000,16,78000,821,400000,100000,500000,100000, Approved
127,4, Not Graduate, Yes,400000,800000,10,84000,859,900000,500000,800000,200000, Approved
128,3, Not Graduate, No,5100000,18200000,10,816000,395,100000,8000000,15500000,6300000, Rejected
129,2, Not Graduate, Yes,700000,2600000,12,245000,429,1600000,1300000,2700000,800000, Rejected
130,3, Graduate, No,400000,1200000,12,88000,861,200000,600000,1100000,200000, Approved
131,0, Not Graduate, Yes,9500000,20800000,14,1995000,565,15100000,11900000,33900000,13400000, Approved
132,5, Graduate, No,8800000,22600000,10,0,357,7900000,8600000,18200000,4900000, Rejected
133,3, Not Graduate, Yes,1800000,3600000,18,180000,465,600000,500000,5400000,2600000, Rejected
134,4, Not Graduate, Yes,6800000,13900000,8,2652000,479,11700000,9100000,25700000,9600000, Rejected
135,3, Not Graduate, No,1500000,5500000,16,435000,717,2100000,800000,4400000,1300000, Approved
136,3, Graduate, No,1600000,5500000,12,400000,425,600000,800000,5400000,900000, Rejected
137,2, Not Graduate, No,4600000,16700000,2,644000,786,200000,5900000,13900000,6100000, Approved
138,5, Not Graduate, Yes,2200000,6700000,6,770000,382,4400000,1300000,8600000,1100000, Rejected
139,3, Not Graduate, Yes,2900000,8500000,12,986000,564,1000000,3100000,7500000,1800000, Approved
140,0, Graduate, No,200000,700000,8,16000,501,500000,200000,700000,100000, Rejected
141,2, Not Graduate, Yes,2500000,9400000,10,275000,727,6600000,4100000,9500000,3300000, Approved
142,4, Not Graduate, No,3600000,7500000,6,1152000,894,1100000,6500000,7400000,2800000, Approved
143,0, Graduate, Yes,5500000,16700000,18,2145000,829,5500000,1300000,12800000,5900000, Approved
144,4, Not Graduate, No,6600000,17400000,20,990000,506,2600000,10000000,25900000,7200000, Rejected
145,2, Graduate, Yes,8600000,32100000,6,2752000,802,9400000,16700000,24500000,9800000, Approved
146,5, Not Graduate, No,600000,1500000,14,72000,543,300000,900000,2100000,300000, Rejected
147,3, Graduate, Yes,1400000,3200000,20,322000,772,2400000,900000,5100000,1600000, Approved
148,3, Graduate, No,4000000,11100000,12,1200000,572,9700000,100000,12500000,2400000, Approved
149,0, Not Graduate, Yes,4900000,11900000,16,833000,709,14600000,900000,18500000,3800000, Approved
150,5, Graduate, No,2000000,6200000,18,780000,402,4000000,2100000,7200000,1100000, Rejected
151,1, Not Graduate, Yes,5200000,19300000,8,832000,481,14300000,9500000,18800000,4200000, Rejected
152,5, Graduate, Yes,8900000,28800000,6,3382000,772,13600000,5500000,20400000,8400000, Approved
153,1, Graduate, Yes,6500000,20600000,2,2470000,306,15900000,1900000,18100000,3200000, Approved
154,2, Not Graduate, No,1300000,4500000,6,520000,415,0,900000,2900000,1200000, Rejected
155,3, Not Graduate, No,9400000,35000000,16,658000,548,18200000,4400000,36100000,4800000, Rejected
156,5, Not Graduate, No,5000000,11200000,8,1300000,701,9100000,500000,14000000,4600000, Approved
157,2, Graduate, No,3000000,7700000,12,810000,890,4700000,4300000,8400000,2100000, Approved
158,5, Not Graduate, Yes,9900000,33300000,6,495000,364,5300000,18700000,27800000,8300000, Rejected
159,5, Graduate, Yes,700000,1300000,20,98000,704,1600000,0,2200000,600000, Approved
160,3, Graduate, Yes,4000000,10600000,10,1560000,318,1500000,5100000,8000000,4900000, Rejected
161,5, Not Graduate, No,3100000,9600000,2,589000,761,5800000,1800000,10400000,4200000, Approved
162,4, Not Graduate, No,4500000,15100000,6,315000,693,3700000,1500000,17800000,6000000, Approved
163,3, Not Graduate, No,9700000,20600000,16,970000,524,24200000,11100000,27400000,6100000, Rejected
164,2, Not Graduate, Yes,2000000,5300000,10,700000,681,4900000,1400000,4300000,2900000, Approved
165,2, Graduate, Yes,8100000,22300000,18,2835000,737,22300000,12600000,27000000,7300000, Approved
166,0, Not Graduate, No,5700000,15900000,16,570000,638,100000,9500000,16300000,4500000, Approved
167,4, Not Graduate, No,5800000,12800000,2,580000,656,500000,5000000,16000000,2800000, Approved
168,1, Graduate, No,1800000,6500000,6,108000,540,2500000,3200000,5000000,1100000, Rejected
169,4, Not Graduate, Yes,9100000,35200000,6,2548000,341,1000000,300000,23100000,8200000, Rejected
170,0, Not Graduate, Yes,4800000,17500000,2,1536000,371,11700000,6800000,18700000,3500000, Approved
171,3, Not Graduate, Yes,3800000,10500000,12,418000,886,4000000,500000,14900000,2300000, Approved
172,0, Not Graduate, No,1900000,4100000,18,418000,801,400000,800000,4800000,1200000, Approved
173,3, Not Graduate, Yes,3600000,9500000,16,756000,748,7700000,2400000,9700000,2600000, Approved
174,2, Not Graduate, Yes,7400000,28200000,8,1998000,376,21900000,5000000,17400000,5200000, Rejected
175,4, Not Graduate, Yes,6600000,14300000,8,2508000,371,10800000,9500000,18500000,7400000, Rejected
176,2, Graduate, No,1800000,5300000,6,720000,826,4500000,700000,6500000,1300000, Approved
177,4, Not Graduate, No,9200000,27200000,12,3680000,873,4500000,1800000,33800000,11400000, Approved
178,5, Not Graduate, Yes,2400000,8600000,8,480000,309,500000,600000,5700000,2800000, Rejected
179,4, Not Graduate, No,5600000,13300000,20,1624000,869,3300000,7500000,20000000,6500000, Approved
180,5, Graduate, No,3800000,13900000,12,1140000,534,4700000,2900000,8200000,2800000, Rejected
181,3, Not Graduate, Yes,4500000,17900000,6,1305000,787,9800000,3600000,14300000,4200000, Approved
182,0, Graduate, Yes,900000,2200000,16,171000,566,100000,700000,2000000,600000, Approved
183,0, Not Graduate, No,2800000,9900000,8,644000,742,4900000,1300000,6700000,1700000, Approved
184,2, Not Graduate, No,7500000,23100000,4,2250000,824,12100000,10900000,26300000,9500000, Approved
185,4, Graduate, No,1400000,3100000,14,462000,575,3000000,2100000,4900000,1400000, Approved
186,2, Graduate, Yes,3800000,10900000,10,722000,766,1900000,3900000,8600000,3000000, Approved
187,1, Not Graduate, Yes,1700000,5000000,10,408000,888,2900000,900000,4100000,2200000, Approved
188,3, Graduate, Yes,9000000,30400000,6,720000,638,16800000,11000000,26900000,9200000, Approved
189,5, Not Graduate, Yes,7300000,23300000,6,2409000,622,7100000,11600000,26400000,10500000, Approved
190,1, Not Graduate, No,7400000,19800000,18,2516000,458,12600000,6200000,27700000,4000000, Rejected
191,1, Not Graduate, No,9000000,28200000,16,1800000,327,1700000,2300000,24000000,11200000, Rejected
192,0, Not Graduate, No,3000000,6500000,2,0,612,8800000,3400000,6700000,1700000, Approved
193,1, Graduate, No,800000,2900000,8,192000,682,2200000,1100000,2900000,700000, Approved
194,2, Graduate, No,4800000,13200000,2,864000,583,13700000,5800000,9500000,5200000, Approved
195,5, Not Graduate, No,6400000,18300000,8,2240000,697,10000000,3600000,22500000,3600000, Approved
196,3, Graduate, No,9200000,27100000,12,2024000,306,5800000,11500000,28000000,9600000, Rejected
197,4, Not Graduate, Yes,400000,1500000,2,24000,669,-100000,600000,900000,500000, Approved
198,2, Not Graduate, No,2800000,6000000,18,868000,816,6300000,4200000,8000000,3400000, Approved
199,4, Not Graduate, Yes,8500000,28900000,20,2380000,455,15200000,5800000,22500000,9400000, Rejected
200,3, Graduate, Yes,4700000,16400000,10,376000,318,11400000,8100000,16200000,4300000, Rejected
201,4, Not Graduate, Yes,9800000,21200000,20,3136000,355,22000000,8900000,31800000,14400000, Rejected
202,2, Not Graduate, Yes,3800000,8900000,16,532000,389,200000,5600000,12200000,2200000, Rejected
203,2, Graduate, No,500000,1500000,2,175000,888,1500000,300000,1500000,600000, Approved
204,2, Graduate, Yes,6900000,15600000,6,2001000,352,13000000,5300000,22600000,10000000, Rejected
205,4, Not Graduate, Yes,9600000,30100000,12,3840000,870,300000,6700000,38200000,5600000, Approved
206,3, Not Graduate, No,2900000,6500000,18,899000,827,8300000,600000,10400000,3200000, Approved
207,2, Graduate, No,9800000,20900000,12,2744000,768,3400000,10200000,38600000,13400000, Approved
208,0, Graduate, No,7100000,15400000,18,1136000,707,10300000,10800000,19600000,5800000, Approved
209,1, Not Graduate, Yes,7700000,19100000,10,3080000,355,11300000,4900000,21900000,6600000, Rejected
210,3, Graduate, No,1400000,3300000,2,182000,652,100000,2100000,3500000,1900000, Approved
211,3, Graduate, No,7800000,15900000,2,1872000,665,14400000,900000,27200000,5400000, Approved
212,5, Not Graduate, Yes,1700000,6000000,18,391000,420,500000,1600000,3700000,2300000, Rejected
213,2, Not Graduate, No,8500000,32700000,18,2720000,471,12600000,9400000,33900000,12500000, Rejected
214,5, Not Graduate, No,1900000,7500000,20,304000,715,5100000,2800000,6500000,2800000, Approved
215,2, Not Graduate, Yes,6700000,15200000,10,0,689,0,8200000,15000000,6800000, Approved
216,3, Graduate, Yes,6900000,16400000,4,414000,787,11100000,6100000,26400000,3800000, Approved
217,2, Graduate, No,2600000,7800000,4,1014000,819,3100000,4300000,5700000,1500000, Approved
218,4, Graduate, Yes,9600000,21100000,6,1536000,809,16100000,9500000,34700000,8700000, Approved
219,1, Not Graduate, Yes,6800000,17000000,2,1836000,744,15500000,3900000,23700000,3500000, Approved
220,0, Not Graduate, No,3200000,11300000,6,320000,484,3500000,5500000,8500000,2100000, Rejected
221,4, Not Graduate, No,2900000,10400000,6,783000,673,5100000,1700000,10600000,1700000, Approved
222,3, Graduate, Yes,7900000,21200000,18,1817000,695,13800000,10600000,21800000,4900000, Approved
223,4, Not Graduate, Yes,3900000,12400000,12,1092000,473,6400000,4700000,13100000,3800000, Rejected
224,4, Graduate, Yes,4600000,11000000,2,1518000,491,9000000,4000000,16100000,3500000, Rejected
225,3, Not Graduate, Yes,700000,1700000,8,140000,733,1200000,800000,2400000,500000, Approved
226,0, Not Graduate, No,5200000,15600000,20,468000,434,14100000,5800000,18100000,5500000, Rejected
227,3, Not Graduate, Yes,5900000,20600000,10,708000,777,1900000,4600000,21200000,6400000, Approved
228,4, Graduate, No,7200000,19100000,4,2808000,774,9400000,7000000,17900000,3600000, Approved
229,1, Not Graduate, Yes,8700000,27000000,10,3219000,717,25500000,8600000,17500000,9100000, Approved
230,3, Not Graduate, Yes,1100000,3500000,12,66000,503,3000000,400000,2200000,1200000, Rejected
231,1, Graduate, Yes,4000000,10900000,14,1520000,598,3600000,6600000,13600000,4400000, Approved
232,2, Graduate, No,9800000,32400000,2,392000,543,24200000,17500000,25700000,7700000, Approved
233,0, Not Graduate, Yes,2700000,6800000,20,486000,796,700000,4200000,7000000,1900000, Approved
234,3, Not Graduate, Yes,8800000,34600000,8,88000,386,14800000,16500000,18400000,6000000, Rejected
235,5, Not Graduate, Yes,3300000,7800000,16,297000,632,8500000,500000,7100000,4900000, Approved
236,1, Graduate, Yes,6900000,23400000,4,138000,481,18700000,1100000,23400000,10200000, Approved
237,3, Graduate, Yes,900000,3500000,4,306000,770,700000,0,2000000,600000, Rejected
238,3, Graduate, Yes,4100000,15500000,6,1230000,667,2800000,1600000,14700000,4000000, Approved
239,3, Not Graduate, Yes,4700000,17500000,8,752000,585,1200000,3100000,9600000,4900000, Approved
240,5, Graduate, Yes,3400000,11600000,16,612000,479,9200000,5700000,11200000,2400000, Rejected
241,2, Graduate, No,9600000,22500000,18,192000,851,7400000,16200000,24300000,12700000, Approved
242,3, Not Graduate, Yes,7000000,16200000,6,280000,378,20000000,12600000,20300000,5500000, Rejected
243,5, Graduate, No,5700000,12900000,18,855000,807,4100000,900000,18600000,5500000, Approved
244,1, Not Graduate, Yes,8200000,32400000,18,1722000,831,22800000,12300000,17700000,7800000, Approved
245,2, Not Graduate, No,2100000,5100000,12,693000,674,2200000,3200000,6400000,2400000, Approved
246,1, Not Graduate, Yes,8000000,28100000,18,80000,725,1900000,12800000,23000000,7500000, Approved
247,2, Not Graduate, No,8000000,29300000,4,1600000,600,16500000,13200000,29400000,6500000, Approved
248,0, Not Graduate, Yes,9400000,27000000,10,1692000,536,4400000,1700000,33800000,4800000, Rejected
249,0, Graduate, No,8400000,20600000,10,1092000,477,1500000,1500000,25000000,11900000, Rejected
250,1, Not Graduate, Yes,1900000,5000000,6,665000,560,1000000,1900000,6300000,1400000, Approved
251,0, Not Graduate, Yes,4200000,16400000,20,126000,539,9500000,2100000,11400000,3100000, Rejected
252,5, Graduate, No,2600000,9100000,8,962000,852,3700000,700000,10300000,3300000, Approved
253,3, Not Graduate, No,3700000,8500000,20,1221000,853,8300000,5700000,7500000,4900000, Approved
254,0, Graduate, No,8800000,30900000,12,3168000,729,1700000,700000,25700000,11400000, Approved
255,2, Not Graduate, No,2100000,4700000,2,273000,546,6000000,3200000,5700000,1500000, Rejected
256,3, Graduate, Yes,900000,2400000,10,333000,489,800000,0,2800000,500000, Rejected
257,3, Graduate, Yes,9800000,35400000,6,2352000,869,14400000,16400000,22800000,10300000, Approved
258,2, Not Graduate, No,8000000,20000000,2,640000,502,4100000,2200000,31600000,9900000, Rejected
259,0, Graduate, No,9800000,38800000,8,2058000,652,23200000,19000000,29700000,5400000, Approved
260,0, Not Graduate, Yes,300000,1100000,8,75000,789,400000,100000,800000,400000, Approved
261,4, Not Graduate, No,2700000,8100000,4,621000,325,5000000,800000,9900000,3400000, Approved
262,3, Graduate, Yes,7400000,19600000,2,74000,716,4100000,8900000,29100000,4200000, Approved
263,3, Graduate, No,9200000,34300000,18,3496000,523,25600000,4000000,29100000,8800000, Rejected
264,5, Not Graduate, No,9500000,22200000,20,570000,352,24500000,0,30800000,7000000, Rejected
265,5, Graduate, Yes,3800000,14400000,2,874000,345,3300000,800000,13000000,4700000, Approved
266,0, Graduate, No,8300000,19400000,18,249000,649,2500000,16100000,24300000,11300000, Approved
267,2, Graduate, Yes,2800000,7400000,18,616000,666,100000,2300000,6300000,3400000, Approved
268,0, Graduate, No,8600000,20900000,10,172000,813,11300000,11900000,26000000,4800000, Approved
269,0, Not Graduate, No,5400000,16800000,10,324000,599,5300000,7400000,14500000,7600000, Approved
270,5, Graduate, Yes,4200000,9400000,6,1638000,678,4700000,5500000,9900000,5700000, Approved
271,5, Not Graduate, No,5200000,12200000,20,416000,513,13400000,2000000,16800000,5400000, Rejected
272,5, Graduate, No,9400000,27900000,4,0,870,1100000,200000,29500000,10400000, Approved
273,3, Graduate, No,8800000,20400000,8,88000,483,3200000,11400000,28200000,11800000, Rejected
274,1, Graduate, Yes,5900000,16700000,16,2360000,308,5800000,8800000,19100000,5300000, Rejected
275,3, Graduate, Yes,1700000,4900000,16,289000,591,4700000,1000000,4300000,1400000, Approved
276,1, Not Graduate, No,7000000,23000000,10,350000,886,14000000,3700000,26700000,3600000, Approved
277,4, Not Graduate, No,1700000,4000000,6,68000,829,0,1600000,5200000,1700000, Approved
278,0, Not Graduate, No,1500000,4900000,12,120000,651,1600000,2800000,4600000,800000, Approved
279,4, Not Graduate, No,2000000,4700000,18,460000,733,3700000,3700000,7000000,2800000, Approved
280,5, Graduate, Yes,3900000,15500000,12,546000,433,9500000,5400000,7900000,4600000, Rejected
281,1, Graduate, Yes,900000,3600000,14,243000,713,1300000,1000000,1800000,1200000, Approved
282,1, Graduate, No,6900000,22500000,18,1863000,403,800000,8400000,16900000,6300000, Rejected
283,0, Graduate, Yes,2800000,7800000,10,812000,405,7800000,2500000,7100000,3400000, Rejected
284,3, Graduate, Yes,6800000,19900000,10,1700000,516,16000000,6000000,26000000,8500000, Rejected
285,4, Not Graduate, Yes,600000,1800000,8,198000,417,1700000,700000,1800000,800000, Rejected
286,1, Not Graduate, No,4700000,14000000,6,423000,468,11300000,1800000,10600000,4600000, Rejected
287,5, Graduate, Yes,3000000,11800000,10,0,672,8700000,3600000,9800000,4100000, Approved
288,5, Not Graduate, No,4000000,13900000,6,560000,530,6000000,5600000,12500000,6000000, Rejected
289,1, Not Graduate, Yes,3100000,11300000,14,775000,824,3700000,6000000,11000000,4400000, Approved
290,1, Not Graduate, Yes,7700000,25500000,12,1771000,549,18100000,10600000,20500000,7000000, Rejected
291,5, Not Graduate, Yes,4300000,9300000,10,602000,450,2100000,6700000,10000000,4100000, Rejected
292,1, Graduate, Yes,5800000,19500000,20,1972000,431,13800000,5000000,15600000,3300000, Rejected
293,3, Graduate, Yes,3600000,10700000,16,1368000,312,2300000,1600000,13100000,5200000, Rejected
294,0, Not Graduate, Yes,2900000,7600000,8,986000,320,8000000,5600000,9600000,3100000, Rejected
295,0, Graduate, No,8800000,20200000,4,2640000,433,16000000,4200000,30500000,12400000, Rejected
296,1, Not Graduate, Yes,300000,1000000,10,57000,431,400000,500000,900000,100000, Rejected
297,5, Not Graduate, Yes,8600000,28900000,8,2838000,516,9900000,1800000,30200000,6800000, Rejected
298,2, Not Graduate, Yes,3500000,12000000,14,1260000,476,1100000,6800000,12400000,2900000, Rejected
299,5, Graduate, No,800000,2600000,6,24000,560,100000,200000,3000000,1000000, Approved
300,2, Graduate, No,8000000,27100000,12,160000,674,14400000,400000,25300000,6400000, Approved
301,0, Not Graduate, Yes,9900000,38200000,6,3168000,573,17200000,10000000,20100000,5900000, Approved
302,2, Not Graduate, No,3300000,6600000,6,528000,331,6300000,2000000,8900000,2700000, Rejected
303,4, Graduate, Yes,2000000,6700000,12,20000,633,100000,800000,4800000,2000000, Approved
304,3, Not Graduate, No,4900000,12900000,18,588000,877,1800000,7000000,17900000,3300000, Approved
305,5, Not Graduate, Yes,9200000,23600000,12,3588000,656,1400000,11200000,36400000,4900000, Approved
306,0, Not Graduate, No,7500000,18200000,6,2400000,782,7400000,12000000,19800000,4100000, Approved
307,5, Not Graduate, No,9000000,29300000,4,1800000,531,10400000,9500000,35500000,5800000, Approved
308,3, Not Graduate, No,1400000,4100000,8,252000,455,3000000,1400000,2900000,2100000, Rejected
309,3, Graduate, No,9600000,19900000,14,3360000,452,4200000,16200000,28500000,6600000, Rejected
310,2, Graduate, No,8400000,33200000,14,2016000,474,19600000,15000000,25400000,11500000, Rejected
311,3, Not Graduate, No,6400000,24400000,4,2048000,483,7800000,2400000,19100000,4500000, Approved
312,4, Graduate, No,5900000,16800000,8,531000,481,6900000,11400000,19500000,3300000, Rejected
313,2, Graduate, Yes,2200000,5100000,20,330000,859,3800000,1200000,6400000,3100000, Approved
314,4, Graduate, Yes,5600000,14100000,14,896000,696,9000000,9200000,16500000,6800000, Approved
315,4, Not Graduate, No,9800000,28700000,6,196000,778,16600000,7400000,29700000,11100000, Approved
316,4, Graduate, No,4400000,14600000,4,660000,499,1300000,6500000,16100000,5700000, Approved
317,2, Not Graduate, Yes,2400000,4900000,4,72000,888,6400000,4300000,5100000,3400000, Approved
318,1, Graduate, No,4400000,10800000,12,836000,674,9600000,2700000,17200000,5300000, Approved
319,4, Graduate, No,3700000,13200000,4,555000,802,9800000,2400000,12500000,4300000, Approved
320,4, Not Graduate, Yes,2300000,7800000,8,138000,540,1500000,3400000,4700000,2800000, Rejected
321,4, Graduate, Yes,5900000,19600000,8,1357000,726,17400000,6800000,20100000,8000000, Approved
322,4, Not Graduate, Yes,6400000,23500000,2,1408000,485,7300000,2700000,23600000,3900000, Approved
323,4, Graduate, Yes,4900000,17100000,6,1764000,612,1300000,7000000,19500000,5000000, Approved
324,3, Not Graduate, Yes,9500000,24200000,8,570000,879,3100000,17200000,26400000,12700000, Approved
325,2, Not Graduate, No,5700000,16400000,12,285000,708,3700000,800000,15000000,4400000, Approved
326,2, Not Graduate, Yes,2700000,5700000,8,756000,850,3500000,5000000,10500000,3900000, Approved
327,2, Not Graduate, Yes,3900000,11300000,12,663000,516,3100000,0,10400000,4600000, Rejected
328,0, Not Graduate, No,7800000,28800000,12,0,465,4700000,7500000,28800000,7400000, Rejected
329,0, Graduate, No,1100000,3200000,20,418000,716,1800000,1400000,3600000,1500000, Approved
330,4, Not Graduate, No,200000,600000,10,4000,404,0,100000,400000,0, Rejected
331,0, Not Graduate, Yes,4700000,10600000,20,1316000,512,8400000,4000000,12300000,7000000, Rejected
332,3, Not Graduate, Yes,8200000,20600000,10,3280000,441,16100000,11400000,29100000,6100000, Rejected
333,2, Not Graduate, Yes,4600000,18400000,2,368000,555,7700000,2400000,14200000,4200000, Approved
334,5, Not Graduate, No,1800000,7000000,18,0,466,2600000,2100000,6000000,1900000, Rejected
335,3, Graduate, Yes,3200000,8600000,2,576000,427,3900000,1800000,7100000,4700000, Rejected
336,4, Not Graduate, Yes,5500000,20000000,14,330000,593,15100000,2700000,19900000,4900000, Approved
337,3, Graduate, No,7900000,18300000,10,2923000,731,4200000,3400000,22200000,8400000, Approved
338,1, Graduate, Yes,4000000,10100000,16,640000,451,7000000,3900000,14300000,3900000, Rejected
339,3, Not Graduate, Yes,6800000,16900000,18,2108000,628,3600000,900000,15600000,4900000, Approved
340,1, Not Graduate, No,2700000,9400000,18,540000,704,5300000,2300000,6400000,2400000, Approved
341,2, Not Graduate, No,6800000,23500000,12,1496000,341,19300000,11800000,14300000,8500000, Rejected
342,5, Graduate, No,8600000,21000000,8,1376000,465,11700000,14900000,19500000,9900000, Rejected
343,4, Graduate, No,8000000,30100000,4,3120000,431,11900000,13800000,18800000,11500000, Approved
344,1, Graduate, Yes,3700000,12600000,10,370000,424,5400000,1100000,14200000,4400000, Rejected
345,0, Graduate, No,2600000,5100000,14,52000,678,500000,1200000,6000000,3100000, Approved
346,4, Graduate, No,4200000,16800000,6,168000,381,9600000,3800000,14800000,5900000, Rejected
347,5, Graduate, Yes,8000000,28000000,10,1600000,449,18500000,1500000,17400000,3900000, Rejected
348,1, Not Graduate, No,7100000,23500000,12,1775000,768,6400000,12100000,22400000,7300000, Approved
349,0, Not Graduate, No,2000000,7000000,6,180000,666,0,1200000,4300000,1400000, Rejected
350,4, Not Graduate, Yes,5800000,13300000,14,1276000,742,16100000,9300000,16300000,7000000, Approved
351,3, Not Graduate, Yes,6700000,15800000,4,2613000,445,10500000,7600000,14100000,9100000, Rejected
352,2, Graduate, No,7300000,28700000,14,2628000,634,5900000,3800000,21200000,10800000, Approved
353,4, Not Graduate, No,3300000,9700000,14,462000,782,2500000,0,10400000,2200000, Approved
354,0, Graduate, No,3000000,7000000,10,420000,781,7200000,600000,11700000,2700000, Approved
355,4, Not Graduate, No,7900000,17200000,14,1343000,318,14200000,9500000,23200000,9000000, Rejected
356,5, Not Graduate, No,7600000,24100000,18,2128000,721,21900000,11500000,22900000,7200000, Approved
357,5, Not Graduate, No,3700000,9800000,4,1221000,563,9500000,5100000,11200000,3000000, Approved
358,2, Not Graduate, No,8400000,26300000,4,2688000,419,22900000,7900000,29200000,6200000, Approved
359,0, Graduate, Yes,8200000,20800000,14,328000,372,3800000,100000,26100000,5200000, Rejected
360,0, Not Graduate, No,2900000,9500000,18,580000,885,4300000,2300000,6500000,3500000, Approved
361,1, Not Graduate, Yes,9900000,38400000,12,1485000,596,10000000,9300000,36500000,6800000, Approved
362,0, Graduate, No,4400000,14100000,2,1056000,349,3300000,1300000,8800000,6200000, Approved
363,1, Not Graduate, Yes,9000000,32200000,16,2610000,468,4500000,16400000,28600000,10900000, Rejected
364,3, Not Graduate, Yes,6800000,26900000,16,544000,818,14700000,10400000,26300000,7300000, Approved
365,2, Not Graduate, No,8700000,28000000,12,3132000,543,16900000,6000000,22900000,6700000, Rejected
366,3, Graduate, No,9400000,21900000,16,0,685,8100000,5600000,34500000,5000000, Approved
367,3, Not Graduate, Yes,6000000,12500000,18,60000,851,14600000,5000000,16800000,5000000, Approved
368,1, Not Graduate, Yes,9400000,29800000,10,846000,377,24100000,18500000,30900000,11700000, Rejected
369,0, Not Graduate, Yes,1000000,4000000,10,400000,620,2400000,1300000,3700000,1100000, Approved
370,3, Graduate, Yes,900000,2300000,20,90000,611,600000,1500000,1900000,500000, Approved
371,4, Not Graduate, No,2100000,7700000,4,483000,767,1200000,1700000,6900000,1300000, Approved
372,5, Graduate, Yes,1100000,3200000,20,198000,592,3200000,700000,3500000,500000, Approved
373,0, Graduate, Yes,600000,2300000,4,186000,319,1600000,800000,2300000,700000, Approved
374,4, Not Graduate, Yes,9200000,25500000,10,2760000,900,9400000,10500000,27400000,12800000, Approved
375,2, Not Graduate, Yes,3600000,12800000,18,252000,814,8600000,4100000,10300000,4100000, Approved
376,5, Not Graduate, Yes,1300000,5000000,10,403000,755,2100000,2200000,4800000,1900000, Approved
377,5, Graduate, Yes,7700000,16800000,20,2618000,584,8600000,4800000,23400000,8000000, Approved
378,4, Graduate, Yes,9500000,23500000,14,2660000,380,22900000,6700000,25100000,7300000, Rejected
379,2, Not Graduate, Yes,5000000,17600000,20,900000,465,6200000,5200000,16500000,5200000, Rejected
380,0, Not Graduate, No,500000,1800000,2,155000,531,1300000,500000,1900000,700000, Approved
381,1, Graduate, Yes,8300000,32100000,16,2075000,814,18500000,2700000,28900000,7500000, Approved
382,0, Graduate, No,5300000,17900000,6,477000,678,4700000,3900000,14400000,3600000, Approved
383,2, Not Graduate, Yes,9300000,29000000,12,1302000,655,7900000,6800000,29900000,4900000, Approved
384,3, Not Graduate, No,2300000,7400000,2,207000,682,6500000,2400000,7600000,2100000, Approved
385,1, Not Graduate, No,400000,1300000,6,44000,695,200000,500000,800000,100000, Approved
386,3, Not Graduate, No,3200000,10800000,4,1248000,833,2600000,1000000,8700000,2600000, Approved
387,5, Not Graduate, Yes,9400000,35300000,16,564000,302,4100000,12500000,37000000,12900000, Rejected
388,1, Graduate, No,2300000,6600000,2,759000,357,5900000,200000,6000000,2200000, Rejected
389,5, Not Graduate, No,4300000,14500000,12,344000,302,12500000,4300000,12500000,5100000, Rejected
390,0, Graduate, Yes,6200000,22400000,18,248000,873,15700000,6600000,15800000,8200000, Approved
391,0, Not Graduate, Yes,7200000,19800000,12,2592000,658,12700000,8100000,25000000,7300000, Approved
392,5, Graduate, Yes,2400000,8700000,18,72000,877,2800000,2900000,7100000,1100000, Approved
393,3, Not Graduate, No,2900000,6300000,8,29000,648,3400000,3400000,7600000,1400000, Approved
394,1, Graduate, No,1400000,5200000,12,560000,730,2900000,0,3700000,700000, Approved
395,4, Not Graduate, Yes,2200000,8200000,14,220000,737,5800000,2800000,8200000,1400000, Approved
396,2, Graduate, Yes,800000,3200000,10,112000,584,0,200000,2100000,700000, Rejected
397,0, Graduate, No,600000,1700000,2,186000,621,400000,400000,2000000,200000, Approved
398,4, Graduate, Yes,700000,2700000,16,140000,583,1100000,1200000,1400000,300000, Approved
399,2, Not Graduate, No,8400000,25900000,16,2940000,621,8600000,13400000,33500000,4200000, Approved
400,2, Not Graduate, No,7100000,21500000,16,639000,610,5800000,12100000,14200000,9300000, Approved
401,4, Graduate, No,5400000,15700000,18,108000,452,13700000,2600000,16500000,6600000, Rejected
402,5, Graduate, No,3700000,7300000,18,37000,339,9300000,100000,13900000,5300000, Rejected
403,3, Graduate, Yes,5200000,15200000,16,416000,650,1300000,5700000,13500000,4100000, Approved
404,4, Not Graduate, Yes,200000,700000,10,38000,672,200000,200000,300000,300000, Approved
405,3, Graduate, No,500000,1000000,20,110000,501,800000,800000,900000,200000, Rejected
406,2, Not Graduate, Yes,1800000,5700000,4,396000,809,1200000,1900000,6300000,2400000, Approved
407,5, Graduate, Yes,9200000,29400000,8,2024000,318,18000000,5900000,33800000,5400000, Rejected
408,4, Not Graduate, No,900000,3300000,10,360000,649,0,400000,1800000,1200000, Approved
409,3, Not Graduate, No,7500000,28300000,12,2850000,367,9200000,11300000,22700000,7000000, Rejected
410,5, Not Graduate, No,3000000,11800000,6,150000,847,8200000,2200000,7100000,2300000, Approved
411,5, Graduate, No,7100000,18900000,12,1136000,360,10700000,1100000,19800000,8500000, Rejected
412,1, Graduate, Yes,3500000,7200000,2,805000,865,4100000,3200000,11900000,4200000, Approved
413,4, Not Graduate, No,4900000,18800000,16,1862000,880,4200000,4700000,13200000,2600000, Approved
414,1, Graduate, No,4100000,8400000,20,1312000,608,1400000,8000000,10000000,4400000, Approved
415,0, Graduate, Yes,800000,2100000,6,320000,760,300000,100000,1600000,600000, Approved
416,3, Graduate, Yes,1700000,4600000,12,357000,385,1500000,1300000,5200000,1700000, Rejected
417,0, Graduate, Yes,6100000,23300000,12,1098000,478,3800000,2300000,17700000,4900000, Rejected
418,1, Graduate, Yes,2100000,7700000,16,714000,327,5000000,500000,4700000,2300000, Rejected
419,0, Graduate, No,3100000,9300000,6,217000,663,1300000,1400000,8100000,3800000, Approved
420,2, Not Graduate, Yes,1700000,3500000,20,527000,693,2200000,1400000,4800000,1700000, Approved
421,3, Graduate, No,1700000,5400000,6,442000,710,4800000,700000,5800000,1700000, Approved
422,4, Not Graduate, Yes,4000000,14500000,6,600000,711,2400000,5700000,10900000,4100000, Approved
423,5, Graduate, No,5600000,18400000,8,728000,386,11300000,6700000,11300000,5600000, Rejected
424,4, Graduate, Yes,3900000,11900000,10,273000,855,10200000,4000000,10200000,2800000, Approved
425,4, Graduate, Yes,6100000,15300000,14,61000,573,1100000,9900000,13300000,8400000, Approved
426,0, Graduate, Yes,1100000,2800000,18,341000,431,500000,300000,4300000,1400000, Rejected
427,2, Graduate, No,5500000,14800000,8,1485000,364,13000000,4500000,12600000,4500000, Rejected
428,4, Graduate, Yes,1100000,3600000,14,242000,711,2500000,500000,3600000,600000, Approved
429,4, Not Graduate, Yes,400000,900000,20,160000,771,1000000,500000,1600000,500000, Approved
430,3, Graduate, No,9200000,36400000,18,3312000,669,3100000,12700000,30900000,12300000, Approved
431,4, Not Graduate, Yes,9300000,27500000,18,3627000,338,21500000,500000,34900000,6600000, Rejected
432,1, Graduate, No,1100000,3500000,8,220000,562,2300000,1200000,3200000,500000, Approved
433,3, Not Graduate, No,5600000,18700000,2,560000,769,8000000,8200000,17300000,4800000, Approved
434,0, Graduate, Yes,6300000,21500000,8,1701000,629,600000,3400000,22000000,5200000, Approved
435,3, Graduate, No,8800000,18100000,6,3432000,699,6400000,2100000,18500000,9400000, Approved
436,0, Not Graduate, No,8400000,20800000,20,1428000,590,5100000,8900000,32100000,10800000, Approved
437,3, Graduate, Yes,1600000,5700000,4,368000,707,3300000,2700000,6200000,2300000, Approved
438,3, Not Graduate, Yes,4500000,11400000,8,1530000,391,8500000,6800000,9900000,4500000, Rejected
439,5, Not Graduate, No,6500000,18500000,4,1560000,891,13600000,3300000,23600000,7100000, Approved
440,3, Graduate, Yes,9500000,20600000,2,1140000,731,13400000,3800000,20700000,9200000, Approved
441,3, Not Graduate, No,4700000,16700000,12,564000,775,4000000,1700000,17300000,3500000, Approved
442,5, Graduate, Yes,9600000,32400000,2,192000,897,3500000,15400000,26800000,6200000, Approved
443,5, Graduate, No,8000000,26700000,20,1920000,794,8000000,14700000,29900000,7800000, Approved
444,2, Graduate, No,7700000,16700000,6,1232000,555,12900000,2900000,18100000,8500000, Approved
445,1, Not Graduate, Yes,3600000,10300000,12,72000,536,6800000,500000,12200000,2700000, Rejected
446,2, Not Graduate, No,700000,1700000,10,119000,839,100000,700000,2000000,900000, Approved
447,0, Graduate, Yes,1400000,5100000,6,70000,890,4100000,1900000,5200000,1900000, Approved
448,1, Graduate, Yes,8600000,27900000,20,3096000,415,12200000,14800000,27100000,7900000, Rejected
449,4, Graduate, No,4700000,15700000,4,1175000,868,3300000,2500000,13800000,4800000, Approved
450,3, Graduate, Yes,2900000,5800000,12,0,353,8400000,2600000,10100000,3100000, Rejected
451,4, Not Graduate, No,9000000,29000000,16,1440000,590,4600000,15600000,29200000,12300000, Approved
452,5, Graduate, Yes,500000,900000,18,105000,618,1400000,600000,1200000,400000, Approved
453,2, Not Graduate, Yes,700000,1700000,10,273000,539,1400000,1000000,1900000,900000, Rejected
454,0, Graduate, No,6800000,27000000,4,2380000,429,17100000,7600000,21400000,9400000, Approved
455,2, Graduate, No,1800000,4700000,8,702000,792,4500000,1200000,4100000,2200000, Approved
456,0, Not Graduate, No,6000000,12400000,2,60000,608,3000000,2100000,17900000,6800000, Approved
457,4, Graduate, Yes,5400000,21500000,14,1026000,555,4300000,1500000,14300000,7500000, Approved
458,5, Graduate, Yes,8400000,17500000,12,2688000,620,15300000,13600000,26000000,5800000, Approved
459,0, Graduate, No,7400000,20900000,6,0,635,15600000,14000000,21000000,7200000, Approved
460,2, Graduate, No,3200000,12500000,10,992000,457,6100000,2000000,8200000,4300000, Rejected
461,1, Graduate, Yes,5400000,21400000,8,486000,350,2600000,1000000,19700000,6800000, Rejected
462,5, Graduate, Yes,1000000,2500000,14,220000,885,2200000,100000,2300000,1100000, Approved
463,0, Graduate, No,4400000,14700000,16,836000,638,4000000,2700000,14400000,2700000, Approved
464,1, Graduate, Yes,3800000,10500000,12,1292000,710,1800000,6200000,12500000,2500000, Approved
465,3, Not Graduate, Yes,6100000,20900000,18,122000,470,500000,8500000,18000000,7500000, Rejected
466,5, Not Graduate, Yes,5500000,17300000,16,0,874,1000000,2900000,13700000,7900000, Approved
467,5, Not Graduate, Yes,500000,1800000,18,65000,411,1000000,500000,1300000,200000, Rejected
468,0, Not Graduate, Yes,300000,1100000,2,36000,482,200000,100000,1100000,400000, Approved
469,1, Graduate, Yes,6200000,16900000,2,1736000,396,10600000,7500000,23700000,7600000, Rejected
470,0, Not Graduate, No,300000,900000,20,24000,436,0,400000,600000,200000, Rejected
471,0, Not Graduate, Yes,6900000,22100000,20,69000,303,13600000,4600000,22000000,6900000, Rejected
472,4, Graduate, No,3700000,11400000,12,222000,728,4200000,5800000,7300000,2300000, Approved
473,3, Not Graduate, Yes,8800000,28600000,10,1144000,775,5200000,5000000,32000000,9600000, Approved
474,5, Graduate, Yes,8200000,23500000,12,82000,402,15100000,1500000,24300000,5800000, Rejected
475,1, Not Graduate, Yes,9200000,31500000,18,1472000,698,5300000,6100000,20400000,8300000, Approved
476,0, Not Graduate, No,2400000,7800000,14,216000,665,5200000,2900000,6200000,2900000, Approved
477,4, Not Graduate, No,4100000,13500000,18,779000,490,4700000,6200000,13900000,2000000, Rejected
478,1, Graduate, No,8000000,31900000,12,2640000,504,23800000,1500000,22100000,6000000, Rejected
479,3, Not Graduate, Yes,3600000,8600000,8,648000,790,5400000,5900000,9800000,5200000, Approved
480,1, Not Graduate, Yes,700000,2700000,20,252000,669,100000,1000000,2600000,500000, Approved
481,4, Not Graduate, No,8300000,30700000,6,2241000,381,21700000,2300000,26700000,4600000, Rejected
482,0, Graduate, Yes,5300000,15000000,2,424000,900,1700000,2100000,21000000,5800000, Approved
483,4, Graduate, No,8300000,24900000,16,1245000,506,15400000,5600000,26700000,7000000, Rejected
484,3, Not Graduate, Yes,2500000,8800000,12,450000,538,4900000,1800000,9100000,3300000, Rejected
485,3, Graduate, Yes,5400000,14400000,8,1944000,677,11000000,7900000,20800000,3100000, Approved
486,4, Graduate, No,1600000,4900000,8,160000,685,3200000,2000000,3800000,1500000, Approved
487,2, Not Graduate, No,2400000,6200000,12,120000,860,4900000,3700000,9500000,1100000, Approved
488,5, Not Graduate, No,6300000,14800000,6,63000,608,16100000,10500000,21800000,5400000, Approved
489,4, Graduate, Yes,2500000,5300000,10,700000,540,2300000,2800000,7100000,1700000, Rejected
490,0, Graduate, Yes,7500000,16800000,16,1875000,492,21500000,4800000,25400000,11100000, Rejected
491,3, Not Graduate, No,2900000,8500000,14,406000,834,1200000,4500000,8800000,1800000, Approved
492,3, Graduate, Yes,1000000,3500000,16,180000,834,800000,1700000,3000000,700000, Approved
493,2, Graduate, Yes,8600000,28800000,8,3440000,890,23300000,5900000,21200000,7200000, Approved
494,1, Not Graduate, No,300000,1100000,12,66000,443,600000,400000,1200000,200000, Rejected
495,5, Not Graduate, No,2300000,5700000,18,598000,329,5600000,3300000,4900000,2700000, Rejected
496,2, Not Graduate, Yes,2400000,5400000,12,768000,739,300000,2500000,5000000,3000000, Approved
497,5, Graduate, Yes,9800000,30300000,6,1764000,867,20800000,16000000,30200000,7600000, Approved
498,2, Not Graduate, No,8100000,24800000,6,3078000,307,200000,4000000,31100000,10500000, Rejected
499,3, Graduate, No,6700000,15500000,18,1072000,492,2100000,2000000,26300000,9400000, Rejected
500,1, Not Graduate, Yes,8400000,24700000,18,168000,698,23000000,13200000,32700000,12200000, Approved
501,2, Graduate, No,200000,700000,8,24000,851,400000,200000,800000,200000, Approved
502,2, Graduate, No,4700000,12500000,14,1410000,375,1300000,6300000,10100000,5400000, Rejected
503,0, Graduate, Yes,4300000,14300000,14,559000,601,3800000,900000,16700000,5700000, Approved
504,4, Not Graduate, No,2200000,7000000,20,572000,756,3600000,3900000,5700000,1200000, Approved
505,4, Graduate, Yes,8600000,19200000,4,3010000,868,20400000,1500000,32800000,9300000, Approved
506,4, Graduate, Yes,2000000,7200000,10,0,838,2500000,300000,7600000,1000000, Approved
507,4, Not Graduate, Yes,4200000,15900000,14,252000,375,7200000,7900000,16200000,3000000, Rejected
508,0, Not Graduate, Yes,5100000,12500000,18,1734000,778,3300000,1000000,14800000,3200000, Approved
509,2, Graduate, Yes,4100000,11200000,6,1435000,442,12200000,4100000,10000000,4500000, Rejected
510,1, Graduate, Yes,9900000,39500000,12,2277000,808,11800000,3700000,30200000,13500000, Approved
511,1, Not Graduate, Yes,3200000,9000000,20,1088000,372,2700000,2800000,7200000,3800000, Rejected
512,2, Graduate, No,5500000,19000000,4,1320000,597,1100000,4000000,18700000,5300000, Approved
513,0, Graduate, Yes,7800000,29100000,20,1170000,435,21100000,13000000,17300000,9700000, Rejected
514,3, Graduate, Yes,3400000,9700000,20,646000,728,1500000,1500000,7300000,2400000, Approved
515,4, Graduate, Yes,7900000,25900000,14,1659000,373,10900000,14300000,27700000,7600000, Rejected
516,3, Graduate, Yes,8900000,18500000,10,3471000,367,6100000,0,32000000,10300000, Rejected
517,2, Graduate, No,7300000,19100000,14,1387000,552,2000000,13400000,16800000,4000000, Approved
518,4, Not Graduate, Yes,3300000,10600000,8,1122000,465,500000,4400000,7300000,2800000, Rejected
519,4, Graduate, Yes,2900000,10500000,8,841000,607,4400000,5500000,7600000,3800000, Approved
520,2, Graduate, Yes,500000,1300000,4,95000,427,1400000,500000,1800000,600000, Rejected
521,3, Not Graduate, No,7200000,21200000,4,2088000,711,10800000,4200000,24900000,5700000, Approved
522,3, Not Graduate, No,8300000,24100000,14,2822000,823,5900000,700000,24000000,7700000, Approved
523,1, Not Graduate, Yes,8700000,20500000,6,1305000,523,19300000,6500000,23700000,4800000, Rejected
524,4, Not Graduate, Yes,7100000,27900000,10,2343000,328,9000000,13400000,26500000,7700000, Rejected
525,3, Graduate, Yes,9800000,28200000,12,294000,721,15800000,6500000,21900000,9600000, Approved
526,0, Graduate, Yes,6900000,17000000,20,2622000,599,18100000,9400000,26600000,4300000, Approved
527,0, Not Graduate, No,2400000,5000000,14,24000,580,5900000,4400000,5500000,3200000, Approved
528,1, Not Graduate, Yes,2100000,4900000,10,21000,744,200000,2000000,5400000,1000000, Approved
529,2, Graduate, Yes,7200000,23900000,4,0,559,4200000,12200000,17800000,10800000, Approved
530,2, Graduate, No,4600000,13500000,16,414000,587,7700000,5900000,10600000,5000000, Approved
531,5, Graduate, Yes,9900000,31800000,18,1188000,817,23400000,700000,32600000,11500000, Approved
532,4, Not Graduate, Yes,300000,1000000,20,12000,655,0,100000,1100000,400000, Approved
533,5, Graduate, Yes,6900000,23900000,6,1794000,382,17100000,6900000,21500000,8900000, Rejected
534,2, Graduate, Yes,1700000,4300000,6,187000,765,5000000,1500000,3400000,900000, Approved
535,2, Graduate, Yes,4400000,10000000,20,1672000,516,7400000,7600000,12200000,5100000, Rejected
536,4, Not Graduate, Yes,4300000,15000000,8,1634000,383,4700000,100000,9000000,4900000, Rejected
537,2, Not Graduate, No,3700000,14100000,6,1406000,633,800000,200000,11300000,3400000, Approved
538,1, Graduate, No,5900000,15200000,2,1121000,547,17100000,2000000,14700000,3600000, Rejected
539,5, Not Graduate, Yes,8600000,26300000,10,516000,843,23300000,9800000,18100000,11300000, Approved
540,3, Not Graduate, Yes,3400000,13200000,8,1258000,783,6500000,300000,13000000,4900000, Approved
541,3, Not Graduate, Yes,1000000,3200000,14,70000,790,1900000,100000,3600000,1100000, Approved
542,1, Not Graduate, Yes,4400000,14200000,16,1232000,409,12700000,1300000,12600000,4500000, Rejected
543,0, Not Graduate, No,3600000,7800000,14,540000,376,9800000,6900000,11900000,3000000, Rejected
544,3, Not Graduate, No,1400000,2700000,8,266000,625,3100000,1800000,3400000,1000000, Approved
545,0, Not Graduate, No,5300000,10900000,18,477000,707,12900000,2600000,12700000,7600000, Approved
546,3, Graduate, Yes,9400000,20500000,6,3666000,645,17400000,13000000,24500000,10200000, Approved
547,4, Not Graduate, Yes,6600000,22100000,6,1782000,887,3600000,3500000,19800000,4700000, Approved
548,5, Graduate, No,9800000,37600000,18,1764000,319,19200000,5100000,19900000,5100000, Rejected
549,1, Not Graduate, No,1900000,4900000,20,399000,647,4100000,2100000,6800000,1700000, Approved
550,2, Not Graduate, Yes,5800000,22500000,6,928000,888,11900000,2600000,17100000,4800000, Approved
551,2, Not Graduate, No,3100000,10400000,10,806000,420,6900000,5900000,10000000,3500000, Rejected
552,0, Graduate, No,6800000,18400000,2,1972000,791,4000000,900000,20200000,9900000, Approved
553,5, Not Graduate, No,4600000,16200000,12,1334000,891,5900000,1200000,10800000,3700000, Approved
554,2, Not Graduate, Yes,200000,700000,16,30000,641,600000,200000,600000,100000, Approved
555,3, Not Graduate, Yes,9500000,22800000,6,1425000,319,200000,18800000,34100000,9400000, Rejected
556,5, Not Graduate, Yes,6200000,22200000,20,1736000,819,13500000,6600000,21700000,8700000, Approved
557,4, Not Graduate, Yes,9700000,32300000,18,3201000,387,11600000,14300000,20000000,5400000, Rejected
558,5, Graduate, Yes,4200000,12300000,2,84000,686,10500000,200000,15600000,4200000, Approved
559,1, Graduate, Yes,5700000,12000000,4,2109000,415,15700000,900000,17300000,7400000, Rejected
560,2, Graduate, Yes,200000,500000,6,68000,885,-100000,0,300000,200000, Rejected
561,4, Graduate, No,8000000,25500000,4,2000000,722,17200000,13900000,26200000,4900000, Approved
562,4, Graduate, No,5200000,20400000,20,416000,761,4700000,1600000,14300000,6200000, Approved
563,1, Graduate, Yes,7100000,15200000,8,1491000,389,5900000,900000,24300000,5900000, Rejected
564,1, Graduate, Yes,9300000,27900000,12,1395000,600,2100000,4200000,29000000,6600000, Approved
565,5, Graduate, No,2000000,6100000,2,140000,407,1900000,1900000,4600000,2000000, Approved
566,3, Graduate, Yes,3900000,14000000,18,468000,829,5200000,4000000,11600000,2700000, Approved
567,2, Not Graduate, No,2800000,5900000,6,784000,895,1000000,3900000,10900000,1500000, Approved
568,5, Graduate, Yes,3000000,11100000,12,690000,441,8500000,2500000,7300000,2000000, Rejected
569,4, Not Graduate, No,4500000,9800000,16,1575000,895,9800000,8200000,13900000,5500000, Approved
570,4, Graduate, No,1900000,4300000,4,380000,826,2400000,0,7000000,900000, Approved
571,1, Graduate, No,2300000,7200000,8,276000,453,3000000,2100000,8100000,3400000, Rejected
572,0, Graduate, No,4700000,17500000,2,1692000,701,5400000,2300000,11700000,7000000, Approved
573,2, Not Graduate, Yes,1300000,2700000,8,0,627,100000,300000,2600000,1300000, Approved
574,3, Graduate, No,3100000,11000000,2,1116000,543,5900000,2200000,9000000,2400000, Approved
575,0, Graduate, No,8400000,17500000,18,2688000,411,13200000,5300000,31300000,10400000, Rejected
576,5, Graduate, Yes,1700000,5800000,4,0,583,2000000,1800000,6000000,2300000, Approved
577,2, Not Graduate, No,1900000,7500000,2,741000,889,600000,1100000,7100000,2600000, Approved
578,3, Not Graduate, No,2400000,8600000,8,864000,684,3400000,2400000,6200000,1600000, Approved
579,5, Graduate, No,6800000,20500000,10,2380000,578,500000,11800000,27200000,3400000, Approved
580,1, Graduate, No,2900000,10900000,20,319000,445,6600000,2800000,9300000,2600000, Rejected
581,4, Graduate, Yes,8900000,26300000,10,1780000,369,23900000,7000000,27400000,12100000, Rejected
582,1, Not Graduate, No,8800000,22200000,18,1584000,794,8400000,11900000,21000000,10500000, Approved
583,0, Graduate, Yes,8200000,19200000,16,2706000,492,16500000,9200000,20000000,7200000, Rejected
584,3, Not Graduate, Yes,3600000,13200000,16,756000,557,9800000,4000000,9900000,2100000, Approved
585,4, Graduate, Yes,9500000,31800000,6,3705000,519,5900000,1300000,28400000,12200000, Rejected
586,0, Not Graduate, Yes,1900000,5700000,18,190000,699,5500000,200000,6500000,2000000, Approved
587,3, Not Graduate, Yes,9100000,24600000,2,3185000,741,8000000,4000000,35500000,13600000, Approved
588,5, Graduate, No,1100000,3800000,18,110000,508,200000,1800000,2300000,900000, Rejected
589,5, Not Graduate, Yes,1100000,2800000,10,363000,647,2700000,2000000,4300000,1400000, Approved
590,1, Graduate, No,9300000,28600000,14,2325000,656,17300000,9100000,27400000,12500000, Approved
591,4, Graduate, Yes,3900000,10600000,2,273000,439,300000,7600000,14800000,2500000, Rejected
592,5, Not Graduate, Yes,1500000,4000000,12,255000,350,2900000,1900000,4400000,1200000, Rejected
593,5, Graduate, No,800000,2200000,6,112000,493,900000,500000,2800000,1000000, Rejected
594,4, Graduate, No,600000,1800000,6,180000,851,100000,1100000,2100000,800000, Approved
595,2, Graduate, No,4400000,12500000,18,1452000,492,7900000,1200000,10100000,2700000, Rejected
596,4, Graduate, Yes,2700000,5400000,6,972000,861,6300000,2400000,6700000,2700000, Approved
597,3, Not Graduate, Yes,6200000,14600000,2,1860000,664,18300000,8400000,16800000,6600000, Approved
598,5, Graduate, Yes,700000,1300000,16,42000,362,2100000,1300000,2000000,1000000, Rejected
599,0, Graduate, No,3400000,9400000,6,748000,703,600000,6000000,8600000,2600000, Approved
600,1, Not Graduate, Yes,4900000,16800000,12,1078000,758,1700000,2700000,11100000,5900000, Approved
601,3, Not Graduate, Yes,4200000,9700000,2,882000,396,700000,8200000,8600000,4300000, Rejected
602,0, Graduate, Yes,5300000,10600000,2,1855000,828,8100000,6700000,17400000,5800000, Approved
603,5, Graduate, Yes,3700000,10000000,20,777000,709,8000000,800000,12000000,2200000, Approved
604,4, Not Graduate, Yes,5600000,17500000,10,840000,528,14200000,2300000,12100000,7200000, Rejected
605,2, Graduate, Yes,4300000,16000000,14,946000,623,9800000,6700000,17000000,4500000, Approved
606,4, Not Graduate, Yes,7100000,24500000,14,1633000,599,9100000,7000000,20400000,6800000, Approved
607,4, Graduate, Yes,5400000,12700000,4,540000,622,11000000,3300000,15100000,6500000, Approved
608,0, Not Graduate, No,6000000,13100000,6,1500000,385,16600000,7600000,22000000,7400000, Rejected
609,4, Graduate, Yes,4100000,12500000,2,1066000,579,10900000,7200000,12200000,2000000, Approved
610,4, Not Graduate, No,8300000,17900000,20,166000,846,12700000,1300000,26800000,12200000, Approved
611,3, Graduate, No,8100000,23900000,10,2025000,449,7100000,6100000,28300000,8900000, Rejected
612,1, Not Graduate, No,7200000,24900000,14,1944000,666,3600000,11600000,16600000,5800000, Approved
613,5, Graduate, No,7200000,17500000,4,2160000,380,2300000,400000,17500000,6200000, Rejected
614,2, Graduate, Yes,3500000,8100000,4,315000,589,3800000,6700000,12500000,2700000, Approved
615,1, Graduate, No,6200000,19500000,12,372000,845,9100000,2900000,15300000,4000000, Approved
616,3, Not Graduate, No,5200000,17300000,10,728000,401,2600000,1400000,12700000,6400000, Rejected
617,0, Not Graduate, No,4500000,14500000,2,1215000,766,6100000,8400000,17200000,6600000, Approved
618,5, Not Graduate, No,5400000,15100000,12,54000,522,5200000,4700000,13900000,5700000, Rejected
619,3, Not Graduate, Yes,2000000,6900000,6,100000,834,2200000,2800000,6400000,3000000, Approved
620,3, Graduate, No,8900000,25400000,8,1869000,588,19400000,12100000,18800000,4500000, Approved
621,2, Graduate, No,5000000,10600000,4,950000,570,11900000,900000,14800000,7100000, Approved
622,2, Graduate, No,4900000,17600000,6,833000,860,13600000,7500000,12700000,5600000, Approved
623,4, Graduate, Yes,5300000,19200000,4,1113000,655,14200000,6900000,17800000,3900000, Approved
624,3, Not Graduate, Yes,8500000,27700000,4,2975000,457,3600000,400000,18900000,5200000, Approved
625,5, Graduate, Yes,700000,2100000,14,63000,863,100000,1200000,2700000,600000, Approved
626,3, Not Graduate, Yes,5900000,18900000,4,295000,742,10800000,4500000,23200000,8000000, Approved
627,3, Graduate, No,3500000,13300000,4,490000,798,7400000,5300000,12100000,3600000, Approved
628,5, Not Graduate, Yes,7700000,18900000,16,385000,552,15600000,6100000,23900000,6600000, Approved
629,2, Not Graduate, Yes,4500000,12500000,12,1170000,418,400000,4300000,12400000,4300000, Rejected
630,0, Graduate, No,9100000,22200000,6,3640000,419,7400000,600000,18200000,9800000, Rejected
631,1, Not Graduate, Yes,9000000,29900000,2,1800000,668,22100000,7200000,24400000,4700000, Approved
632,2, Not Graduate, No,8900000,29200000,8,1869000,608,10800000,5200000,33500000,11700000, Approved
633,5, Not Graduate, No,6500000,13800000,10,1170000,342,15300000,2300000,14400000,7300000, Rejected
634,4, Not Graduate, Yes,8100000,18000000,8,729000,817,1400000,7800000,16900000,10800000, Approved
635,1, Not Graduate, No,8400000,29900000,16,1680000,476,16100000,2400000,32700000,7500000, Rejected
636,0, Not Graduate, No,5300000,20000000,6,1378000,881,15900000,3700000,19500000,4000000, Approved
637,2, Graduate, No,4100000,15600000,12,943000,838,5500000,4800000,15100000,2700000, Approved
638,3, Not Graduate, No,6900000,27400000,4,345000,406,10200000,6500000,23900000,5300000, Approved
639,1, Graduate, Yes,5200000,19500000,12,1976000,778,5200000,4300000,19900000,5800000, Approved
640,5, Not Graduate, Yes,2000000,7400000,14,660000,799,3600000,3700000,4300000,1100000, Approved
641,3, Graduate, No,4600000,17800000,20,598000,716,12600000,2600000,10800000,4500000, Approved
642,0, Graduate, Yes,7100000,20100000,16,426000,756,8000000,5000000,17600000,5400000, Approved
643,0, Not Graduate, No,9300000,20100000,10,1767000,743,4800000,1800000,21900000,13600000, Approved
644,3, Not Graduate, No,5400000,19400000,20,810000,731,13800000,3200000,20000000,4300000, Approved
645,3, Not Graduate, No,4100000,8500000,2,984000,833,12000000,0,16200000,3400000, Approved
646,4, Not Graduate, No,4900000,11400000,8,980000,470,12000000,7500000,14700000,4800000, Rejected
647,5, Graduate, Yes,5400000,21200000,20,1836000,734,7300000,1800000,11500000,7500000, Approved
648,0, Graduate, No,3000000,9600000,12,660000,620,7900000,0,8600000,3600000, Approved
649,0, Not Graduate, Yes,6800000,14400000,8,1632000,812,15200000,4500000,21100000,6400000, Approved
650,4, Graduate, Yes,5100000,14000000,12,1887000,459,9800000,0,10400000,6800000, Rejected
651,0, Graduate, Yes,9800000,32600000,10,1666000,704,7000000,12100000,30000000,4900000, Approved
652,1, Graduate, Yes,1600000,4100000,6,64000,391,4300000,1400000,5700000,700000, Rejected
653,4, Graduate, No,8000000,29100000,4,1040000,421,3100000,12000000,27000000,8800000, Approved
654,5, Graduate, No,2900000,6700000,14,232000,796,3800000,3700000,9700000,4200000, Approved
655,4, Graduate, No,9200000,30300000,10,736000,607,24000000,16600000,29600000,8900000, Approved
656,3, Not Graduate, No,9500000,20400000,14,1805000,376,2300000,6600000,25900000,8400000, Rejected
657,0, Graduate, Yes,3700000,8500000,8,1221000,424,1900000,5600000,14800000,4100000, Rejected
658,5, Graduate, Yes,7100000,20800000,6,1065000,442,2900000,7100000,28200000,7100000, Rejected
659,5, Not Graduate, No,5600000,17600000,14,1064000,448,6700000,3500000,18900000,6800000, Rejected
660,0, Graduate, Yes,1200000,2700000,2,468000,638,1500000,500000,2700000,1500000, Approved
661,3, Not Graduate, No,1600000,5600000,6,560000,710,3100000,800000,6000000,1600000, Approved
662,4, Not Graduate, Yes,1600000,4800000,20,400000,641,4200000,1000000,4100000,1400000, Approved
663,2, Not Graduate, No,5300000,20200000,10,795000,348,9200000,9500000,17300000,6100000, Rejected
664,5, Not Graduate, No,9100000,19900000,20,728000,519,9300000,16400000,28900000,10500000, Rejected
665,4, Not Graduate, Yes,9400000,35000000,10,752000,517,10700000,15100000,27500000,6700000, Rejected
666,3, Not Graduate, No,5900000,22400000,6,413000,375,6500000,10500000,18100000,4800000, Rejected
667,2, Graduate, Yes,1100000,3400000,10,341000,426,300000,800000,3900000,1400000, Rejected
668,4, Graduate, Yes,3100000,11500000,14,496000,785,3200000,3100000,9100000,4200000, Approved
669,4, Not Graduate, No,2200000,8600000,20,704000,373,4100000,1300000,5900000,1400000, Rejected
670,1, Graduate, No,6000000,20100000,6,1260000,476,13900000,10000000,15200000,5500000, Rejected
671,1, Graduate, Yes,2000000,5600000,18,680000,320,2400000,2300000,4600000,2100000, Rejected
672,4, Graduate, No,7200000,22900000,18,216000,657,14600000,400000,17400000,8800000, Approved
673,1, Not Graduate, Yes,500000,1900000,12,50000,868,200000,500000,1800000,300000, Approved
674,1, Not Graduate, Yes,5800000,13900000,6,2030000,345,4000000,9300000,20900000,5500000, Rejected
675,0, Not Graduate, No,200000,300000,6,56000,472,400000,100000,700000,0, Rejected
676,4, Not Graduate, Yes,4600000,9500000,20,1058000,613,5200000,5900000,13700000,3000000, Approved
677,5, Not Graduate, Yes,4600000,12800000,14,1840000,769,13100000,8600000,12100000,3500000, Approved
678,1, Graduate, No,6500000,23100000,20,585000,741,11400000,8500000,25700000,7900000, Approved
679,4, Not Graduate, Yes,4400000,16600000,14,1100000,889,800000,1400000,14900000,5900000, Approved
680,0, Not Graduate, Yes,900000,3600000,10,333000,683,1400000,700000,3500000,400000, Approved
681,0, Not Graduate, Yes,3200000,7400000,18,192000,780,4200000,2600000,9000000,2800000, Approved
682,3, Graduate, No,600000,1100000,8,210000,538,500000,800000,1400000,300000, Rejected
683,1, Not Graduate, No,5200000,12600000,10,1352000,721,1100000,8700000,13900000,3600000, Approved
684,3, Not Graduate, Yes,6400000,15200000,14,2304000,467,15500000,9100000,18400000,3200000, Rejected
685,2, Not Graduate, No,1000000,2500000,6,210000,551,1700000,200000,3700000,900000, Approved
686,2, Not Graduate, No,6800000,14800000,14,2584000,803,11300000,3300000,19600000,6600000, Approved
687,0, Graduate, No,3000000,8400000,10,780000,361,7700000,200000,7300000,1800000, Rejected
688,1, Not Graduate, Yes,8700000,30700000,6,0,708,20600000,4500000,27600000,9300000, Approved
689,4, Graduate, Yes,8800000,20900000,18,2376000,766,13500000,15400000,34500000,13100000, Approved
690,1, Not Graduate, Yes,3900000,11500000,2,1014000,464,9300000,5700000,12400000,5100000, Rejected
691,5, Graduate, No,1700000,4300000,2,510000,517,100000,200000,6200000,1600000, Rejected
692,3, Not Graduate, Yes,900000,2300000,6,171000,747,1200000,200000,2900000,600000, Approved
693,1, Not Graduate, No,7200000,24700000,6,288000,596,8800000,1400000,21700000,5800000, Approved
694,0, Graduate, No,9200000,25400000,2,1196000,783,25400000,2000000,19600000,12400000, Approved
695,3, Not Graduate, No,5700000,19400000,2,1368000,335,7400000,10600000,20600000,7100000, Approved
696,5, Not Graduate, Yes,1100000,2700000,4,330000,889,1900000,1000000,2200000,500000, Approved
697,2, Not Graduate, Yes,1100000,2200000,4,242000,874,1900000,1300000,2100000,900000, Approved
698,0, Graduate, Yes,6000000,23900000,4,2280000,394,6700000,5800000,21900000,4500000, Approved
699,2, Graduate, Yes,8100000,28500000,20,2025000,420,1500000,1400000,31800000,10000000, Rejected
700,2, Not Graduate, Yes,6500000,25100000,20,650000,848,11500000,8600000,17400000,4400000, Approved
701,0, Graduate, Yes,7600000,17900000,16,1748000,788,1700000,7800000,27100000,5900000, Approved
702,1, Graduate, No,2200000,4900000,8,132000,509,3800000,0,5400000,2900000, Rejected
703,4, Graduate, Yes,6300000,23900000,6,1008000,899,-100000,11400000,20600000,6700000, Approved
704,4, Not Graduate, Yes,6700000,15800000,12,2546000,466,7500000,4600000,19900000,6600000, Rejected
705,5, Graduate, Yes,1300000,4300000,2,247000,595,1300000,500000,2900000,1500000, Approved
706,1, Not Graduate, No,2800000,6700000,12,224000,322,1900000,2000000,8600000,2100000, Rejected
707,3, Graduate, No,7000000,18900000,2,2730000,691,6300000,7400000,15200000,3900000, Approved
708,3, Not Graduate, Yes,8800000,26700000,10,0,379,10100000,15500000,27000000,9700000, Rejected
709,0, Graduate, No,8900000,25800000,18,979000,531,12400000,3400000,22900000,5400000, Rejected
710,5, Not Graduate, No,7000000,21800000,4,2030000,631,8100000,7100000,14600000,10000000, Approved
711,0, Graduate, Yes,6900000,18600000,10,2139000,330,19600000,9400000,16400000,4500000, Rejected
712,5, Graduate, No,9200000,29200000,16,2116000,383,17700000,13300000,30400000,5700000, Rejected
713,0, Graduate, Yes,6100000,19700000,16,2013000,678,13700000,2300000,19300000,5500000, Approved
714,1, Graduate, Yes,4400000,14700000,8,1540000,894,11400000,6300000,9400000,2400000, Approved
715,4, Not Graduate, No,9900000,22700000,12,396000,567,28300000,9900000,29700000,5400000, Approved
716,5, Not Graduate, No,3900000,14000000,4,1560000,708,700000,1800000,15600000,5200000, Approved
717,3, Graduate, No,6800000,21200000,2,1836000,433,10700000,1900000,23200000,6300000, Approved
718,4, Not Graduate, No,3600000,8700000,14,936000,302,6400000,3700000,7800000,4100000, Rejected
719,4, Graduate, No,700000,2600000,14,140000,736,2100000,600000,1900000,400000, Approved
720,2, Not Graduate, Yes,4000000,8500000,6,680000,323,11200000,1000000,14300000,4100000, Rejected
721,4, Graduate, No,1800000,4100000,12,594000,670,1900000,2900000,4700000,2200000, Approved
722,3, Not Graduate, No,5600000,21000000,12,952000,609,8800000,11000000,15800000,4900000, Approved
723,4, Not Graduate, No,6800000,24200000,18,2448000,349,18800000,0,15800000,9400000, Rejected
724,5, Not Graduate, Yes,600000,1500000,2,12000,319,100000,1100000,2100000,600000, Rejected
725,1, Not Graduate, No,4200000,16200000,14,42000,391,5800000,2100000,14100000,2600000, Rejected
726,4, Not Graduate, No,5000000,18700000,10,900000,755,3600000,600000,13000000,2600000, Approved
727,1, Not Graduate, No,4100000,12200000,6,1025000,354,7300000,5600000,16300000,3500000, Rejected
728,3, Not Graduate, Yes,2200000,8800000,2,528000,877,5000000,1300000,6400000,3100000, Approved
729,1, Not Graduate, No,3400000,8600000,16,136000,312,6400000,6100000,8400000,3000000, Rejected
730,0, Graduate, No,7100000,15900000,14,1065000,746,9500000,3900000,23500000,8000000, Approved
731,3, Graduate, No,5800000,19600000,16,1044000,313,11100000,8100000,22700000,6300000, Rejected
732,2, Graduate, No,3400000,12900000,14,34000,857,3400000,2500000,8700000,1900000, Approved
733,2, Not Graduate, No,7700000,18300000,20,2926000,504,14600000,500000,18300000,4600000, Rejected
734,0, Graduate, No,500000,1200000,14,40000,556,900000,0,1800000,500000, Approved
735,2, Graduate, Yes,5300000,11000000,14,1696000,393,6800000,2400000,20500000,5200000, Rejected
736,0, Graduate, No,4700000,14400000,14,1739000,881,11000000,6100000,17600000,2400000, Approved
737,2, Graduate, Yes,4300000,12200000,14,258000,719,5100000,2600000,14000000,5700000, Approved
738,2, Graduate, Yes,900000,2500000,16,126000,458,-100000,100000,3200000,1100000, Rejected
739,4, Graduate, No,2000000,7500000,14,220000,857,4300000,1500000,4200000,2100000, Approved
740,2, Graduate, Yes,2000000,7600000,16,520000,429,5300000,3100000,5800000,2200000, Rejected
741,3, Not Graduate, No,4100000,15900000,12,820000,538,3900000,800000,8800000,5700000, Rejected
742,1, Not Graduate, No,6900000,14400000,10,1656000,828,4600000,13000000,26700000,9000000, Approved
743,5, Graduate, Yes,2300000,6100000,6,874000,339,5100000,2500000,8300000,2400000, Rejected
744,5, Graduate, Yes,5800000,16600000,18,1682000,376,2500000,7500000,21100000,2800000, Rejected
745,5, Not Graduate, No,8000000,30000000,14,2080000,549,14800000,200000,17300000,7000000, Rejected
746,3, Not Graduate, Yes,3700000,12700000,18,1258000,587,11000000,3100000,8800000,4100000, Approved
747,0, Not Graduate, No,2600000,8400000,18,52000,861,0,3500000,6200000,3800000, Approved
748,0, Not Graduate, No,3000000,7000000,12,540000,409,6400000,4900000,8000000,3500000, Rejected
749,4, Graduate, No,2700000,10200000,4,108000,528,7800000,2200000,10000000,1600000, Approved
750,4, Not Graduate, No,5700000,19600000,8,1596000,691,8800000,2200000,12100000,3000000, Approved
751,2, Graduate, No,1500000,3600000,4,435000,584,3900000,1300000,4800000,1700000, Approved
752,5, Not Graduate, No,6800000,20000000,4,1360000,459,14500000,3000000,25000000,4900000, Rejected
753,1, Graduate, Yes,8100000,31700000,10,3078000,755,0,12700000,30100000,4700000, Approved
754,3, Not Graduate, Yes,9200000,27700000,20,0,688,4800000,16300000,25800000,11200000, Approved
755,1, Not Graduate, Yes,7600000,26000000,6,1900000,384,2600000,1200000,20000000,7900000, Rejected
756,4, Graduate, No,600000,1600000,20,42000,869,1400000,1000000,1700000,200000, Approved
757,1, Not Graduate, Yes,4700000,18700000,20,1645000,445,2100000,0,11100000,4000000, Rejected
758,0, Graduate, No,1400000,5500000,6,84000,393,500000,1500000,5400000,1800000, Rejected
759,3, Graduate, Yes,9400000,24600000,10,2726000,414,8800000,13400000,23800000,5600000, Rejected
760,2, Graduate, No,9700000,19900000,16,2328000,395,2800000,13700000,37000000,10800000, Rejected
761,3, Not Graduate, Yes,8900000,21000000,14,712000,815,200000,10800000,21600000,6400000, Approved
762,5, Graduate, No,4600000,10500000,8,1518000,758,3900000,4300000,15800000,2900000, Approved
763,5, Not Graduate, Yes,5600000,14500000,10,1736000,457,6900000,7800000,20600000,4600000, Rejected
764,0, Graduate, Yes,1000000,3200000,10,260000,854,2600000,800000,2900000,1200000, Approved
765,3, Graduate, No,3500000,10300000,16,385000,324,2400000,900000,12600000,2400000, Rejected
766,0, Not Graduate, No,7900000,31500000,14,3160000,849,19400000,10300000,26600000,10600000, Approved
767,3, Graduate, Yes,6100000,24200000,12,2196000,672,300000,11100000,23500000,5000000, Approved
768,3, Not Graduate, Yes,8900000,20900000,6,3204000,859,9600000,16500000,29300000,11100000, Approved
769,4, Graduate, No,5300000,15400000,8,795000,584,5100000,1700000,14000000,5000000, Approved
770,5, Not Graduate, No,1300000,4800000,4,65000,346,3200000,1600000,3400000,1600000, Approved
771,3, Graduate, No,4000000,12800000,18,160000,635,6000000,7000000,12900000,4200000, Approved
772,2, Not Graduate, No,8700000,22700000,4,2262000,365,8200000,14800000,30200000,7200000, Rejected
773,1, Not Graduate, No,9500000,20000000,16,285000,856,24900000,0,35700000,6200000, Approved
774,5, Graduate, Yes,9000000,20000000,2,3420000,440,17100000,1000000,28500000,7600000, Rejected
775,0, Graduate, Yes,7300000,23300000,2,1460000,616,15700000,5900000,25800000,4100000, Approved
776,3, Graduate, Yes,7400000,25700000,2,222000,461,5700000,2900000,15100000,5100000, Approved
777,5, Not Graduate, No,3100000,10800000,10,837000,681,5100000,1700000,7400000,1500000, Approved
778,2, Graduate, No,4300000,9400000,2,1247000,485,11000000,8100000,11000000,2200000, Rejected
779,1, Graduate, Yes,2400000,8300000,6,408000,684,5500000,3500000,5300000,2300000, Approved
780,1, Graduate, No,5400000,17900000,14,972000,727,13100000,0,12300000,4700000, Approved
781,2, Not Graduate, No,1600000,5100000,6,224000,784,1400000,2400000,4500000,1400000, Approved
782,3, Not Graduate, Yes,9900000,20400000,4,2277000,865,26300000,3600000,36500000,12800000, Approved
783,3, Not Graduate, No,5800000,20100000,18,1740000,791,1400000,10800000,16300000,5600000, Approved
784,4, Not Graduate, No,2200000,8500000,16,88000,866,4000000,1900000,6800000,2800000, Approved
785,0, Graduate, No,5000000,14400000,2,1550000,761,-100000,7300000,12600000,4500000, Approved
786,2, Not Graduate, Yes,600000,2100000,18,228000,572,400000,500000,1400000,300000, Approved
787,4, Graduate, No,2200000,8600000,6,88000,601,2700000,2900000,6700000,3300000, Approved
788,1, Graduate, Yes,2600000,5500000,14,52000,820,2700000,2400000,9300000,2000000, Approved
789,4, Not Graduate, No,1200000,4300000,8,288000,598,1600000,1800000,3200000,1300000, Approved
790,2, Graduate, No,3100000,8700000,18,930000,544,5300000,1100000,12200000,1500000, Rejected
791,5, Not Graduate, Yes,4600000,14500000,14,460000,561,2300000,6200000,10200000,5800000, Approved
792,4, Graduate, Yes,9300000,35500000,6,837000,547,2800000,17800000,27000000,13900000, Rejected
793,4, Graduate, No,6300000,13400000,2,567000,504,10500000,10900000,14500000,9400000, Rejected
794,2, Not Graduate, No,5900000,20800000,14,708000,530,7100000,5800000,13100000,8800000, Rejected
795,2, Graduate, Yes,2900000,10600000,6,232000,614,1000000,300000,7600000,3600000, Approved
796,4, Not Graduate, No,6100000,22400000,18,1403000,351,11800000,5000000,24400000,4800000, Rejected
797,4, Graduate, Yes,5900000,19700000,10,2065000,431,3300000,9200000,22700000,5300000, Rejected
798,1, Not Graduate, Yes,4600000,18400000,10,138000,403,200000,8800000,17300000,2900000, Rejected
799,2, Not Graduate, No,7000000,20200000,8,2100000,668,16600000,5000000,26100000,9100000, Approved
800,3, Not Graduate, Yes,5100000,10400000,18,510000,399,8000000,4300000,20100000,4600000, Rejected
801,1, Graduate, No,3100000,10600000,14,62000,665,6200000,800000,9500000,3900000, Approved
802,2, Graduate, No,4100000,12800000,16,1189000,344,10300000,7000000,15800000,4100000, Rejected
803,0, Graduate, No,1800000,5400000,16,234000,555,3900000,2900000,5100000,1700000, Approved
804,4, Not Graduate, Yes,8200000,26900000,20,656000,301,23800000,13600000,31000000,9900000, Rejected
805,2, Not Graduate, Yes,800000,2100000,6,0,726,2000000,0,2600000,600000, Approved
806,2, Graduate, No,8400000,23100000,6,420000,689,5700000,2500000,18900000,11900000, Approved
807,0, Not Graduate, No,8500000,33900000,4,2975000,665,8500000,12800000,17900000,4500000, Approved
808,3, Not Graduate, Yes,3300000,12700000,16,627000,608,3600000,6200000,12600000,4500000, Approved
809,3, Not Graduate, No,5800000,12800000,20,2320000,335,4400000,3000000,15300000,8000000, Rejected
810,3, Not Graduate, No,4400000,10500000,18,1364000,677,100000,2000000,12100000,5000000, Approved
811,1, Not Graduate, No,2600000,8500000,2,260000,491,1700000,1800000,5300000,2600000, Approved
812,2, Not Graduate, Yes,9600000,28100000,20,768000,763,23000000,11800000,27500000,10300000, Approved
813,5, Not Graduate, Yes,5200000,18100000,8,1976000,809,2400000,6900000,14000000,5500000, Approved
814,5, Not Graduate, Yes,9700000,36400000,16,388000,544,3500000,15000000,31300000,5200000, Rejected
815,1, Graduate, Yes,200000,800000,14,42000,624,600000,0,600000,0, Approved
816,3, Graduate, No,6500000,16800000,10,390000,388,9500000,800000,14900000,7200000, Rejected
817,4, Graduate, Yes,7200000,23100000,14,1656000,644,13300000,3500000,18300000,4200000, Approved
818,0, Not Graduate, No,5200000,18400000,14,468000,600,7300000,9700000,16500000,3600000, Approved
819,2, Not Graduate, No,6500000,14100000,2,1690000,709,1000000,12700000,20900000,4000000, Approved
820,5, Graduate, Yes,2300000,5600000,8,736000,642,2600000,1900000,8600000,2500000, Approved
821,0, Not Graduate, Yes,3300000,10400000,4,231000,423,7400000,4700000,11600000,3200000, Approved
822,0, Not Graduate, Yes,2000000,5900000,12,40000,900,3800000,2400000,7100000,3000000, Approved
823,2, Graduate, Yes,8300000,19500000,4,1411000,415,2300000,9400000,21700000,8600000, Rejected
824,4, Graduate, Yes,3800000,14300000,4,1026000,645,1300000,1100000,10900000,4600000, Approved
825,0, Not Graduate, No,5700000,15600000,16,969000,742,700000,5800000,11400000,6800000, Approved
826,4, Not Graduate, No,7300000,19800000,8,2774000,724,5500000,6000000,29000000,10300000, Approved
827,1, Graduate, No,1600000,5400000,12,432000,707,600000,1700000,6200000,800000, Approved
828,5, Not Graduate, Yes,800000,2500000,4,216000,780,500000,900000,1700000,400000, Approved
829,4, Not Graduate, No,6300000,21900000,10,567000,538,9600000,5400000,19300000,7800000, Rejected
830,2, Graduate, No,8800000,17700000,14,792000,706,22900000,4300000,30300000,9200000, Approved
831,0, Graduate, No,7300000,14500000,16,1679000,811,1000000,12400000,16100000,9600000, Approved
832,2, Graduate, Yes,3800000,9100000,14,456000,849,6300000,2400000,9500000,2500000, Approved
833,3, Graduate, No,6200000,16700000,10,682000,880,15800000,8200000,20100000,9100000, Approved
834,5, Not Graduate, Yes,3500000,9500000,4,1225000,664,9500000,500000,7800000,5200000, Approved
835,5, Graduate, Yes,1400000,5000000,2,252000,465,0,2600000,5300000,1500000, Approved
836,3, Not Graduate, Yes,3500000,12000000,2,105000,786,600000,6400000,10700000,1700000, Approved
837,1, Graduate, Yes,600000,2000000,10,42000,326,400000,1000000,2400000,700000, Rejected
838,0, Not Graduate, No,4100000,10800000,16,984000,399,5900000,7600000,12700000,5300000, Rejected
839,2, Not Graduate, Yes,5400000,11500000,6,1566000,841,6800000,100000,11100000,6600000, Approved
840,2, Not Graduate, Yes,2000000,6700000,14,160000,638,4900000,200000,4900000,2300000, Approved
841,4, Graduate, Yes,3500000,8900000,4,910000,478,4000000,3900000,11300000,3800000, Rejected
842,0, Graduate, Yes,8300000,30000000,4,1162000,600,14600000,12500000,24800000,12000000, Approved
843,0, Graduate, Yes,6700000,15600000,16,2010000,768,300000,1800000,26000000,3800000, Approved
844,0, Not Graduate, No,1900000,6500000,10,570000,523,2400000,1100000,6200000,1100000, Rejected
845,2, Graduate, Yes,6500000,20900000,14,2275000,327,8200000,100000,22800000,4700000, Rejected
846,1, Graduate, Yes,600000,1800000,8,192000,799,1000000,700000,2200000,800000, Approved
847,5, Graduate, No,7000000,23000000,18,420000,803,18700000,6300000,27800000,4100000, Approved
848,2, Graduate, No,7700000,15400000,18,1155000,524,12900000,5100000,21000000,6600000, Rejected
849,1, Graduate, No,2600000,6600000,6,208000,506,2300000,1900000,9600000,2100000, Rejected
850,1, Graduate, No,9200000,18800000,2,368000,351,22400000,2200000,31500000,13000000, Rejected
851,2, Graduate, Yes,1800000,4200000,8,360000,648,1200000,3100000,6200000,1600000, Approved
852,1, Not Graduate, No,4900000,18500000,4,1862000,612,6100000,5900000,16400000,2900000, Approved
853,1, Graduate, No,5700000,12400000,14,1881000,396,5400000,7500000,17600000,5600000, Rejected
854,3, Not Graduate, No,300000,800000,2,30000,458,500000,0,1100000,200000, Rejected
855,3, Graduate, Yes,1700000,3400000,6,663000,488,100000,500000,4500000,1600000, Rejected
856,4, Graduate, No,7000000,18900000,6,1190000,475,1300000,6100000,14700000,5200000, Rejected
857,1, Not Graduate, No,2200000,7000000,18,440000,417,2000000,3900000,6500000,1900000, Rejected
858,2, Not Graduate, No,6800000,18700000,8,1088000,781,17600000,900000,23700000,5400000, Approved
859,1, Not Graduate, Yes,2400000,6200000,12,816000,337,3400000,2100000,9400000,2300000, Rejected
860,0, Not Graduate, Yes,600000,1800000,12,228000,511,300000,200000,2200000,400000, Rejected
861,4, Graduate, No,6200000,17300000,6,558000,837,12600000,3700000,24700000,4600000, Approved
862,1, Not Graduate, No,7600000,24600000,12,912000,810,1300000,10500000,30300000,5200000, Approved
863,2, Not Graduate, No,4800000,10600000,8,1488000,588,3700000,5200000,15000000,4500000, Approved
864,5, Graduate, No,4200000,9200000,12,966000,870,3200000,2400000,12300000,5700000, Approved
865,0, Not Graduate, Yes,7200000,20700000,10,360000,733,15600000,12000000,19200000,9900000, Approved
866,5, Not Graduate, Yes,6400000,20300000,16,1216000,348,10000000,10900000,20400000,6900000, Rejected
867,0, Not Graduate, Yes,8900000,23000000,12,1958000,741,5600000,11200000,27100000,7100000, Approved
868,3, Not Graduate, No,5100000,14500000,12,153000,306,700000,8800000,11600000,2900000, Rejected
869,2, Graduate, Yes,6300000,19500000,18,2394000,428,15900000,7200000,19900000,6500000, Rejected
870,3, Graduate, No,6600000,22100000,4,264000,455,3800000,3000000,25100000,7400000, Approved
871,1, Not Graduate, Yes,4800000,14700000,2,528000,356,7100000,8800000,13400000,5500000, Approved
872,0, Graduate, No,200000,400000,4,26000,594,500000,0,400000,100000, Approved
873,0, Not Graduate, Yes,7500000,25800000,18,1200000,844,9100000,600000,18600000,6500000, Approved
874,4, Graduate, No,9000000,34700000,4,2070000,771,4800000,9500000,34100000,7700000, Approved
875,2, Graduate, No,5400000,12500000,4,1080000,622,14400000,2900000,11800000,5400000, Approved
876,1, Not Graduate, Yes,1700000,4500000,20,272000,480,200000,600000,5400000,1900000, Rejected
877,4, Graduate, No,4300000,11500000,20,774000,337,11100000,6000000,17000000,5200000, Rejected
878,1, Graduate, No,5200000,11200000,6,416000,698,14100000,7600000,18800000,2700000, Approved
879,4, Not Graduate, No,4400000,17000000,18,748000,302,1000000,2100000,14000000,5700000, Rejected
880,1, Not Graduate, Yes,3900000,7800000,14,351000,349,11200000,500000,11800000,3600000, Rejected
881,0, Graduate, No,1100000,3300000,10,55000,482,2800000,300000,2900000,1600000, Rejected
882,2, Graduate, No,2500000,8200000,10,750000,429,1500000,4100000,5900000,2200000, Rejected
883,4, Graduate, No,500000,1300000,8,50000,471,500000,300000,1500000,700000, Rejected
884,0, Graduate, Yes,9000000,32400000,10,1440000,895,16800000,5800000,20700000,9500000, Approved
885,1, Not Graduate, Yes,5100000,20300000,18,1734000,757,11800000,3400000,13400000,3200000, Approved
886,2, Graduate, No,5200000,13500000,2,936000,777,7000000,5200000,15500000,6100000, Approved
887,5, Not Graduate, Yes,4400000,8900000,4,748000,761,8100000,1000000,14200000,3000000, Approved
888,1, Graduate, No,1900000,4200000,12,114000,821,5200000,1500000,5000000,2700000, Approved
889,4, Not Graduate, Yes,9200000,26500000,6,920000,662,1000000,400000,26900000,5300000, Approved
890,2, Not Graduate, Yes,4800000,16500000,10,432000,350,2000000,6500000,11400000,2900000, Rejected
891,4, Not Graduate, No,4900000,10700000,20,1078000,321,1200000,400000,11100000,6500000, Rejected
892,3, Graduate, Yes,4800000,10100000,4,1536000,368,9100000,5100000,16500000,3500000, Rejected
893,4, Graduate, No,9300000,24900000,14,3348000,455,27600000,4700000,35100000,13900000, Rejected
894,5, Not Graduate, Yes,7500000,24600000,8,1275000,744,1600000,3600000,16700000,9300000, Approved
895,1, Graduate, No,5900000,16800000,4,2006000,806,11200000,9700000,22800000,7100000, Approved
896,0, Graduate, No,9400000,27900000,6,1222000,456,21400000,18500000,35600000,7800000, Rejected
897,5, Graduate, No,5300000,13400000,8,2120000,719,1600000,200000,11400000,5300000, Approved
898,4, Graduate, No,3700000,9000000,18,962000,668,7800000,1600000,13400000,3100000, Approved
899,0, Graduate, Yes,2500000,5800000,18,500000,494,5100000,4400000,8500000,2300000, Rejected
900,4, Not Graduate, No,2800000,10800000,2,140000,841,700000,2600000,7100000,4100000, Approved
901,0, Graduate, Yes,5400000,21400000,8,1350000,721,8200000,6400000,16700000,7400000, Approved
902,5, Graduate, No,3100000,9400000,10,310000,414,200000,5300000,8000000,2800000, Rejected
903,5, Not Graduate, No,4800000,15500000,10,432000,812,9500000,1500000,17800000,3500000, Approved
904,1, Not Graduate, No,8800000,17500000,20,352000,832,1800000,3600000,24000000,7400000, Approved
905,2, Graduate, No,4100000,14900000,12,574000,571,-100000,5200000,13000000,3400000, Approved
906,5, Not Graduate, No,9700000,37000000,14,1746000,459,28700000,17900000,22800000,5600000, Rejected
907,2, Graduate, Yes,6400000,24100000,6,704000,592,2500000,6300000,20200000,6000000, Approved
908,5, Graduate, No,3400000,13100000,20,612000,527,900000,4500000,8600000,4000000, Rejected
909,4, Not Graduate, No,3500000,10200000,12,70000,333,7600000,6400000,8100000,3400000, Rejected
910,3, Not Graduate, No,3200000,10000000,18,320000,532,3300000,100000,9800000,2100000, Rejected
911,2, Graduate, Yes,4900000,13100000,18,392000,754,8200000,3300000,16500000,7200000, Approved
912,0, Graduate, Yes,1300000,4800000,4,390000,835,500000,100000,3300000,800000, Rejected
913,4, Graduate, No,2500000,5400000,10,250000,592,3400000,1500000,9900000,2900000, Approved
914,0, Graduate, No,7500000,27300000,20,1425000,553,11600000,2800000,26200000,6100000, Approved
915,2, Graduate, No,700000,2000000,8,126000,806,1900000,1100000,2200000,400000, Approved
916,4, Graduate, Yes,8200000,28500000,2,1476000,378,6800000,11200000,26400000,11500000, Approved
917,1, Not Graduate, No,6900000,26200000,4,1863000,534,14500000,11900000,14900000,9400000, Approved
918,1, Not Graduate, Yes,1500000,5900000,16,405000,400,4200000,2400000,4800000,1500000, Rejected
919,3, Graduate, No,6300000,18300000,18,1764000,543,1800000,9400000,17700000,3500000, Rejected
920,0, Not Graduate, Yes,8800000,25600000,10,1232000,715,25300000,2500000,34900000,8600000, Approved
921,4, Graduate, Yes,8900000,20700000,6,3204000,684,1100000,9200000,20400000,6700000, Approved
922,3, Not Graduate, Yes,2100000,6100000,8,630000,346,5500000,600000,4500000,2900000, Rejected
923,1, Graduate, Yes,9200000,29200000,6,828000,669,9900000,12900000,23400000,11700000, Approved
924,2, Not Graduate, No,3600000,8000000,12,1332000,566,10500000,3000000,8900000,2700000, Approved
925,0, Not Graduate, Yes,8600000,23600000,2,2580000,361,25800000,5300000,24700000,7500000, Rejected
926,5, Graduate, No,3000000,8000000,6,930000,333,3200000,400000,8200000,2200000, Rejected
927,3, Not Graduate, Yes,5200000,16300000,8,884000,335,9500000,7000000,13600000,7300000, Rejected
928,3, Graduate, Yes,7200000,20400000,10,1800000,558,0,13200000,27200000,10600000, Approved
929,1, Not Graduate, Yes,4000000,15600000,12,1240000,436,10400000,2800000,14800000,3200000, Rejected
930,1, Not Graduate, No,2400000,5200000,2,72000,371,6100000,3100000,8500000,1400000, Rejected
931,2, Not Graduate, Yes,5500000,18400000,10,1650000,515,6800000,4400000,18500000,4100000, Rejected
932,0, Not Graduate, Yes,9000000,24300000,10,450000,599,12900000,3400000,26900000,6400000, Approved
933,0, Not Graduate, Yes,7900000,24000000,20,395000,728,18600000,15600000,21800000,7400000, Approved
934,2, Not Graduate, Yes,6200000,21600000,20,682000,679,18600000,2500000,24500000,9100000, Approved
935,3, Graduate, Yes,7900000,29200000,4,869000,399,23200000,5500000,30200000,6900000, Approved
936,3, Not Graduate, No,1200000,4500000,6,264000,819,1400000,1100000,4400000,900000, Approved
937,1, Graduate, No,4700000,11700000,6,611000,308,11800000,1100000,15100000,3700000, Rejected
938,5, Graduate, Yes,5900000,15600000,2,118000,730,12600000,4700000,15900000,5900000, Approved
939,4, Not Graduate, Yes,1400000,5100000,14,434000,312,4000000,1000000,3200000,1400000, Rejected
940,3, Not Graduate, Yes,4700000,12800000,16,376000,740,2200000,8600000,11700000,6100000, Approved
941,5, Graduate, Yes,7600000,20000000,10,2888000,522,21500000,1400000,20400000,4300000, Rejected
942,4, Graduate, No,7200000,16900000,4,720000,702,15900000,7100000,22000000,9600000, Approved
943,4, Not Graduate, Yes,1400000,4300000,16,546000,447,3600000,1200000,5300000,1000000, Rejected
944,5, Graduate, No,1400000,2900000,4,210000,829,800000,600000,5400000,1600000, Approved
945,2, Graduate, No,7900000,18500000,18,2923000,727,20200000,12400000,19600000,7100000, Approved
946,5, Not Graduate, Yes,7600000,18700000,14,1292000,509,8500000,8500000,22200000,3700000, Rejected
947,3, Graduate, Yes,9600000,34200000,2,3840000,745,2500000,2000000,33000000,6700000, Approved
948,1, Not Graduate, No,2300000,6600000,18,759000,513,4600000,900000,9000000,1600000, Rejected
949,2, Not Graduate, No,8100000,18500000,6,243000,372,19100000,10200000,31000000,7900000, Rejected
950,2, Graduate, Yes,300000,700000,4,3000,411,600000,0,1200000,100000, Rejected
951,4, Graduate, No,4700000,10800000,20,658000,495,11300000,6800000,17000000,4500000, Rejected
952,5, Not Graduate, No,1100000,2500000,4,297000,827,2400000,1000000,4100000,600000, Approved
953,4, Not Graduate, No,8600000,25100000,6,3182000,820,14400000,5000000,26000000,8300000, Approved
954,5, Graduate, Yes,8700000,28100000,10,696000,660,25500000,800000,25900000,10100000, Approved
955,0, Not Graduate, No,2200000,8600000,4,726000,563,900000,1000000,4400000,2800000, Approved
956,1, Not Graduate, Yes,500000,1400000,10,15000,883,900000,0,1700000,300000, Approved
957,0, Not Graduate, Yes,9100000,22000000,12,1638000,387,25300000,15600000,31700000,7000000, Rejected
958,1, Graduate, No,2200000,8700000,12,154000,613,500000,1800000,5700000,2400000, Approved
959,0, Not Graduate, Yes,2200000,8000000,14,352000,335,2800000,3700000,6900000,2900000, Rejected
960,1, Graduate, Yes,9600000,34500000,2,960000,795,9500000,900000,32000000,9300000, Approved
961,1, Graduate, Yes,6500000,13900000,8,780000,369,9600000,300000,17200000,8300000, Rejected
962,4, Graduate, Yes,2400000,7400000,18,960000,888,2700000,1600000,7600000,3200000, Approved
963,4, Not Graduate, No,5500000,12300000,6,1155000,742,12900000,2700000,19800000,4300000, Approved
964,0, Graduate, No,5000000,14400000,4,2000000,874,3000000,9300000,14100000,3900000, Approved
965,1, Graduate, No,2700000,8100000,16,567000,691,2000000,3600000,8100000,2100000, Approved
966,3, Not Graduate, Yes,8500000,30300000,12,1020000,762,12700000,3700000,20000000,4200000, Approved
967,1, Graduate, No,4400000,10700000,18,1716000,324,2200000,3300000,12700000,5400000, Rejected
968,4, Not Graduate, No,500000,1800000,20,95000,777,900000,300000,1300000,200000, Approved
969,0, Graduate, No,8300000,21400000,2,747000,662,6100000,12300000,24500000,10200000, Approved
970,2, Not Graduate, Yes,6000000,13000000,12,180000,462,2100000,2500000,14600000,5600000, Rejected
971,3, Not Graduate, Yes,4000000,10400000,14,1560000,609,2100000,6900000,11700000,4600000, Approved
972,5, Graduate, Yes,4400000,11700000,20,1056000,590,900000,2700000,15500000,2300000, Approved
973,3, Graduate, Yes,4400000,15800000,18,792000,779,7200000,5400000,14900000,3600000, Approved
974,2, Graduate, Yes,1900000,5000000,14,665000,641,1000000,900000,5500000,2400000, Approved
975,0, Graduate, Yes,5000000,18400000,12,350000,752,14600000,4000000,10500000,6500000, Approved
976,0, Graduate, No,8000000,23700000,10,1440000,305,22200000,11600000,17200000,12000000, Rejected
977,4, Not Graduate, No,8200000,20700000,10,1804000,546,10800000,7000000,25000000,10600000, Rejected
978,2, Graduate, No,7000000,24200000,8,1050000,833,13700000,4100000,26100000,9100000, Approved
979,2, Not Graduate, No,2400000,8800000,18,72000,421,3200000,1500000,6700000,1400000, Rejected
980,5, Graduate, No,6600000,18800000,4,1782000,639,3200000,1100000,25100000,4300000, Approved
981,3, Graduate, No,3200000,6900000,20,128000,735,1500000,3700000,9200000,3100000, Approved
982,0, Not Graduate, Yes,2600000,5400000,2,624000,377,100000,4900000,6100000,2700000, Rejected
983,3, Not Graduate, No,6900000,15600000,20,897000,310,4500000,3600000,20400000,4800000, Rejected
984,4, Graduate, No,4800000,14000000,2,960000,695,11300000,1700000,15400000,4600000, Approved
985,1, Not Graduate, Yes,300000,1200000,4,60000,355,700000,300000,800000,200000, Approved
986,1, Not Graduate, Yes,4300000,14100000,12,430000,525,2100000,1100000,14100000,5500000, Rejected
987,5, Not Graduate, No,700000,2400000,20,112000,330,1300000,700000,2500000,500000, Rejected
988,5, Graduate, No,9400000,25800000,14,3572000,625,28200000,15400000,30800000,11100000, Approved
989,3, Not Graduate, Yes,800000,2900000,10,192000,644,600000,500000,2900000,400000, Approved
990,5, Not Graduate, No,4400000,14900000,4,1408000,865,8200000,6200000,14900000,3500000, Approved
991,1, Graduate, Yes,4700000,14800000,6,94000,661,8500000,6000000,13600000,6400000, Approved
992,2, Not Graduate, No,2300000,5000000,8,69000,884,1400000,1700000,6100000,1500000, Approved
993,5, Graduate, Yes,8500000,26700000,10,425000,803,500000,16600000,24400000,9600000, Approved
994,2, Graduate, No,7600000,28300000,12,2128000,800,19700000,14800000,15600000,7800000, Approved
995,2, Graduate, No,3200000,12600000,18,640000,796,6200000,3500000,9600000,2000000, Approved
996,4, Not Graduate, No,2400000,5000000,4,720000,716,1500000,2800000,6900000,1400000, Approved
997,0, Graduate, Yes,500000,1100000,18,45000,479,1500000,500000,1800000,600000, Rejected
998,3, Not Graduate, Yes,8500000,28300000,2,3060000,810,25200000,4300000,18500000,10700000, Approved
999,0, Graduate, Yes,8900000,20900000,18,1335000,568,18800000,700000,32700000,5300000, Approved
1000,0, Graduate, No,2800000,5600000,8,1092000,842,0,1300000,6100000,1900000, Approved
1001,3, Not Graduate, Yes,2900000,7000000,4,522000,806,5700000,5600000,5900000,3000000, Approved
1002,1, Graduate, Yes,4900000,17700000,8,539000,722,9200000,7300000,16400000,3000000, Approved
1003,5, Not Graduate, No,9600000,20700000,14,3168000,442,25800000,9800000,31800000,8200000, Rejected
1004,3, Graduate, Yes,3300000,9800000,6,1287000,360,4500000,600000,11000000,4400000, Rejected
1005,3, Not Graduate, No,2800000,5900000,4,952000,461,1600000,400000,8900000,2800000, Rejected
1006,2, Graduate, No,7800000,22200000,10,1638000,735,9700000,4600000,23000000,6900000, Approved
1007,4, Graduate, Yes,2500000,8400000,12,425000,761,6300000,1300000,8400000,1600000, Approved
1008,0, Graduate, No,4400000,10600000,20,396000,653,6800000,4600000,16800000,5400000, Approved
1009,0, Not Graduate, No,7900000,30800000,4,0,726,5000000,14600000,23800000,5500000, Approved
1010,1, Graduate, No,8900000,22600000,18,1691000,617,8400000,15500000,27900000,11700000, Approved
1011,0, Graduate, No,5600000,13400000,2,1568000,460,3400000,4100000,14800000,4100000, Rejected
1012,1, Not Graduate, No,1400000,3300000,8,238000,306,3200000,800000,2700000,800000, Rejected
1013,5, Graduate, Yes,500000,1400000,4,25000,471,500000,100000,1300000,300000, Rejected
1014,1, Graduate, Yes,5100000,15300000,4,1530000,628,6900000,3300000,17600000,2700000, Approved
1015,3, Graduate, No,9800000,25600000,10,3038000,404,24400000,6700000,37000000,11500000, Rejected
1016,2, Graduate, Yes,8600000,21600000,16,3268000,804,15400000,300000,26800000,7100000, Approved
1017,3, Not Graduate, No,1600000,3900000,20,112000,804,900000,2500000,3200000,800000, Approved
1018,1, Not Graduate, Yes,2500000,6700000,2,350000,502,3400000,2600000,9400000,1400000, Rejected
1019,0, Graduate, No,9500000,22600000,6,1330000,861,24700000,13200000,29000000,5600000, Approved
1020,2, Not Graduate, Yes,3000000,7800000,14,810000,555,6600000,2700000,9600000,1700000, Approved
1021,0, Not Graduate, No,5100000,13600000,18,1173000,351,1700000,3700000,14400000,7600000, Rejected
1022,2, Not Graduate, Yes,7600000,23600000,6,912000,358,20200000,2900000,22100000,10900000, Rejected
1023,5, Graduate, No,8800000,18800000,14,528000,836,17300000,10100000,32700000,5400000, Approved
1024,4, Not Graduate, Yes,1100000,2900000,4,77000,554,2800000,1000000,4100000,1600000, Approved
1025,3, Graduate, No,8700000,30500000,2,2523000,443,11800000,1800000,24600000,8100000, Approved
1026,5, Not Graduate, No,6100000,23600000,4,427000,725,17400000,5100000,15600000,4800000, Approved
1027,2, Not Graduate, Yes,1900000,7000000,14,399000,818,4800000,3500000,4500000,2100000, Approved
1028,1, Not Graduate, No,9900000,38700000,6,891000,670,19400000,12600000,35800000,6500000, Approved
1029,0, Graduate, No,5800000,21100000,6,1798000,414,7900000,2400000,16000000,5600000, Rejected
1030,2, Not Graduate, Yes,9500000,37000000,8,3515000,887,21800000,18300000,19200000,11700000, Approved
1031,3, Graduate, Yes,7900000,26600000,12,158000,409,17100000,1400000,22500000,8700000, Rejected
1032,1, Not Graduate, Yes,1300000,4500000,14,377000,679,2700000,2100000,3700000,1600000, Approved
1033,4, Graduate, Yes,700000,2600000,18,182000,478,600000,600000,2100000,300000, Rejected
1034,3, Graduate, No,600000,1200000,2,6000,752,1100000,500000,2300000,700000, Approved
1035,0, Graduate, No,9400000,33000000,4,1880000,616,15400000,5000000,25100000,7800000, Approved
1036,2, Not Graduate, Yes,3800000,12500000,14,1368000,842,3700000,6700000,14600000,5300000, Approved
1037,3, Graduate, Yes,7800000,26300000,20,2574000,840,1200000,11300000,24100000,5300000, Approved
1038,3, Graduate, Yes,7800000,27700000,6,1716000,430,2000000,8000000,26100000,5300000, Rejected
1039,4, Not Graduate, No,2700000,7000000,4,567000,351,1100000,2300000,8300000,2700000, Rejected
1040,5, Not Graduate, No,600000,2300000,4,168000,347,0,0,1900000,200000, Rejected
1041,3, Not Graduate, Yes,8000000,28800000,10,2800000,576,18800000,7500000,16300000,11900000, Approved
1042,0, Not Graduate, Yes,4000000,11000000,8,240000,799,4400000,6100000,14700000,4200000, Approved
1043,1, Not Graduate, Yes,3300000,10800000,2,1320000,550,6000000,3800000,11000000,4700000, Approved
1044,2, Graduate, No,5800000,13300000,4,1624000,878,8400000,5400000,18600000,4500000, Approved
1045,3, Graduate, Yes,2400000,4800000,12,192000,895,6800000,300000,7300000,3300000, Approved
1046,4, Not Graduate, No,7600000,29700000,6,2660000,603,3200000,2900000,27800000,11000000, Approved
1047,2, Not Graduate, Yes,2500000,6900000,12,800000,325,5800000,1600000,6400000,3600000, Rejected
1048,2, Graduate, No,3300000,11800000,4,858000,393,5700000,3700000,6800000,2600000, Approved
1049,3, Graduate, No,9800000,30300000,2,98000,612,10700000,4600000,32100000,5600000, Approved
1050,0, Graduate, Yes,1000000,3800000,8,50000,553,2500000,1000000,2100000,1300000, Approved
1051,0, Not Graduate, Yes,2500000,8800000,14,525000,389,7300000,1400000,8500000,3600000, Rejected
1052,0, Graduate, No,1900000,6800000,4,285000,782,100000,3400000,4900000,2400000, Approved
1053,3, Graduate, No,3100000,8500000,12,1085000,493,8700000,5100000,12000000,2000000, Rejected
1054,5, Graduate, Yes,6000000,11900000,2,2340000,629,2500000,0,19200000,4200000, Approved
1055,5, Not Graduate, No,6500000,21600000,10,1885000,419,1600000,10900000,22300000,6600000, Rejected
1056,2, Not Graduate, Yes,5900000,15800000,2,1829000,444,14300000,4300000,20300000,5500000, Rejected
1057,5, Not Graduate, Yes,6500000,15800000,16,1495000,301,9200000,9900000,17400000,7100000, Rejected
1058,0, Graduate, Yes,3800000,11200000,20,418000,479,1100000,6400000,12000000,5400000, Rejected
1059,3, Not Graduate, Yes,3000000,11400000,10,180000,424,1800000,4200000,10900000,1500000, Rejected
1060,0, Graduate, No,4300000,16900000,18,1419000,469,200000,5800000,12000000,6200000, Rejected
1061,4, Not Graduate, Yes,3500000,8300000,2,560000,897,7900000,5500000,12600000,1800000, Approved
1062,3, Not Graduate, No,300000,500000,2,117000,477,700000,200000,800000,400000, Rejected
1063,3, Not Graduate, Yes,600000,1400000,16,30000,509,600000,300000,2400000,900000, Rejected
1064,0, Graduate, Yes,800000,1700000,4,96000,752,2300000,1100000,3200000,400000, Approved
1065,0, Not Graduate, Yes,5600000,19100000,14,728000,875,16700000,4700000,15100000,7700000, Approved
1066,2, Not Graduate, Yes,1800000,3600000,4,198000,343,3400000,1100000,6200000,1500000, Rejected
1067,0, Graduate, No,6800000,20800000,20,2176000,819,16500000,11900000,26700000,8000000, Approved
1068,2, Graduate, Yes,4200000,16800000,2,126000,433,3300000,0,14100000,3700000, Approved
1069,1, Not Graduate, Yes,200000,400000,6,26000,768,300000,100000,600000,0, Approved
1070,2, Graduate, Yes,8500000,31800000,6,2125000,714,17000000,900000,26600000,5600000, Approved
1071,2, Not Graduate, Yes,2800000,10100000,16,672000,531,2900000,2900000,7200000,4100000, Rejected
1072,0, Graduate, Yes,3600000,8600000,6,648000,529,3500000,3300000,11300000,5200000, Rejected
1073,1, Not Graduate, No,6200000,19500000,20,1984000,448,3300000,7100000,22400000,8000000, Rejected
1074,1, Graduate, No,2700000,10000000,2,270000,584,6500000,2700000,7700000,3400000, Approved
1075,1, Graduate, No,6800000,22900000,4,408000,501,3900000,9400000,17300000,4400000, Approved
1076,2, Not Graduate, No,6300000,24500000,18,882000,848,10200000,3500000,18200000,8200000, Approved
1077,4, Not Graduate, No,8800000,19100000,6,616000,586,17600000,8800000,20600000,12400000, Approved
1078,1, Graduate, No,5900000,13000000,2,1888000,386,16300000,5000000,12000000,3800000, Rejected
1079,5, Not Graduate, Yes,9800000,37900000,18,3234000,301,6700000,4900000,34300000,6200000, Rejected
1080,2, Graduate, No,3300000,8300000,6,495000,653,4700000,3100000,8300000,4600000, Approved
1081,4, Graduate, Yes,300000,500000,14,111000,448,700000,100000,800000,100000, Rejected
1082,1, Not Graduate, Yes,4800000,11600000,16,624000,696,1400000,9400000,11800000,6500000, Approved
1083,1, Graduate, No,7500000,28300000,16,1575000,707,9700000,1100000,16300000,6700000, Approved
1084,2, Not Graduate, No,8600000,21700000,4,1720000,429,5500000,10800000,30900000,6000000, Rejected
1085,4, Not Graduate, No,8900000,21100000,6,534000,631,4200000,200000,25800000,6200000, Approved
1086,5, Not Graduate, Yes,9600000,29600000,4,1920000,446,22900000,3500000,36600000,13200000, Approved
1087,0, Graduate, Yes,7700000,18100000,18,2310000,705,6100000,5100000,23800000,6300000, Approved
1088,3, Not Graduate, Yes,7000000,15200000,2,2310000,709,10300000,12500000,20700000,4000000, Approved
1089,4, Not Graduate, Yes,7800000,19500000,14,624000,739,1900000,9000000,20400000,4400000, Approved
1090,3, Graduate, No,5100000,11000000,6,561000,336,-100000,5800000,11600000,7500000, Rejected
1091,4, Graduate, No,9400000,32600000,4,2350000,898,18200000,4000000,22000000,10200000, Approved
1092,4, Not Graduate, Yes,600000,2100000,6,192000,558,1300000,1000000,2200000,300000, Approved
1093,3, Graduate, No,5100000,13300000,4,1275000,589,11200000,2700000,20200000,6100000, Approved
1094,2, Graduate, Yes,3800000,14400000,2,114000,301,2300000,1400000,7600000,2400000, Rejected
1095,2, Not Graduate, Yes,5300000,21200000,14,901000,516,2200000,5000000,20900000,7700000, Rejected
1096,5, Not Graduate, No,1100000,3600000,12,286000,315,1300000,700000,3100000,1400000, Rejected
1097,3, Not Graduate, No,6400000,14400000,10,2304000,546,10600000,10000000,21200000,5100000, Rejected
1098,0, Not Graduate, Yes,5100000,14500000,14,1275000,559,11000000,1100000,12300000,6000000, Approved
1099,3, Graduate, Yes,5300000,16900000,2,424000,350,15800000,3100000,14300000,6800000, Approved
1100,1, Graduate, No,6700000,18700000,8,1809000,583,9300000,4100000,17100000,6900000, Approved
1101,2, Not Graduate, No,4000000,9400000,8,120000,874,4400000,3700000,10200000,4800000, Approved
1102,2, Not Graduate, Yes,3900000,11600000,8,429000,808,5800000,3100000,12900000,5000000, Approved
1103,1, Graduate, Yes,1600000,4900000,16,336000,487,4300000,1100000,3900000,2000000, Rejected
1104,3, Graduate, No,2700000,7800000,14,513000,870,5400000,5300000,5700000,2100000, Approved
1105,3, Graduate, No,1400000,3800000,8,350000,840,1700000,200000,5300000,1500000, Approved
1106,4, Not Graduate, Yes,8000000,19200000,18,2800000,682,2500000,8900000,19000000,5300000, Approved
1107,3, Graduate, Yes,8200000,28900000,10,2952000,668,23800000,4500000,28700000,10900000, Approved
1108,5, Graduate, Yes,4800000,10300000,8,912000,781,4800000,6800000,11100000,4300000, Approved
1109,4, Graduate, No,8100000,19000000,6,0,375,4100000,14500000,19100000,11900000, Rejected
1110,4, Not Graduate, No,5900000,14900000,14,177000,857,2600000,9500000,16000000,3500000, Approved
1111,5, Graduate, Yes,8100000,32100000,6,2673000,823,18200000,1800000,24100000,6500000, Approved
1112,0, Graduate, No,1400000,5000000,8,532000,686,1800000,1900000,3200000,1500000, Approved
1113,1, Graduate, No,1600000,6300000,2,512000,721,3000000,600000,5200000,900000, Approved
1114,4, Graduate, No,4600000,9400000,18,1656000,545,800000,2400000,11500000,6300000, Rejected
1115,1, Not Graduate, No,2900000,8900000,6,986000,523,900000,5600000,9700000,1800000, Rejected
1116,2, Graduate, Yes,8600000,24900000,20,2408000,607,13600000,7600000,31800000,5400000, Approved
1117,4, Not Graduate, No,3800000,14900000,20,380000,428,6500000,3500000,12200000,2500000, Rejected
1118,0, Not Graduate, No,8200000,20300000,4,1804000,666,13100000,10200000,25900000,7800000, Approved
1119,3, Graduate, No,3200000,10100000,20,1280000,704,3400000,4800000,9000000,3900000, Approved
1120,0, Not Graduate, Yes,8100000,23800000,10,2349000,794,5400000,15500000,20700000,8800000, Approved
1121,1, Graduate, Yes,9800000,23300000,12,2744000,430,3200000,12600000,30500000,13900000, Rejected
1122,0, Not Graduate, No,200000,500000,20,22000,615,500000,200000,600000,200000, Approved
1123,0, Not Graduate, No,6600000,14100000,20,2508000,360,6800000,5100000,25400000,7800000, Rejected
1124,0, Not Graduate, No,9100000,18300000,14,2184000,458,6100000,9200000,34100000,10000000, Rejected
1125,2, Not Graduate, No,5500000,20400000,12,220000,887,8800000,9400000,12300000,3300000, Approved
1126,4, Not Graduate, No,7200000,27400000,8,1368000,735,14100000,14200000,19400000,9500000, Approved
1127,1, Not Graduate, No,2400000,5600000,16,936000,379,3700000,600000,7200000,3400000, Rejected
1128,4, Graduate, No,9600000,25500000,20,1728000,544,4000000,11400000,23800000,11100000, Rejected
1129,1, Graduate, Yes,5800000,16700000,12,1914000,721,1100000,9700000,17200000,7500000, Approved
1130,4, Not Graduate, No,2300000,6000000,8,828000,676,6000000,400000,4800000,2200000, Approved
1131,1, Not Graduate, No,300000,1200000,4,102000,342,800000,100000,1100000,200000, Approved
1132,0, Not Graduate, No,9900000,27000000,16,1584000,566,3500000,17300000,36900000,11500000, Approved
1133,2, Not Graduate, No,3500000,14000000,2,1120000,355,8700000,1600000,11800000,2900000, Approved
1134,2, Graduate, No,4800000,18500000,20,1584000,605,5700000,5500000,14700000,5800000, Approved
1135,2, Not Graduate, No,1600000,5200000,16,400000,525,300000,2900000,5600000,1600000, Rejected
1136,5, Graduate, Yes,800000,2500000,12,160000,403,500000,0,3200000,800000, Rejected
1137,1, Graduate, Yes,9000000,33500000,18,1350000,727,18800000,10500000,28100000,5300000, Approved
1138,1, Graduate, No,8300000,28900000,12,2822000,529,18300000,3900000,32500000,5800000, Rejected
1139,4, Graduate, No,2800000,6100000,18,980000,415,2200000,4200000,8400000,2000000, Rejected
1140,1, Graduate, Yes,6400000,17300000,10,1216000,879,10000000,1100000,15400000,8200000, Approved
1141,2, Not Graduate, Yes,6000000,12600000,16,240000,649,4800000,5300000,23900000,5100000, Approved
1142,0, Graduate, No,2900000,9800000,16,406000,395,5400000,4300000,8600000,2400000, Rejected
1143,0, Graduate, No,6500000,24100000,20,1690000,488,3300000,6000000,22900000,9700000, Rejected
1144,1, Graduate, Yes,200000,400000,8,28000,569,200000,200000,700000,300000, Approved
1145,1, Not Graduate, No,8400000,24600000,14,2352000,817,1800000,13100000,31300000,8200000, Approved
1146,1, Graduate, Yes,6100000,17800000,20,2379000,706,16000000,10900000,16900000,4300000, Approved
1147,2, Graduate, Yes,8000000,31200000,8,2960000,553,6800000,3500000,21000000,10300000, Approved
1148,5, Not Graduate, Yes,900000,1800000,14,360000,464,2300000,300000,1800000,700000, Rejected
1149,2, Graduate, No,7300000,20000000,6,146000,729,13100000,10700000,17900000,9100000, Approved
1150,4, Not Graduate, Yes,3700000,7400000,12,111000,363,4800000,6800000,10500000,4400000, Rejected
1151,2, Graduate, No,5200000,17200000,12,1768000,565,3500000,1300000,20000000,6300000, Approved
1152,1, Graduate, No,7200000,21000000,14,2880000,421,3500000,11600000,21800000,4600000, Rejected
1153,0, Not Graduate, Yes,9400000,34200000,10,3666000,512,13100000,15600000,32600000,6300000, Rejected
1154,3, Not Graduate, Yes,3400000,12400000,2,850000,730,2500000,3900000,12200000,4600000, Approved
1155,0, Graduate, No,600000,2300000,8,120000,627,1800000,500000,2200000,300000, Approved
1156,0, Not Graduate, Yes,3300000,10000000,16,1287000,434,3000000,4100000,12900000,4100000, Rejected
1157,2, Graduate, Yes,5900000,14300000,2,1770000,410,11900000,4400000,16900000,4100000, Rejected
1158,3, Not Graduate, No,1300000,3600000,16,182000,624,2400000,2300000,3300000,1900000, Approved
1159,4, Graduate, Yes,5700000,16900000,4,1596000,656,13000000,7400000,22000000,8400000, Approved
1160,2, Not Graduate, No,7700000,27300000,16,2772000,758,7300000,4600000,24800000,9100000, Approved
1161,4, Not Graduate, Yes,7000000,23500000,18,1540000,336,15000000,9500000,19700000,7800000, Rejected
1162,5, Graduate, No,8100000,21900000,18,1944000,378,5200000,3400000,16200000,9600000, Rejected
1163,1, Graduate, Yes,1900000,4200000,4,703000,620,4700000,2800000,7500000,900000, Approved
1164,2, Graduate, No,4500000,9100000,18,450000,593,-100000,600000,12400000,2500000, Approved
1165,0, Not Graduate, Yes,9600000,34000000,12,480000,710,23800000,10300000,38100000,7800000, Approved
1166,1, Not Graduate, Yes,5400000,20700000,8,1998000,753,1900000,800000,19000000,3600000, Approved
1167,1, Not Graduate, Yes,7800000,27200000,16,2340000,454,16100000,3400000,17100000,11400000, Rejected
1168,1, Graduate, Yes,8200000,19100000,8,1558000,619,17200000,12200000,31500000,6600000, Approved
1169,2, Graduate, No,8900000,28500000,6,1513000,367,22200000,16600000,21500000,9300000, Rejected
1170,1, Graduate, No,1400000,3100000,20,504000,384,200000,1200000,4200000,1800000, Rejected
1171,2, Graduate, No,1700000,5900000,16,646000,610,3100000,300000,3700000,1300000, Approved
1172,0, Graduate, No,5300000,19500000,12,901000,802,9800000,3300000,15200000,3200000, Approved
1173,3, Graduate, No,6500000,25200000,10,2210000,858,15400000,10900000,14000000,8100000, Approved
1174,2, Graduate, No,5900000,14000000,8,1298000,599,4700000,9500000,17800000,6700000, Approved
1175,4, Graduate, Yes,9800000,27000000,2,1666000,395,18700000,3000000,23000000,9700000, Rejected
1176,3, Graduate, Yes,7700000,16200000,6,385000,380,11500000,15100000,22500000,6400000, Rejected
1177,1, Graduate, No,7900000,27100000,10,3081000,803,20000000,9800000,22200000,6600000, Approved
1178,4, Graduate, No,3500000,8900000,20,560000,809,7100000,1500000,13700000,3200000, Approved
1179,4, Not Graduate, No,2400000,6600000,2,336000,722,6100000,3300000,5600000,3000000, Approved
1180,5, Graduate, No,9900000,35700000,10,891000,392,7900000,4300000,39200000,13000000, Rejected
1181,0, Graduate, No,3900000,14500000,8,39000,545,5900000,3000000,10300000,3400000, Rejected
1182,2, Not Graduate, Yes,7300000,28500000,10,1679000,799,21500000,3100000,15800000,4300000, Approved
1183,0, Graduate, Yes,6400000,21900000,12,448000,727,15400000,10100000,24000000,5300000, Approved
1184,4, Graduate, No,7100000,19800000,18,1704000,530,7100000,3400000,20900000,7100000, Rejected
1185,2, Not Graduate, No,8800000,19000000,14,1056000,637,13700000,13900000,27100000,6100000, Approved
1186,5, Graduate, No,7400000,21000000,4,2812000,561,21300000,3800000,26400000,3900000, Approved
1187,2, Not Graduate, No,4400000,12000000,20,1144000,421,9300000,2700000,15700000,3400000, Rejected
1188,3, Graduate, Yes,8600000,30300000,14,1548000,459,12000000,4100000,23800000,9100000, Rejected
1189,3, Not Graduate, No,6900000,26000000,14,552000,828,14800000,4200000,18500000,3600000, Approved
1190,4, Graduate, No,9600000,27500000,20,1248000,679,23400000,7500000,37800000,6300000, Approved
1191,2, Graduate, Yes,8100000,25700000,8,2106000,455,22300000,11500000,19800000,9500000, Rejected
1192,0, Not Graduate, No,2600000,9400000,18,234000,879,2800000,1400000,5100000,2300000, Approved
1193,3, Graduate, Yes,9300000,26100000,14,651000,636,4700000,16100000,34500000,11600000, Approved
1194,2, Not Graduate, Yes,2100000,5600000,16,651000,426,400000,300000,7100000,1200000, Rejected
1195,4, Not Graduate, Yes,9000000,21500000,14,2430000,508,16600000,17300000,24300000,13100000, Rejected
1196,3, Not Graduate, Yes,7000000,19200000,4,1540000,768,8600000,13700000,19200000,7700000, Approved
1197,3, Not Graduate, No,2200000,6400000,20,506000,667,6300000,3900000,8300000,2900000, Approved
1198,5, Graduate, Yes,7500000,28200000,2,75000,440,8200000,5800000,24400000,6000000, Approved
1199,1, Graduate, Yes,8300000,16800000,2,2739000,366,22000000,6600000,27300000,4500000, Rejected
1200,2, Not Graduate, No,300000,600000,2,120000,383,600000,300000,1100000,400000, Rejected
1201,0, Not Graduate, Yes,300000,800000,4,3000,603,800000,200000,600000,200000, Approved
1202,3, Graduate, No,3900000,14900000,4,195000,728,4700000,4000000,14900000,5500000, Approved
1203,0, Not Graduate, No,6600000,20300000,6,726000,549,10800000,900000,23100000,9800000, Rejected
1204,0, Graduate, No,4100000,10700000,8,1271000,855,11500000,700000,11200000,3100000, Approved
1205,5, Graduate, Yes,1800000,5300000,12,162000,461,2800000,2000000,4700000,2000000, Rejected
1206,3, Not Graduate, Yes,7000000,16100000,16,700000,379,2000000,5200000,23000000,10000000, Rejected
1207,2, Not Graduate, Yes,5100000,13700000,6,153000,559,7800000,9800000,12700000,5100000, Approved
1208,1, Not Graduate, Yes,300000,600000,8,21000,816,600000,300000,1100000,200000, Approved
1209,4, Not Graduate, Yes,4300000,11400000,2,1032000,560,10000000,3900000,8900000,3300000, Approved
1210,0, Graduate, Yes,3200000,12000000,14,256000,645,5200000,1400000,12100000,3400000, Approved
1211,4, Not Graduate, Yes,4200000,11500000,6,630000,551,10600000,7600000,11300000,5000000, Approved
1212,0, Not Graduate, Yes,9600000,22900000,8,2016000,515,4300000,14700000,33300000,7800000, Rejected
1213,4, Graduate, No,1300000,3600000,10,455000,657,3200000,1900000,2900000,1100000, Approved
1214,3, Not Graduate, No,2400000,9300000,2,792000,682,3100000,4400000,5200000,1500000, Approved
1215,0, Graduate, No,600000,1600000,10,240000,588,1600000,100000,1100000,300000, Approved
1216,5, Graduate, Yes,9600000,38000000,10,3744000,359,2100000,13600000,38200000,9400000, Rejected
1217,0, Graduate, No,400000,1200000,4,128000,766,900000,300000,1200000,300000, Approved
1218,4, Graduate, No,5900000,19900000,14,236000,469,14200000,6800000,22100000,3200000, Rejected
1219,0, Graduate, Yes,700000,1400000,10,98000,618,1300000,200000,1700000,500000, Approved
1220,0, Not Graduate, Yes,8600000,17700000,20,430000,711,22000000,0,30800000,7400000, Approved
1221,0, Graduate, Yes,9000000,34000000,4,1350000,549,2000000,8900000,20000000,12400000, Approved
1222,3, Graduate, Yes,5100000,20400000,6,612000,754,1700000,2600000,11800000,7600000, Approved
1223,4, Not Graduate, Yes,500000,1500000,6,105000,461,1300000,500000,1700000,200000, Rejected
1224,2, Graduate, No,1600000,3800000,10,560000,837,3800000,1100000,5500000,1600000, Approved
1225,0, Graduate, Yes,9800000,23900000,14,392000,459,1000000,13400000,21100000,7200000, Rejected
1226,4, Graduate, No,7800000,29700000,20,1482000,614,22000000,700000,26800000,6300000, Approved
1227,4, Not Graduate, No,6500000,24000000,16,910000,373,5600000,5100000,15600000,6700000, Rejected
1228,5, Graduate, Yes,7500000,26500000,12,600000,512,16500000,2900000,23700000,6000000, Rejected
1229,4, Graduate, Yes,8900000,23400000,18,3115000,781,16500000,3100000,24900000,5800000, Approved
1230,4, Graduate, Yes,1800000,5800000,14,144000,305,600000,3300000,3600000,2000000, Rejected
1231,1, Not Graduate, Yes,7600000,27800000,6,380000,447,1300000,700000,20100000,10900000, Rejected
1232,4, Graduate, Yes,1200000,4600000,6,312000,757,1900000,200000,4800000,1500000, Approved
1233,5, Graduate, Yes,2700000,10400000,2,0,723,2800000,700000,10300000,1400000, Approved
1234,1, Not Graduate, Yes,4600000,10900000,12,1380000,463,1200000,1200000,10900000,6600000, Rejected
1235,2, Not Graduate, No,6900000,18700000,10,1311000,699,12800000,5700000,21200000,5200000, Approved
1236,4, Graduate, Yes,8400000,25200000,2,1512000,308,8100000,9300000,27700000,10500000, Approved
1237,0, Graduate, No,300000,500000,18,3000,702,300000,400000,1200000,100000, Approved
1238,2, Not Graduate, Yes,9500000,37500000,4,950000,456,10200000,16800000,34100000,12900000, Approved
1239,3, Graduate, Yes,1900000,5900000,8,551000,651,700000,2100000,6200000,1500000, Approved
1240,3, Not Graduate, No,4200000,14500000,20,294000,840,4500000,5900000,8900000,4600000, Approved
1241,4, Graduate, Yes,2200000,7900000,18,726000,848,5100000,1700000,8500000,1600000, Approved
1242,5, Graduate, Yes,7100000,19700000,4,2343000,727,7700000,12900000,23600000,5800000, Approved
1243,4, Graduate, No,3500000,11600000,10,455000,335,6300000,5200000,10300000,2300000, Rejected
1244,5, Not Graduate, No,400000,800000,18,4000,304,900000,500000,1400000,400000, Rejected
1245,2, Graduate, Yes,8800000,34400000,2,2640000,712,10500000,12500000,29300000,5900000, Approved
1246,0, Not Graduate, No,1800000,6600000,10,432000,737,5000000,2000000,6000000,1500000, Approved
1247,1, Graduate, Yes,7600000,29300000,14,2204000,690,13900000,4000000,30000000,9100000, Approved
1248,1, Graduate, Yes,1000000,3200000,4,390000,888,2000000,1500000,2200000,1300000, Approved
1249,2, Not Graduate, Yes,8200000,27200000,10,1722000,839,9200000,6400000,25500000,6000000, Approved
1250,5, Not Graduate, Yes,3600000,12400000,8,144000,333,8800000,1000000,10700000,4000000, Rejected
1251,5, Graduate, No,9400000,23700000,18,1786000,862,21500000,3500000,22400000,5600000, Approved
1252,5, Not Graduate, No,2600000,9100000,4,26000,309,6400000,1400000,5900000,3400000, Approved
1253,5, Not Graduate, No,9500000,30700000,10,190000,823,16300000,3700000,30300000,13100000, Approved
1254,0, Graduate, Yes,3500000,11700000,14,280000,649,2700000,700000,11400000,4800000, Approved
1255,5, Not Graduate, Yes,9800000,35700000,10,490000,726,9400000,18900000,31200000,12000000, Approved
1256,4, Graduate, No,800000,3100000,18,184000,712,400000,700000,1900000,1100000, Approved
1257,0, Not Graduate, No,9700000,37300000,20,3395000,701,12100000,16200000,24100000,10500000, Approved
1258,3, Graduate, No,6200000,21300000,12,2232000,655,6500000,11600000,19200000,5000000, Approved
1259,1, Not Graduate, Yes,4400000,16600000,18,264000,385,800000,5300000,13400000,5100000, Rejected
1260,2, Graduate, No,1800000,3800000,4,108000,777,5100000,2700000,4600000,1400000, Approved
1261,3, Graduate, No,1700000,5300000,14,102000,696,300000,700000,4500000,800000, Approved
1262,3, Graduate, No,3900000,14100000,16,39000,496,2500000,2200000,13700000,2900000, Rejected
1263,2, Graduate, Yes,2200000,7900000,6,374000,659,3400000,1800000,8600000,2400000, Approved
1264,3, Not Graduate, Yes,6300000,17700000,2,2520000,542,16800000,900000,16400000,5300000, Rejected
1265,2, Not Graduate, No,2200000,8700000,18,176000,729,3900000,3300000,7600000,1300000, Approved
1266,1, Graduate, No,8100000,28400000,6,1215000,744,20300000,10500000,21800000,7700000, Approved
1267,4, Not Graduate, No,6800000,17000000,2,204000,749,18000000,3800000,27100000,9400000, Approved
1268,0, Graduate, No,4700000,14800000,20,1457000,755,12300000,5000000,15400000,3700000, Approved
1269,3, Graduate, Yes,2200000,5300000,2,440000,506,1600000,1700000,5800000,2800000, Rejected
1270,3, Graduate, Yes,3500000,13000000,6,1050000,391,6100000,3500000,13300000,4300000, Rejected
1271,1, Not Graduate, Yes,3500000,11600000,10,770000,898,3100000,2700000,9000000,4500000, Approved
1272,5, Not Graduate, No,500000,1500000,12,5000,527,100000,600000,1100000,200000, Rejected
1273,5, Not Graduate, No,9900000,35800000,20,1188000,470,9500000,18400000,39100000,14700000, Rejected
1274,1, Graduate, No,8400000,25000000,12,2268000,694,5300000,14900000,23000000,7700000, Approved
1275,1, Graduate, No,5000000,18800000,14,700000,325,13100000,5700000,12800000,4300000, Rejected
1276,4, Not Graduate, Yes,5500000,13400000,10,1045000,880,300000,800000,19900000,2800000, Approved
1277,5, Graduate, Yes,3000000,11900000,14,570000,459,6000000,4800000,11700000,4200000, Rejected
1278,3, Not Graduate, Yes,9400000,21400000,10,2726000,323,5100000,15500000,29600000,11300000, Rejected
1279,4, Graduate, No,7600000,29000000,8,2584000,739,22100000,8100000,22100000,8800000, Approved
1280,0, Not Graduate, Yes,5500000,16300000,10,2200000,724,11900000,1500000,11900000,6200000, Approved
1281,1, Graduate, No,3100000,7400000,18,217000,487,8400000,1200000,9200000,4500000, Rejected
1282,3, Graduate, No,7700000,27700000,4,0,439,13900000,7500000,27100000,6200000, Approved
1283,2, Graduate, No,9800000,25400000,2,3822000,655,19900000,4600000,21300000,7900000, Approved
1284,3, Not Graduate, No,3200000,9200000,14,160000,443,3300000,1100000,7200000,4500000, Rejected
1285,2, Graduate, No,700000,2600000,20,224000,489,100000,200000,2400000,900000, Rejected
1286,4, Not Graduate, Yes,3100000,8600000,14,837000,427,3100000,3800000,9900000,3700000, Rejected
1287,0, Graduate, Yes,4500000,10500000,20,1575000,417,9800000,2000000,9600000,5800000, Rejected
1288,5, Not Graduate, Yes,8900000,24800000,18,2314000,842,16200000,5000000,20000000,8100000, Approved
1289,3, Not Graduate, No,5900000,23200000,2,2360000,307,15500000,10000000,21100000,6300000, Approved
1290,2, Not Graduate, No,1500000,4500000,18,585000,428,4500000,1200000,5600000,1100000, Rejected
1291,4, Not Graduate, Yes,6300000,15200000,16,1638000,415,15500000,1800000,20700000,7900000, Rejected
1292,3, Not Graduate, Yes,6500000,18200000,20,1495000,405,10400000,2800000,21300000,6700000, Rejected
1293,4, Graduate, No,8000000,31500000,18,3040000,683,10300000,7900000,30100000,9600000, Approved
1294,1, Graduate, Yes,3300000,10600000,14,165000,742,300000,600000,8400000,4500000, Approved
1295,4, Not Graduate, No,3900000,10000000,10,39000,530,10900000,200000,12300000,1900000, Rejected
1296,3, Graduate, No,1600000,3500000,10,544000,844,4500000,2200000,5200000,1600000, Approved
1297,2, Not Graduate, Yes,3900000,13900000,18,624000,715,5000000,5600000,9900000,2100000, Approved
1298,3, Graduate, Yes,8000000,26300000,12,560000,476,21700000,6600000,16400000,9000000, Rejected
1299,2, Graduate, No,2200000,4800000,6,110000,721,1800000,100000,6900000,2200000, Approved
1300,4, Not Graduate, No,7600000,30300000,12,2584000,339,20400000,8000000,22200000,5800000, Rejected
1301,5, Not Graduate, Yes,2700000,6800000,6,594000,461,4500000,2000000,8200000,1700000, Rejected
1302,2, Graduate, Yes,6300000,23200000,12,2142000,556,7000000,8300000,24200000,5300000, Approved
1303,3, Not Graduate, No,7700000,18700000,8,1925000,483,15100000,5600000,24600000,10200000, Rejected
1304,2, Graduate, No,4500000,17200000,18,855000,406,4100000,6300000,13800000,3300000, Rejected
1305,2, Graduate, Yes,9400000,24800000,14,2726000,513,24200000,18200000,37200000,7500000, Rejected
1306,0, Not Graduate, No,4600000,12600000,16,368000,574,3400000,6200000,15100000,3600000, Approved
1307,0, Graduate, Yes,5200000,15700000,6,260000,692,3800000,7000000,12800000,5500000, Approved
1308,5, Graduate, Yes,8000000,29800000,18,0,867,17700000,14100000,22800000,9200000, Approved
1309,1, Not Graduate, Yes,9900000,38500000,2,990000,875,19600000,2900000,20200000,6500000, Approved
1310,4, Graduate, Yes,8500000,18600000,10,1190000,597,16600000,3200000,21000000,11600000, Approved
1311,2, Graduate, Yes,4900000,12000000,20,98000,513,14200000,8100000,18300000,4800000, Rejected
1312,3, Graduate, Yes,7000000,24200000,2,140000,354,18200000,7000000,15900000,7900000, Approved
1313,2, Not Graduate, No,9600000,25900000,18,2688000,647,11800000,9900000,35600000,11500000, Approved
1314,1, Graduate, No,9700000,23700000,6,2328000,875,11500000,14400000,38100000,10400000, Approved
1315,1, Graduate, No,6200000,14300000,20,2232000,819,7500000,11700000,16700000,4300000, Approved
1316,4, Not Graduate, Yes,4100000,9600000,10,1394000,521,11900000,7100000,14100000,4900000, Rejected
1317,0, Graduate, Yes,6100000,19900000,20,2135000,761,4500000,3700000,12700000,7100000, Approved
1318,0, Graduate, No,700000,1900000,18,245000,572,1400000,1000000,2000000,300000, Approved
1319,3, Graduate, No,6400000,24100000,12,1536000,571,19000000,11500000,13200000,7500000, Approved
1320,4, Graduate, Yes,3800000,7800000,20,228000,891,4600000,7000000,14300000,3300000, Approved
1321,1, Not Graduate, No,4900000,14800000,12,1127000,895,8600000,8200000,18300000,5200000, Approved
1322,2, Graduate, No,2100000,6600000,20,525000,580,3800000,4100000,6200000,2100000, Approved
1323,2, Graduate, No,6200000,23400000,8,310000,605,10000000,10800000,21800000,9200000, Approved
1324,4, Not Graduate, No,1600000,5100000,8,32000,705,2400000,800000,5100000,1900000, Approved
1325,1, Not Graduate, Yes,1300000,5000000,20,182000,423,900000,800000,3900000,1600000, Rejected
1326,5, Not Graduate, Yes,7300000,22500000,2,2920000,846,9800000,4700000,20300000,5700000, Approved
1327,2, Not Graduate, No,2100000,5000000,4,378000,542,700000,600000,6600000,3100000, Rejected
1328,5, Not Graduate, No,600000,2400000,18,114000,631,600000,300000,2100000,900000, Approved
1329,4, Graduate, No,7000000,24500000,18,420000,318,4300000,1700000,16300000,3600000, Rejected
1330,1, Not Graduate, Yes,3000000,6800000,10,480000,541,5800000,5700000,10700000,2900000, Rejected
1331,1, Graduate, No,900000,2900000,20,324000,782,0,1500000,3500000,800000, Approved
1332,2, Graduate, No,9600000,35000000,2,2400000,888,12600000,6500000,37900000,5800000, Approved
1333,0, Graduate, No,1500000,3600000,14,60000,747,200000,1400000,3000000,1200000, Approved
1334,0, Graduate, Yes,5000000,18900000,6,1900000,641,4300000,8500000,19600000,6700000, Approved
1335,3, Graduate, Yes,500000,1700000,4,50000,640,400000,700000,1300000,200000, Approved
1336,4, Not Graduate, No,7600000,28100000,12,0,324,12500000,8500000,19900000,11100000, Rejected
1337,4, Graduate, No,5500000,21200000,20,1595000,359,4200000,5300000,18600000,6400000, Rejected
1338,0, Not Graduate, Yes,6600000,23300000,12,2178000,338,2400000,800000,18900000,9300000, Rejected
1339,0, Graduate, No,1400000,3200000,14,56000,384,3100000,800000,3400000,2000000, Rejected
1340,5, Not Graduate, Yes,8800000,26600000,16,440000,545,19100000,16600000,30400000,7600000, Rejected
1341,5, Not Graduate, No,6200000,24200000,18,1426000,610,10200000,7800000,19600000,8300000, Approved
1342,2, Graduate, Yes,8300000,27900000,18,1909000,840,12600000,3500000,19100000,9200000, Approved
1343,3, Not Graduate, No,2400000,8100000,6,432000,630,5100000,2900000,9100000,2300000, Approved
1344,1, Graduate, No,9100000,31200000,4,1183000,508,12800000,11700000,31100000,7800000, Approved
1345,0, Not Graduate, Yes,9500000,34900000,4,2090000,535,800000,14100000,25600000,14000000, Approved
1346,1, Graduate, No,1200000,3400000,20,0,717,3100000,1500000,2500000,900000, Approved
1347,2, Graduate, Yes,7700000,19300000,8,1848000,735,1200000,1900000,23800000,10400000, Approved
1348,5, Graduate, Yes,7800000,22000000,20,1326000,528,5800000,8800000,24700000,4900000, Rejected
1349,0, Graduate, Yes,9400000,20000000,4,658000,350,3300000,1400000,37200000,4700000, Rejected
1350,0, Not Graduate, No,1700000,5700000,12,476000,422,3400000,1100000,6500000,900000, Rejected
1351,5, Graduate, No,4000000,13700000,6,1400000,496,-100000,1400000,15800000,3700000, Rejected
1352,4, Not Graduate, No,4200000,15500000,18,420000,794,7300000,700000,13400000,2200000, Approved
1353,2, Graduate, No,2400000,7700000,6,312000,719,6000000,1700000,6700000,1600000, Approved
1354,3, Not Graduate, Yes,2700000,6100000,14,972000,630,3900000,2800000,10600000,2300000, Approved
1355,3, Not Graduate, Yes,600000,1800000,4,90000,843,1400000,300000,1700000,400000, Approved
1356,2, Graduate, No,4600000,15600000,2,966000,764,7700000,1500000,16000000,5800000, Approved
1357,3, Graduate, No,7200000,17700000,4,1440000,662,13100000,11500000,16300000,5300000, Approved
1358,0, Not Graduate, No,4700000,15500000,16,1880000,311,12800000,200000,17500000,2700000, Rejected
1359,4, Not Graduate, No,4300000,10100000,2,1634000,606,9900000,1800000,8900000,5500000, Approved
1360,5, Graduate, No,4700000,10200000,16,329000,874,10800000,7700000,11100000,7000000, Approved
1361,4, Not Graduate, Yes,8700000,30000000,4,522000,370,17600000,15600000,34600000,12100000, Approved
1362,1, Graduate, No,7000000,20500000,10,2170000,414,19700000,7500000,20700000,5100000, Rejected
1363,2, Not Graduate, No,600000,1100000,10,30000,800,1200000,200000,2300000,900000, Approved
1364,1, Not Graduate, No,6800000,16900000,12,1768000,779,13800000,10200000,23400000,4400000, Approved
1365,1, Not Graduate, No,6400000,14100000,20,1600000,553,11700000,4500000,20000000,3600000, Approved
1366,4, Not Graduate, No,7600000,29900000,18,456000,445,4800000,13900000,18400000,5700000, Rejected
1367,3, Not Graduate, No,9000000,21400000,8,1260000,496,16400000,7300000,31800000,12500000, Rejected
1368,0, Graduate, Yes,2400000,5900000,10,888000,650,5100000,3700000,5300000,2300000, Approved
1369,3, Not Graduate, No,6800000,17900000,6,2040000,783,20000000,9800000,23600000,5500000, Approved
1370,5, Graduate, Yes,3500000,13500000,10,1225000,535,3100000,5700000,12500000,3100000, Rejected
1371,4, Graduate, Yes,8900000,34000000,20,2670000,415,13500000,3100000,33600000,12800000, Rejected
1372,0, Not Graduate, No,6000000,15300000,8,960000,709,8900000,1700000,16400000,3500000, Approved
1373,3, Not Graduate, No,700000,2500000,14,56000,819,1600000,1000000,2100000,900000, Approved
1374,0, Not Graduate, Yes,6800000,17300000,18,1564000,841,10500000,8600000,16000000,8700000, Approved
1375,4, Not Graduate, Yes,5300000,10700000,12,1855000,700,15800000,1900000,20500000,2900000, Approved
1376,1, Graduate, Yes,1400000,4200000,4,56000,881,2800000,1200000,5100000,1300000, Approved
1377,2, Graduate, Yes,1400000,4600000,4,490000,804,1900000,2200000,5200000,700000, Approved
1378,4, Not Graduate, No,9200000,21700000,6,3588000,653,22700000,4600000,29400000,8600000, Approved
1379,1, Graduate, Yes,7900000,29200000,2,2212000,663,19600000,12100000,28600000,10100000, Approved
1380,0, Not Graduate, No,4500000,17500000,10,765000,495,10300000,3500000,9700000,6200000, Rejected
1381,1, Not Graduate, No,3800000,9800000,8,494000,335,100000,5100000,14200000,1800000, Rejected
1382,5, Graduate, Yes,1500000,4900000,6,255000,618,3400000,1000000,3200000,900000, Approved
1383,3, Not Graduate, No,1200000,2400000,12,192000,480,3000000,100000,3100000,1700000, Rejected
1384,4, Not Graduate, No,1700000,4900000,18,544000,843,4800000,2200000,6200000,1800000, Approved
1385,4, Graduate, No,5200000,14100000,16,1560000,483,11800000,800000,19200000,2700000, Rejected
1386,1, Not Graduate, No,1600000,5100000,12,208000,548,2200000,2700000,3600000,800000, Rejected
1387,4, Graduate, Yes,6600000,16000000,16,2376000,379,6500000,12600000,24700000,4500000, Rejected
1388,5, Not Graduate, Yes,9400000,26600000,20,3196000,771,10200000,12600000,36900000,11700000, Approved
1389,4, Graduate, Yes,300000,500000,2,15000,353,600000,100000,1200000,400000, Rejected
1390,5, Not Graduate, No,4600000,11500000,16,460000,668,6500000,3100000,10200000,5500000, Approved
1391,3, Not Graduate, Yes,6100000,21300000,2,2379000,387,7100000,3100000,16300000,4100000, Approved
1392,0, Not Graduate, Yes,1500000,4100000,12,480000,789,3600000,1600000,5800000,1300000, Approved
1393,0, Graduate, Yes,400000,900000,2,144000,855,-100000,500000,1300000,400000, Approved
1394,0, Not Graduate, No,8700000,33600000,14,1740000,751,7100000,13700000,22800000,7000000, Approved
1395,3, Not Graduate, No,7000000,21600000,12,1260000,739,1600000,7600000,24500000,8400000, Approved
1396,4, Graduate, No,4700000,13100000,14,799000,492,1000000,4500000,14100000,6400000, Rejected
1397,4, Not Graduate, Yes,7600000,23800000,16,836000,896,3700000,4500000,15400000,6400000, Approved
1398,1, Not Graduate, Yes,9200000,24500000,4,1840000,545,25700000,0,20600000,13300000, Rejected
1399,5, Not Graduate, No,9400000,36800000,20,3196000,891,13900000,16600000,19300000,8900000, Approved
1400,0, Graduate, No,4800000,15100000,6,1296000,848,1300000,300000,18800000,3500000, Approved
1401,3, Not Graduate, Yes,600000,2400000,12,60000,884,600000,800000,1400000,600000, Approved
1402,3, Graduate, Yes,4900000,14300000,14,1715000,439,10300000,5600000,17400000,5100000, Rejected
1403,3, Graduate, Yes,3300000,8500000,12,1254000,586,7500000,5100000,7800000,3900000, Approved
1404,3, Graduate, Yes,9100000,18800000,20,2639000,308,14500000,10200000,20500000,4800000, Rejected
1405,5, Graduate, No,6100000,23500000,16,610000,300,300000,700000,22800000,4800000, Rejected
1406,3, Graduate, Yes,8400000,19600000,2,1596000,741,21500000,200000,18700000,8300000, Approved
1407,4, Graduate, No,7900000,31400000,8,869000,698,16500000,11400000,28700000,5100000, Approved
1408,2, Not Graduate, Yes,6100000,22300000,10,1830000,733,12100000,9700000,17200000,5600000, Approved
1409,3, Not Graduate, Yes,2000000,4200000,16,620000,571,1700000,3900000,5800000,1300000, Approved
1410,3, Graduate, Yes,9900000,29900000,20,693000,490,10500000,9100000,27100000,7400000, Rejected
1411,2, Not Graduate, No,9500000,25400000,16,3230000,451,19000000,2900000,33800000,11400000, Rejected
1412,4, Graduate, Yes,1900000,6800000,6,76000,559,3600000,2200000,6200000,1200000, Approved
1413,4, Graduate, Yes,6900000,21400000,10,759000,577,12500000,2200000,14900000,6300000, Approved
1414,2, Not Graduate, Yes,1500000,5000000,4,285000,613,4400000,1300000,5200000,2100000, Approved
1415,4, Not Graduate, No,1900000,3800000,20,171000,785,1000000,600000,6100000,1500000, Approved
1416,0, Graduate, Yes,2300000,6000000,8,253000,690,5500000,2900000,6000000,2000000, Approved
1417,2, Not Graduate, No,7800000,17100000,14,936000,351,19000000,7200000,19300000,7100000, Rejected
1418,4, Not Graduate, No,400000,1000000,10,136000,447,0,300000,900000,300000, Rejected
1419,0, Graduate, Yes,9400000,19200000,20,1128000,708,21200000,16300000,23400000,13200000, Approved
1420,2, Graduate, No,9100000,21700000,12,3640000,549,25500000,11000000,34700000,12200000, Rejected
1421,1, Graduate, Yes,9000000,18800000,8,3060000,797,4100000,9400000,22900000,7500000, Approved
1422,4, Not Graduate, No,7100000,14300000,14,2059000,537,13700000,10400000,18200000,6100000, Rejected
1423,3, Graduate, No,800000,2500000,12,224000,828,1700000,0,1500000,700000, Approved
1424,0, Graduate, Yes,4500000,9600000,14,1665000,471,3200000,7700000,11000000,3600000, Rejected
1425,5, Graduate, No,8500000,25400000,4,850000,336,8500000,1200000,30600000,9000000, Rejected
1426,3, Not Graduate, Yes,2500000,9800000,16,925000,424,4700000,3200000,5800000,1300000, Rejected
1427,2, Graduate, No,1500000,3300000,18,525000,440,800000,2300000,3000000,1800000, Rejected
1428,0, Not Graduate, No,6200000,17300000,8,868000,583,3700000,3900000,13600000,3300000, Approved
1429,1, Not Graduate, Yes,1300000,2900000,6,520000,480,2900000,300000,2900000,1400000, Rejected
1430,5, Not Graduate, No,6600000,25800000,10,2574000,670,4600000,7200000,20600000,8500000, Approved
1431,0, Graduate, Yes,5300000,13700000,6,848000,329,8800000,7600000,11200000,2800000, Rejected
1432,5, Not Graduate, No,1400000,3000000,6,154000,754,3500000,2700000,5300000,1400000, Approved
1433,2, Not Graduate, Yes,2900000,7800000,18,986000,588,400000,100000,11600000,4200000, Approved
1434,3, Not Graduate, No,6500000,16500000,4,520000,551,5300000,800000,18500000,7600000, Approved
1435,3, Graduate, No,8300000,18900000,4,747000,316,20200000,9700000,21300000,8200000, Rejected
1436,2, Not Graduate, Yes,8900000,32200000,12,801000,382,0,11300000,20500000,5400000, Rejected
1437,3, Graduate, No,5300000,15000000,6,159000,717,7000000,4100000,17100000,5300000, Approved
1438,0, Graduate, No,2800000,7300000,6,1092000,676,3500000,2200000,5700000,3200000, Approved
1439,1, Not Graduate, No,8000000,27800000,6,1760000,667,6000000,12600000,22500000,9900000, Approved
1440,3, Not Graduate, No,3900000,10500000,20,624000,821,1600000,6300000,11000000,3900000, Approved
1441,0, Graduate, No,6200000,20100000,20,1984000,345,9300000,5900000,17400000,4100000, Rejected
1442,3, Not Graduate, Yes,5900000,19200000,10,118000,442,9500000,500000,18300000,4700000, Rejected
1443,1, Graduate, Yes,6000000,23300000,12,60000,672,2000000,11300000,19600000,6400000, Approved
1444,3, Not Graduate, Yes,9100000,29300000,2,2366000,508,19000000,5100000,31600000,11900000, Approved
1445,5, Graduate, Yes,3400000,12300000,10,204000,615,7000000,1600000,11400000,3500000, Approved
1446,1, Graduate, Yes,1800000,4400000,8,486000,689,3200000,2500000,3800000,1600000, Approved
1447,1, Graduate, No,300000,1200000,18,120000,747,100000,0,700000,200000, Rejected
1448,1, Graduate, Yes,9000000,22800000,10,990000,412,0,15600000,32000000,4700000, Rejected
1449,1, Graduate, No,6400000,16900000,2,1152000,703,6300000,7300000,15900000,7400000, Approved
1450,5, Not Graduate, No,5800000,22200000,16,1740000,884,1200000,4800000,19500000,8500000, Approved
1451,5, Graduate, Yes,2600000,8600000,18,962000,651,1000000,100000,7800000,2600000, Approved
1452,4, Not Graduate, No,6600000,17300000,14,66000,793,16700000,1400000,17500000,3900000, Approved
1453,2, Not Graduate, No,6100000,21800000,4,1952000,407,9800000,100000,20200000,5800000, Approved
1454,2, Not Graduate, No,4100000,11100000,8,1558000,390,800000,3100000,10100000,3400000, Rejected
1455,3, Not Graduate, Yes,300000,1000000,12,54000,469,600000,400000,700000,300000, Rejected
1456,4, Graduate, No,4700000,10400000,6,235000,373,6800000,8600000,14300000,5400000, Rejected
1457,4, Graduate, Yes,1500000,5800000,2,315000,304,2400000,1600000,3300000,1400000, Approved
1458,5, Not Graduate, No,2700000,8300000,8,648000,833,4600000,1300000,6800000,3300000, Approved
1459,2, Graduate, No,6900000,20900000,2,2139000,302,18700000,10700000,26900000,9200000, Approved
1460,0, Graduate, No,7600000,28700000,6,1976000,397,11000000,13200000,24600000,3800000, Rejected
1461,1, Graduate, No,4100000,10000000,6,82000,891,4900000,300000,12600000,3600000, Approved
1462,3, Not Graduate, No,4100000,12200000,2,779000,457,700000,500000,14100000,4900000, Rejected
1463,4, Not Graduate, No,1600000,3200000,16,368000,657,200000,100000,5700000,1200000, Approved
1464,2, Not Graduate, Yes,400000,1400000,2,124000,480,200000,700000,1600000,200000, Approved
1465,5, Graduate, Yes,4400000,17300000,20,0,840,3600000,5100000,12900000,2300000, Approved
1466,2, Not Graduate, Yes,3800000,8000000,12,304000,866,6000000,600000,8400000,1900000, Approved
1467,0, Not Graduate, No,4300000,17000000,8,215000,619,4100000,6600000,17100000,3900000, Approved
1468,1, Graduate, Yes,9000000,33500000,2,360000,748,7900000,9800000,25700000,11500000, Approved
1469,3, Not Graduate, Yes,9500000,25500000,12,3705000,881,27000000,14100000,21600000,8900000, Approved
1470,2, Graduate, Yes,6900000,13900000,8,2139000,829,14300000,8100000,22400000,4600000, Approved
1471,3, Not Graduate, No,4300000,11100000,6,301000,312,4800000,3800000,10100000,3300000, Rejected
1472,3, Not Graduate, No,6600000,21400000,10,792000,467,15200000,6000000,20300000,5200000, Rejected
1473,1, Graduate, Yes,5200000,14300000,18,936000,650,5400000,2300000,17600000,3600000, Approved
1474,3, Graduate, Yes,400000,1100000,6,160000,711,100000,300000,1400000,100000, Approved
1475,4, Not Graduate, No,1300000,4100000,18,442000,886,2800000,500000,3800000,600000, Approved
1476,5, Not Graduate, No,9700000,28400000,4,1843000,494,5300000,12000000,24400000,10000000, Rejected
1477,2, Graduate, Yes,5400000,10900000,14,1242000,741,1300000,6000000,20400000,5600000, Approved
1478,4, Not Graduate, No,1200000,3300000,12,480000,876,400000,100000,3800000,1000000, Approved
1479,0, Graduate, Yes,7000000,26400000,14,490000,610,14300000,0,13900000,5300000, Approved
1480,5, Graduate, No,7600000,26000000,6,1748000,778,12900000,2400000,25500000,10900000, Approved
1481,5, Graduate, Yes,700000,1800000,14,63000,571,200000,400000,1900000,400000, Approved
1482,3, Graduate, Yes,7500000,25100000,18,2625000,554,12500000,7900000,28500000,4700000, Approved
1483,0, Not Graduate, Yes,2300000,6200000,8,276000,712,6800000,1700000,8800000,1500000, Approved
1484,5, Not Graduate, Yes,5600000,11500000,4,560000,695,9500000,7100000,11700000,7800000, Approved
1485,0, Not Graduate, Yes,5400000,10900000,20,702000,366,3700000,500000,21000000,4800000, Rejected
1486,1, Not Graduate, Yes,1800000,5500000,10,378000,426,5000000,1500000,5900000,1600000, Rejected
1487,0, Not Graduate, No,2900000,6900000,10,754000,320,5100000,500000,7700000,1500000, Rejected
1488,3, Not Graduate, Yes,1400000,4600000,8,546000,543,1500000,1200000,2700000,2000000, Rejected
1489,2, Graduate, No,2800000,11000000,16,644000,525,8200000,1800000,5800000,2400000, Rejected
1490,0, Not Graduate, Yes,3300000,13100000,12,528000,812,4800000,4900000,7500000,4300000, Approved
1491,0, Not Graduate, No,7000000,25300000,14,1680000,697,15100000,10400000,14300000,6700000, Approved
1492,1, Not Graduate, No,3900000,15100000,12,1053000,527,10600000,5100000,11100000,3800000, Rejected
1493,1, Not Graduate, No,5700000,17200000,4,1596000,512,4300000,7000000,21400000,3000000, Approved
1494,0, Graduate, No,4100000,9200000,4,82000,671,3400000,6300000,10400000,4900000, Approved
1495,1, Graduate, Yes,2200000,8700000,20,638000,539,1000000,4000000,8200000,2600000, Rejected
1496,5, Not Graduate, No,2200000,7200000,10,880000,532,2700000,300000,7500000,1600000, Rejected
1497,3, Not Graduate, Yes,2500000,7700000,16,125000,485,2000000,3600000,5600000,3200000, Rejected
1498,0, Not Graduate, Yes,900000,2100000,6,261000,521,100000,1700000,2100000,700000, Rejected
1499,1, Not Graduate, No,2900000,7400000,10,0,874,400000,1200000,10100000,3300000, Approved
1500,2, Not Graduate, No,9800000,22900000,10,1666000,788,1300000,10300000,27200000,14000000, Approved
1501,2, Not Graduate, No,5200000,14800000,12,1820000,659,11500000,5200000,18100000,4100000, Approved
1502,1, Graduate, Yes,8600000,19600000,16,3182000,498,14800000,3000000,21000000,5300000, Rejected
1503,2, Graduate, Yes,4800000,13200000,20,720000,310,11800000,4600000,12900000,4200000, Rejected
1504,0, Graduate, No,2000000,4700000,6,120000,785,2900000,1800000,6700000,1700000, Approved
1505,0, Graduate, No,3600000,8700000,10,576000,309,6300000,1000000,8600000,3300000, Rejected
1506,3, Not Graduate, Yes,5300000,19600000,2,1272000,433,14700000,9900000,10800000,3000000, Approved
1507,1, Not Graduate, Yes,400000,1300000,18,44000,801,100000,0,1500000,600000, Approved
1508,3, Graduate, Yes,6500000,22400000,6,260000,488,16800000,11700000,21700000,6800000, Rejected
1509,0, Not Graduate, Yes,2300000,6000000,16,253000,756,2900000,2100000,7500000,1200000, Approved
1510,3, Graduate, No,1000000,2800000,4,220000,757,2500000,100000,3800000,900000, Approved
1511,5, Not Graduate, No,3200000,10100000,6,1216000,828,8500000,6000000,8700000,3000000, Approved
1512,3, Graduate, Yes,3400000,7200000,12,544000,733,4800000,2700000,8100000,2200000, Approved
1513,0, Not Graduate, No,9600000,38200000,8,1632000,421,1600000,14100000,33600000,13800000, Rejected
1514,3, Not Graduate, No,5300000,20300000,4,1166000,872,4300000,7300000,18400000,7600000, Approved
1515,3, Graduate, No,4700000,17400000,10,564000,393,12400000,5300000,18700000,5300000, Rejected
1516,3, Graduate, No,9700000,37800000,12,3201000,700,13400000,6100000,25800000,11900000, Approved
1517,5, Graduate, No,8800000,21600000,18,2992000,613,15400000,12100000,30000000,8400000, Approved
1518,5, Graduate, No,5900000,13400000,6,413000,455,3200000,11200000,21600000,6900000, Rejected
1519,4, Graduate, Yes,2400000,7100000,16,120000,871,7000000,300000,8500000,3500000, Approved
1520,4, Graduate, Yes,7900000,21500000,16,316000,497,2200000,5200000,23100000,7700000, Rejected
1521,0, Graduate, No,1400000,2700000,2,196000,649,2600000,1000000,5500000,1100000, Approved
1522,0, Graduate, Yes,3500000,10000000,14,245000,709,5300000,1800000,9200000,5000000, Approved
1523,4, Graduate, No,3400000,13500000,12,918000,705,10000000,1100000,8300000,4900000, Approved
1524,2, Graduate, No,6100000,23600000,2,1159000,476,4600000,2900000,22500000,3800000, Approved
1525,2, Not Graduate, Yes,3000000,7100000,4,390000,819,5400000,4800000,6000000,2100000, Approved
1526,5, Not Graduate, Yes,3400000,9400000,16,204000,535,3100000,5600000,12900000,3200000, Rejected
1527,0, Graduate, Yes,400000,1200000,14,0,889,1100000,200000,700000,200000, Approved
1528,0, Graduate, No,5900000,11800000,12,2124000,468,9100000,10000000,17500000,6200000, Rejected
1529,5, Graduate, Yes,400000,800000,2,96000,759,100000,500000,1300000,300000, Approved
1530,3, Graduate, Yes,9000000,33600000,2,3510000,426,21600000,16200000,20700000,11900000, Approved
1531,0, Graduate, Yes,8800000,23600000,8,2024000,712,400000,11300000,19300000,11100000, Approved
1532,4, Graduate, Yes,2000000,4700000,2,140000,615,500000,100000,6700000,3000000, Approved
1533,2, Graduate, No,4700000,14000000,12,1457000,784,13400000,2700000,14800000,6900000, Approved
1534,4, Not Graduate, No,2700000,6100000,16,864000,677,100000,3300000,6500000,3800000, Approved
1535,1, Not Graduate, No,2600000,7900000,12,442000,306,2000000,2400000,7600000,3300000, Rejected
1536,1, Not Graduate, Yes,9000000,25400000,16,540000,655,22000000,8800000,29100000,7200000, Approved
1537,4, Not Graduate, No,5100000,19400000,8,663000,755,2200000,300000,14900000,5300000, Approved
1538,2, Graduate, No,6600000,25800000,18,2376000,598,3800000,3100000,16400000,5900000, Approved
1539,2, Graduate, No,4400000,9800000,18,1232000,712,5400000,200000,8800000,6400000, Approved
1540,4, Not Graduate, Yes,1500000,4600000,6,525000,524,3700000,2000000,5000000,1400000, Rejected
1541,1, Not Graduate, No,6200000,23100000,16,1550000,838,9100000,1400000,23500000,7000000, Approved
1542,4, Graduate, Yes,900000,2900000,6,360000,560,1500000,900000,3100000,900000, Approved
1543,3, Not Graduate, No,7700000,26400000,12,616000,759,3400000,2900000,21900000,10800000, Approved
1544,2, Graduate, Yes,600000,2400000,6,72000,454,100000,600000,2300000,300000, Rejected
1545,4, Not Graduate, No,4300000,16500000,4,602000,539,10600000,6100000,9300000,2100000, Approved
1546,2, Not Graduate, Yes,8200000,27800000,16,2542000,827,11500000,8700000,26000000,10700000, Approved
1547,0, Not Graduate, No,3500000,11900000,12,1225000,686,4400000,4800000,10100000,2500000, Approved
1548,1, Graduate, Yes,9900000,34100000,14,2277000,371,24400000,7100000,29300000,6200000, Rejected
1549,5, Graduate, No,700000,1900000,4,7000,784,500000,1000000,2100000,600000, Approved
1550,1, Graduate, Yes,2100000,7300000,16,420000,826,1600000,3500000,7700000,1400000, Approved
1551,2, Not Graduate, No,3200000,10500000,12,1152000,502,4300000,1500000,10000000,4500000, Rejected
1552,0, Graduate, No,2900000,7800000,8,58000,367,700000,3700000,7700000,3600000, Rejected
1553,0, Not Graduate, No,7000000,18300000,6,1890000,541,6300000,6400000,20800000,8300000, Rejected
1554,1, Graduate, No,3700000,13600000,16,296000,608,400000,2200000,13400000,2800000, Approved
1555,3, Not Graduate, Yes,4500000,13100000,12,630000,570,10500000,2000000,10100000,5800000, Approved
1556,3, Graduate, No,200000,800000,18,38000,752,200000,200000,300000,200000, Approved
1557,5, Not Graduate, Yes,5600000,20500000,8,2128000,873,5500000,9500000,19400000,7800000, Approved
1558,5, Graduate, No,5400000,18600000,2,2106000,538,7700000,2700000,18800000,4000000, Approved
1559,4, Not Graduate, No,300000,1000000,10,18000,819,700000,300000,900000,200000, Approved
1560,1, Graduate, Yes,7500000,29800000,18,2025000,770,1400000,5200000,28000000,8700000, Approved
1561,5, Not Graduate, Yes,2500000,9600000,6,775000,345,1900000,1900000,6800000,2600000, Rejected
1562,4, Graduate, Yes,3100000,8100000,12,837000,730,6300000,4500000,9000000,4500000, Approved
1563,1, Graduate, Yes,7600000,19300000,20,1064000,835,5800000,2300000,22000000,8200000, Approved
1564,3, Not Graduate, Yes,500000,1700000,2,180000,811,500000,500000,1400000,200000, Approved
1565,2, Not Graduate, No,2700000,5900000,14,864000,662,3200000,1600000,7300000,3800000, Approved
1566,2, Not Graduate, Yes,3500000,13300000,4,630000,420,6400000,1700000,8000000,2300000, Approved
1567,5, Not Graduate, No,3700000,11700000,4,185000,413,8400000,5500000,12000000,2700000, Approved
1568,2, Not Graduate, Yes,5600000,20000000,10,1232000,367,13700000,5000000,19100000,6000000, Rejected
1569,5, Not Graduate, Yes,4800000,16400000,14,768000,390,8400000,2400000,9500000,4000000, Rejected
1570,4, Not Graduate, Yes,5200000,12200000,2,572000,602,10300000,800000,20500000,7700000, Approved
1571,3, Graduate, No,2900000,11500000,16,928000,843,2300000,2600000,10700000,4300000, Approved
1572,1, Graduate, No,2700000,6800000,20,864000,713,500000,3300000,6100000,1900000, Approved
1573,3, Graduate, No,5000000,16200000,8,650000,591,1900000,3400000,14000000,5000000, Approved
1574,2, Not Graduate, Yes,2700000,9400000,14,729000,701,400000,3400000,9900000,1900000, Approved
1575,4, Not Graduate, Yes,2800000,10000000,12,168000,655,4900000,3600000,8500000,3300000, Approved
1576,3, Not Graduate, Yes,7300000,20000000,18,2409000,720,15500000,9900000,23000000,9800000, Approved
1577,0, Graduate, Yes,5900000,15100000,10,472000,794,6000000,4300000,14900000,5400000, Approved
1578,0, Graduate, No,8100000,21300000,2,2430000,392,14200000,6600000,31500000,11000000, Rejected
1579,3, Graduate, Yes,1900000,7100000,6,741000,583,400000,2800000,6500000,2000000, Approved
1580,5, Graduate, No,1800000,6800000,18,504000,457,2200000,1100000,3800000,1400000, Rejected
1581,0, Not Graduate, Yes,7600000,17800000,14,836000,570,15200000,12100000,21500000,9900000, Approved
1582,1, Graduate, No,9100000,30100000,14,0,890,17800000,12400000,32500000,7500000, Approved
1583,2, Not Graduate, Yes,5300000,12300000,14,1537000,472,10000000,1600000,20400000,3300000, Rejected
1584,2, Not Graduate, No,3700000,10900000,12,518000,788,1700000,700000,12200000,2600000, Approved
1585,0, Not Graduate, No,9500000,35300000,6,1805000,605,10000000,12700000,31100000,7000000, Approved
1586,3, Graduate, No,8300000,30500000,10,166000,473,13300000,9400000,23300000,11800000, Rejected
1587,5, Graduate, No,6400000,21500000,16,2496000,728,300000,5200000,17400000,9600000, Approved
1588,5, Graduate, Yes,5300000,17800000,16,1166000,505,9200000,8500000,14600000,4100000, Rejected
1589,0, Graduate, Yes,5600000,19300000,6,1232000,407,3400000,3600000,14200000,8400000, Rejected
1590,1, Graduate, Yes,900000,1700000,18,252000,464,1300000,0,1900000,700000, Rejected
1591,0, Graduate, Yes,2400000,7200000,20,960000,514,4100000,2100000,6700000,1800000, Rejected
1592,1, Graduate, No,9500000,23000000,10,0,627,28500000,11500000,21700000,9100000, Approved
1593,2, Not Graduate, Yes,7400000,14900000,20,1998000,627,15900000,10100000,19000000,10300000, Approved
1594,4, Not Graduate, Yes,1500000,3200000,10,570000,858,1500000,0,4700000,1700000, Approved
1595,3, Graduate, Yes,8800000,30200000,8,2288000,607,13600000,12700000,21500000,5900000, Approved
1596,5, Not Graduate, Yes,4900000,14300000,4,1960000,663,8500000,6100000,19600000,5500000, Approved
1597,1, Not Graduate, Yes,8100000,26900000,6,729000,522,23000000,2100000,18700000,4200000, Rejected
1598,2, Not Graduate, Yes,2300000,9100000,20,0,610,3700000,600000,7800000,3400000, Approved
1599,5, Not Graduate, Yes,3000000,6600000,16,270000,462,5500000,3500000,9100000,3600000, Rejected
1600,2, Not Graduate, Yes,3900000,9300000,8,117000,591,10900000,2700000,9600000,3300000, Approved
1601,4, Graduate, Yes,1700000,6500000,20,374000,636,1700000,900000,6200000,2300000, Approved
1602,0, Not Graduate, Yes,2100000,4900000,10,567000,359,1000000,800000,6100000,1000000, Rejected
1603,4, Graduate, Yes,9700000,25000000,4,2328000,542,9800000,12000000,29300000,13400000, Rejected
1604,5, Not Graduate, Yes,3500000,11800000,4,35000,642,2300000,2900000,11900000,3600000, Approved
1605,5, Not Graduate, Yes,1500000,5500000,4,60000,414,800000,1400000,2900000,1200000, Approved
1606,3, Not Graduate, Yes,8800000,26200000,20,2112000,865,19300000,9800000,27700000,12500000, Approved
1607,3, Graduate, No,900000,3100000,10,198000,369,1400000,100000,1700000,500000, Rejected
1608,0, Graduate, Yes,3500000,10800000,14,1260000,838,4700000,6800000,13900000,1700000, Approved
1609,5, Not Graduate, No,5500000,21200000,4,1650000,582,12100000,8300000,17100000,3100000, Approved
1610,5, Not Graduate, Yes,9800000,23200000,10,2450000,416,11000000,17300000,21600000,8500000, Rejected
1611,5, Graduate, No,2100000,5500000,20,483000,705,5400000,1400000,4600000,1200000, Approved
1612,0, Graduate, No,1800000,5700000,18,270000,306,500000,700000,5600000,1700000, Rejected
1613,5, Graduate, Yes,5800000,13000000,8,1856000,851,6700000,8700000,17700000,4100000, Approved
1614,5, Graduate, No,6700000,17200000,18,2345000,613,9700000,6800000,24600000,7100000, Approved
1615,3, Graduate, No,4300000,16300000,10,688000,366,6900000,6700000,12300000,5500000, Rejected
1616,1, Graduate, No,1200000,2800000,12,408000,431,900000,400000,2900000,900000, Rejected
1617,5, Not Graduate, Yes,9700000,25900000,2,2037000,754,9000000,10000000,28500000,6700000, Approved
1618,5, Graduate, Yes,5400000,11200000,10,918000,447,300000,7900000,21400000,6000000, Rejected
1619,1, Not Graduate, Yes,5300000,14100000,14,1802000,510,13300000,10400000,18900000,7800000, Rejected
1620,1, Graduate, No,7300000,24200000,20,730000,324,12900000,3700000,18400000,9000000, Rejected
1621,5, Graduate, No,9500000,19200000,2,1615000,523,13500000,1500000,21000000,6700000, Rejected
1622,0, Not Graduate, Yes,7200000,15600000,2,2592000,362,2700000,2400000,20800000,5900000, Rejected
1623,3, Graduate, Yes,9000000,32900000,6,3510000,657,9900000,600000,29200000,12000000, Approved
1624,5, Not Graduate, No,6500000,23300000,12,1690000,790,600000,9700000,15500000,9500000, Approved
1625,1, Graduate, Yes,9500000,30500000,18,3420000,500,1300000,3300000,20500000,5500000, Rejected
1626,2, Not Graduate, Yes,9900000,33200000,4,1485000,465,26300000,17000000,24400000,5000000, Approved
1627,4, Not Graduate, No,2900000,8700000,6,812000,409,3700000,5500000,8200000,2200000, Rejected
1628,4, Graduate, Yes,700000,1800000,20,133000,626,500000,600000,1400000,300000, Approved
1629,5, Not Graduate, No,4200000,13400000,16,840000,545,9800000,8200000,12500000,3500000, Rejected
1630,3, Not Graduate, No,4200000,11400000,10,672000,654,8800000,400000,16200000,5700000, Approved
1631,0, Not Graduate, No,7600000,26500000,6,1672000,515,6200000,14900000,22000000,4000000, Rejected
1632,2, Graduate, Yes,7100000,18800000,12,639000,838,1100000,5200000,16600000,4900000, Approved
1633,1, Not Graduate, Yes,4700000,16000000,14,141000,406,4000000,5300000,14300000,3300000, Rejected
1634,0, Graduate, Yes,9800000,23200000,10,3626000,573,23900000,3300000,23600000,14600000, Approved
1635,0, Graduate, Yes,9800000,38700000,2,294000,611,6600000,10400000,33000000,6000000, Approved
1636,0, Not Graduate, No,5100000,13400000,16,1989000,649,6800000,1600000,15700000,3900000, Approved
1637,0, Not Graduate, Yes,3300000,7700000,12,66000,775,8200000,2100000,7400000,4200000, Approved
1638,3, Graduate, No,4500000,12500000,12,135000,469,4100000,7600000,14200000,3400000, Rejected
1639,0, Graduate, Yes,3900000,12800000,18,1014000,587,4500000,5300000,12600000,5000000, Approved
1640,3, Graduate, Yes,3200000,9900000,10,384000,316,9100000,5500000,8800000,3600000, Rejected
1641,2, Graduate, No,3200000,10400000,10,736000,556,8200000,5600000,11500000,4500000, Approved
1642,2, Not Graduate, No,9600000,31200000,12,2976000,578,9900000,2200000,26500000,13500000, Approved
1643,2, Not Graduate, Yes,8700000,18900000,2,1740000,554,3900000,1900000,18000000,11500000, Approved
1644,2, Not Graduate, Yes,1900000,6800000,6,38000,892,2600000,2200000,6400000,900000, Approved
1645,2, Not Graduate, Yes,2900000,10200000,10,290000,315,8100000,400000,6500000,1600000, Rejected
1646,0, Not Graduate, No,6200000,12900000,10,2108000,695,1900000,3700000,22200000,4200000, Approved
1647,0, Not Graduate, No,5900000,20300000,4,1180000,806,300000,3700000,16400000,4800000, Approved
1648,4, Not Graduate, Yes,3200000,12800000,8,576000,638,4300000,2600000,8000000,3800000, Approved
1649,1, Not Graduate, Yes,1300000,5000000,4,91000,610,3400000,800000,4500000,900000, Approved
1650,2, Not Graduate, Yes,1300000,3200000,4,91000,810,3800000,2100000,4300000,800000, Approved
1651,1, Graduate, No,8700000,33200000,4,1218000,866,19600000,15900000,23700000,10500000, Approved
1652,3, Not Graduate, No,6300000,23800000,10,1764000,760,12700000,1300000,18400000,8800000, Approved
1653,3, Graduate, No,4300000,11200000,6,1290000,556,11000000,4300000,14500000,5100000, Approved
1654,3, Not Graduate, Yes,6400000,23500000,12,2368000,684,17200000,10300000,25300000,7400000, Approved
1655,5, Not Graduate, Yes,7700000,25800000,18,693000,578,5000000,7700000,27200000,10600000, Approved
1656,2, Not Graduate, No,6900000,23900000,12,2346000,814,13000000,1900000,26600000,6000000, Approved
1657,0, Not Graduate, No,4200000,14800000,20,966000,510,9200000,5700000,11900000,2600000, Rejected
1658,4, Not Graduate, No,3900000,9000000,2,429000,674,8700000,5700000,14000000,3100000, Approved
1659,0, Graduate, Yes,2000000,4900000,14,560000,570,3800000,300000,6600000,1300000, Approved
1660,1, Not Graduate, No,500000,1700000,2,200000,680,700000,800000,1400000,700000, Approved
1661,0, Graduate, No,3500000,8800000,12,1120000,803,5400000,300000,8400000,3400000, Approved
1662,2, Not Graduate, Yes,3100000,10700000,16,992000,357,9200000,1900000,7700000,3800000, Rejected
1663,3, Not Graduate, Yes,4900000,19000000,4,539000,575,14100000,9100000,16500000,4600000, Approved
1664,1, Not Graduate, No,1000000,3600000,4,320000,546,2500000,0,2600000,500000, Approved
1665,2, Graduate, No,6700000,21400000,8,268000,370,3200000,11800000,20100000,8600000, Rejected
1666,1, Graduate, No,4100000,9400000,6,615000,713,0,1000000,11100000,3100000, Approved
1667,4, Not Graduate, Yes,1600000,3800000,2,16000,896,1200000,400000,4800000,2000000, Approved
1668,3, Graduate, Yes,2400000,9200000,14,192000,626,300000,3600000,8500000,2000000, Approved
1669,0, Graduate, No,2200000,6400000,4,330000,854,900000,1600000,6500000,1300000, Approved
1670,4, Graduate, No,3200000,8400000,18,480000,802,400000,0,9100000,4700000, Approved
1671,4, Not Graduate, Yes,1600000,4400000,20,96000,382,1700000,300000,5200000,1900000, Rejected
1672,2, Not Graduate, No,3900000,14900000,6,1131000,415,2200000,4300000,9500000,4600000, Rejected
1673,5, Graduate, Yes,2000000,6300000,4,760000,366,5300000,2200000,5400000,2800000, Approved
1674,1, Graduate, Yes,7600000,25400000,10,1672000,595,7900000,400000,24900000,11000000, Approved
1675,1, Not Graduate, No,9800000,21300000,2,1666000,356,23000000,12300000,25700000,14600000, Rejected
1676,5, Not Graduate, No,7900000,29900000,6,2291000,568,5800000,13900000,15900000,8700000, Approved
1677,1, Graduate, No,1600000,4000000,10,96000,615,2200000,2700000,5500000,1400000, Approved
1678,1, Graduate, Yes,6400000,13900000,12,1920000,313,18600000,6300000,18600000,4900000, Rejected
1679,1, Graduate, Yes,6400000,17900000,6,1664000,575,6600000,7600000,23100000,5300000, Approved
1680,4, Graduate, No,1600000,5500000,10,608000,577,400000,1200000,4100000,1400000, Approved
1681,0, Graduate, No,9200000,30700000,10,1288000,455,24900000,2000000,32900000,5200000, Rejected
1682,1, Not Graduate, No,7800000,24900000,6,2262000,500,15300000,10000000,16500000,4500000, Rejected
1683,1, Not Graduate, Yes,4000000,9400000,8,560000,509,1000000,4100000,10800000,5500000, Rejected
1684,2, Not Graduate, Yes,6100000,19400000,8,1220000,379,5300000,10800000,14300000,4100000, Rejected
1685,5, Graduate, No,7100000,14500000,14,1207000,664,5300000,12900000,15700000,9200000, Approved
1686,0, Not Graduate, Yes,2500000,9900000,6,875000,623,6000000,1800000,6200000,1800000, Approved
1687,5, Graduate, No,3200000,8700000,16,160000,558,2600000,2500000,9100000,1800000, Approved
1688,4, Graduate, No,1700000,4300000,18,527000,580,1500000,2400000,6600000,1700000, Approved
1689,4, Graduate, No,6300000,17600000,6,126000,612,16000000,3300000,23500000,3200000, Approved
1690,4, Graduate, Yes,700000,2400000,14,42000,705,0,100000,2000000,700000, Approved
1691,4, Graduate, Yes,1100000,2700000,18,66000,301,2800000,1600000,3300000,1500000, Rejected
1692,1, Not Graduate, Yes,8900000,32000000,16,267000,711,4300000,1200000,22100000,5200000, Approved
1693,3, Graduate, No,300000,700000,20,75000,735,900000,200000,900000,400000, Approved
1694,1, Not Graduate, No,2200000,5200000,14,836000,682,2600000,600000,6100000,1800000, Approved
1695,3, Not Graduate, No,3400000,13500000,10,1292000,348,7900000,3700000,8200000,4700000, Rejected
1696,0, Graduate, Yes,7900000,23500000,20,2607000,750,16800000,15300000,21200000,4000000, Approved
1697,3, Not Graduate, Yes,5800000,18200000,16,2204000,835,1000000,6100000,14600000,7900000, Approved
1698,0, Graduate, Yes,9400000,20000000,6,2350000,389,16000000,7100000,19400000,10200000, Rejected
1699,2, Graduate, No,4800000,18900000,4,384000,866,10200000,6000000,13900000,5900000, Approved
1700,3, Not Graduate, No,7600000,26600000,4,760000,689,5300000,600000,24300000,8600000, Approved
1701,0, Not Graduate, No,5900000,17600000,16,2124000,645,13000000,3100000,23400000,8600000, Approved
1702,1, Graduate, Yes,4300000,10100000,2,1720000,797,4400000,4500000,16300000,4700000, Approved
1703,5, Graduate, No,6100000,17800000,6,1830000,849,2900000,10900000,16100000,7800000, Approved
1704,5, Graduate, No,5400000,19700000,20,1026000,423,6500000,10000000,15700000,7300000, Rejected
1705,1, Not Graduate, Yes,5200000,11200000,2,1716000,370,9900000,10200000,16700000,6400000, Rejected
1706,5, Not Graduate, No,8500000,31300000,12,2805000,378,21400000,13100000,30400000,8800000, Rejected
1707,4, Not Graduate, No,900000,1900000,20,252000,417,1000000,800000,2800000,900000, Rejected
1708,1, Not Graduate, No,1400000,4100000,20,56000,530,1200000,1100000,3000000,1900000, Rejected
1709,1, Not Graduate, Yes,2400000,9300000,20,744000,543,700000,800000,5000000,3400000, Rejected
1710,4, Graduate, No,6300000,15000000,18,945000,750,800000,6500000,15400000,7700000, Approved
1711,1, Graduate, No,3100000,7600000,20,62000,346,700000,4600000,8100000,4400000, Rejected
1712,4, Graduate, Yes,6900000,19000000,14,483000,330,9300000,7100000,18800000,8400000, Rejected
1713,2, Not Graduate, Yes,3000000,7400000,10,210000,712,5100000,1000000,11600000,3800000, Approved
1714,0, Not Graduate, No,3100000,10100000,14,899000,376,6400000,2600000,11600000,4300000, Rejected
1715,4, Not Graduate, No,600000,1200000,14,60000,338,500000,500000,2300000,500000, Rejected
1716,4, Not Graduate, Yes,4700000,13700000,14,188000,600,12100000,8400000,17700000,5000000, Approved
1717,1, Graduate, No,2500000,6900000,20,225000,495,4800000,3300000,5700000,3700000, Rejected
1718,0, Graduate, No,9700000,30400000,4,0,300,17100000,16600000,38100000,9200000, Approved
1719,4, Not Graduate, Yes,7600000,20000000,18,1292000,691,5000000,8700000,23400000,11200000, Approved
1720,1, Graduate, No,8400000,24700000,8,2352000,519,12900000,16700000,17300000,6000000, Rejected
1721,3, Graduate, Yes,3800000,15100000,20,912000,540,9400000,1000000,9300000,3600000, Rejected
1722,3, Not Graduate, Yes,3100000,11400000,16,372000,562,3600000,3600000,7200000,3100000, Approved
1723,2, Not Graduate, No,5700000,21300000,10,2280000,323,1600000,11200000,16200000,5100000, Rejected
1724,1, Graduate, Yes,5500000,19700000,10,110000,312,12800000,4800000,19500000,3300000, Rejected
1725,1, Not Graduate, Yes,200000,600000,2,60000,511,500000,100000,800000,200000, Approved
1726,3, Not Graduate, Yes,3700000,13800000,10,592000,621,4000000,800000,11900000,5300000, Approved
1727,2, Not Graduate, Yes,1600000,4300000,20,304000,512,3200000,2500000,6300000,900000, Rejected
1728,4, Graduate, No,3900000,11000000,2,117000,786,7900000,1600000,10700000,2100000, Approved
1729,3, Not Graduate, Yes,700000,1600000,18,189000,303,600000,500000,2000000,600000, Rejected
1730,3, Graduate, Yes,5800000,16700000,18,116000,633,8100000,8400000,14700000,3700000, Approved
1731,4, Graduate, Yes,3800000,14000000,6,722000,711,9500000,7300000,14500000,3100000, Approved
1732,2, Graduate, No,6400000,16900000,16,1088000,472,11100000,6000000,16300000,4500000, Rejected
1733,1, Graduate, Yes,5500000,12100000,4,1485000,350,6300000,9200000,17200000,6900000, Rejected
1734,1, Not Graduate, Yes,6800000,13700000,10,136000,879,500000,2600000,22000000,6800000, Approved
1735,4, Not Graduate, No,6700000,13400000,10,536000,436,3600000,1200000,23200000,7500000, Rejected
1736,1, Graduate, Yes,5300000,11500000,14,1219000,848,1300000,3600000,14700000,5700000, Approved
1737,2, Graduate, No,6600000,23200000,16,2046000,555,9900000,6500000,23300000,3300000, Approved
1738,2, Graduate, No,6600000,13100000,20,1980000,885,10900000,4300000,20600000,6200000, Approved
1739,0, Not Graduate, No,7600000,25200000,6,456000,888,12700000,10900000,24500000,7500000, Approved
1740,4, Not Graduate, Yes,2500000,6100000,20,650000,478,5900000,800000,9500000,3200000, Rejected
1741,4, Not Graduate, No,1100000,2500000,4,220000,603,1900000,1400000,3900000,500000, Approved
1742,1, Not Graduate, No,2300000,8200000,8,644000,784,2000000,0,7600000,1100000, Approved
1743,1, Graduate, Yes,3300000,11700000,4,462000,682,3500000,5500000,12300000,1600000, Approved
1744,4, Graduate, Yes,2600000,5900000,6,520000,471,3500000,1900000,7300000,3400000, Rejected
1745,4, Not Graduate, Yes,9300000,36700000,20,93000,808,16500000,14700000,26500000,7100000, Approved
1746,4, Not Graduate, No,5300000,18500000,8,1855000,470,2900000,9300000,14900000,4900000, Rejected
1747,2, Not Graduate, No,5400000,13800000,20,648000,574,900000,9200000,10900000,3700000, Approved
1748,4, Not Graduate, Yes,3500000,12000000,8,385000,314,7700000,100000,12600000,2700000, Rejected
1749,2, Graduate, No,4200000,10200000,14,1050000,407,5900000,4500000,12000000,2500000, Rejected
1750,0, Not Graduate, Yes,9200000,34900000,4,2668000,702,16900000,16000000,24100000,9800000, Approved
1751,2, Graduate, No,4300000,9800000,2,1462000,499,4400000,4500000,12600000,5100000, Rejected
1752,1, Graduate, Yes,7500000,19900000,10,1425000,669,1800000,8800000,18100000,7300000, Approved
1753,5, Not Graduate, Yes,5400000,18800000,20,486000,326,9700000,10100000,14800000,3200000, Rejected
1754,3, Not Graduate, No,5500000,16200000,18,495000,778,4700000,10700000,15300000,6100000, Approved
1755,2, Not Graduate, Yes,2100000,4500000,2,399000,787,4800000,2800000,6000000,2100000, Approved
1756,0, Graduate, No,3700000,12300000,16,296000,831,8000000,2200000,11200000,2400000, Approved
1757,0, Graduate, No,8800000,32900000,18,1056000,576,1300000,8700000,32600000,5600000, Approved
1758,5, Not Graduate, No,5800000,22800000,12,1972000,600,16000000,1100000,20700000,5700000, Approved
1759,4, Graduate, No,7900000,30600000,2,1422000,569,7600000,3400000,20100000,7400000, Approved
1760,1, Not Graduate, Yes,3100000,6300000,20,620000,867,1900000,6100000,6600000,4000000, Approved
1761,0, Not Graduate, No,4100000,14500000,12,287000,441,9900000,300000,15700000,3900000, Rejected
1762,2, Not Graduate, Yes,9800000,32700000,2,490000,304,4700000,19000000,24500000,8600000, Approved
1763,5, Not Graduate, No,3300000,8400000,18,627000,520,500000,6300000,11000000,4000000, Rejected
1764,0, Graduate, No,2000000,6200000,14,500000,613,100000,1800000,5400000,1300000, Approved
1765,2, Not Graduate, Yes,600000,1100000,8,222000,885,700000,0,1200000,300000, Approved
1766,4, Not Graduate, Yes,3600000,9500000,2,360000,841,4900000,4400000,13500000,2100000, Approved
1767,2, Not Graduate, No,7500000,29100000,20,1350000,815,12400000,9500000,25300000,9100000, Approved
1768,5, Graduate, Yes,200000,400000,18,62000,822,200000,300000,600000,300000, Approved
1769,4, Not Graduate, No,9900000,29100000,18,1683000,772,24100000,19400000,26800000,11700000, Approved
1770,5, Graduate, Yes,6100000,22500000,6,1830000,776,17600000,9900000,13800000,4800000, Approved
1771,4, Not Graduate, Yes,3500000,10300000,10,595000,337,9000000,5600000,10500000,4500000, Rejected
1772,0, Not Graduate, Yes,7800000,19000000,12,4680000,333,15400000,14900000,30600000,9600000, Rejected
1773,3, Not Graduate, Yes,8700000,29300000,4,1392000,312,9000000,2800000,30000000,4900000, Approved
1774,2, Graduate, Yes,5500000,12400000,14,275000,842,-100000,6800000,15800000,5800000, Approved
1775,3, Graduate, Yes,1800000,5100000,8,288000,790,100000,0,3700000,2000000, Approved
1776,2, Graduate, No,8000000,31900000,16,2720000,806,19900000,1800000,23200000,5400000, Approved
1777,5, Not Graduate, Yes,7500000,17000000,8,2175000,300,7800000,8300000,18900000,6700000, Rejected
1778,5, Graduate, Yes,3700000,12000000,12,148000,605,4900000,1800000,13200000,3100000, Approved
1779,2, Graduate, Yes,1600000,4700000,12,32000,582,1500000,1300000,5200000,1000000, Approved
1780,5, Graduate, No,1300000,2700000,6,442000,607,800000,1500000,4700000,1600000, Approved
1781,5, Graduate, Yes,2400000,8200000,10,360000,709,2100000,3700000,8800000,2800000, Approved
1782,4, Graduate, Yes,4100000,11600000,14,82000,854,500000,6900000,12700000,5700000, Approved
1783,2, Not Graduate, Yes,7300000,15200000,20,2117000,776,14700000,9600000,26400000,4100000, Approved
1784,1, Graduate, Yes,8000000,24600000,12,720000,649,10800000,1600000,21800000,9200000, Approved
1785,3, Not Graduate, No,7900000,28000000,4,237000,394,22800000,13200000,18200000,3900000, Approved
1786,4, Not Graduate, No,7200000,18900000,16,1224000,371,6600000,14100000,18900000,4900000, Rejected
1787,3, Not Graduate, No,6200000,13200000,14,2170000,707,17200000,8900000,23100000,4200000, Approved
1788,2, Not Graduate, Yes,5700000,18100000,20,1824000,491,6800000,100000,17700000,3900000, Rejected
1789,0, Graduate, Yes,5800000,14100000,16,1334000,570,8200000,4200000,16400000,3700000, Approved
1790,1, Not Graduate, No,900000,3500000,18,144000,395,2500000,800000,3000000,1300000, Rejected
1791,0, Not Graduate, Yes,2200000,7500000,10,0,497,2300000,2100000,5700000,1800000, Rejected
1792,3, Not Graduate, Yes,1800000,5300000,14,288000,440,2000000,100000,3700000,1000000, Rejected
1793,0, Not Graduate, Yes,800000,2400000,16,56000,825,700000,0,3100000,1100000, Approved
1794,2, Graduate, Yes,7600000,18100000,14,456000,320,14700000,2600000,28100000,8500000, Rejected
1795,2, Graduate, Yes,4100000,13500000,4,533000,846,8900000,7800000,11400000,2400000, Approved
1796,3, Graduate, Yes,4600000,10900000,12,828000,856,13500000,5100000,9400000,3300000, Approved
1797,3, Graduate, No,2300000,6800000,10,713000,418,2800000,2700000,6300000,1400000, Rejected
1798,0, Not Graduate, Yes,8000000,21100000,6,1600000,306,16100000,11800000,28200000,8700000, Rejected
1799,2, Not Graduate, Yes,3800000,14500000,16,1368000,567,2400000,2600000,10500000,3000000, Approved
1800,2, Not Graduate, Yes,9500000,36800000,6,3420000,493,24100000,13800000,32100000,6200000, Rejected
1801,2, Graduate, No,9300000,21200000,2,2511000,509,2800000,2600000,35800000,6600000, Rejected
1802,4, Graduate, No,4700000,17000000,4,188000,364,2900000,4600000,18800000,6200000, Approved
1803,5, Not Graduate, No,6000000,24000000,20,480000,639,300000,7300000,15100000,6600000, Approved
1804,2, Graduate, Yes,5500000,21700000,2,1100000,309,11800000,1000000,21600000,7600000, Approved
1805,0, Not Graduate, Yes,4600000,14800000,6,92000,433,12100000,4600000,11100000,6700000, Rejected
1806,5, Not Graduate, No,9900000,33600000,20,1782000,580,7000000,10800000,37400000,14700000, Approved
1807,1, Graduate, Yes,6200000,16200000,4,1674000,888,-100000,12000000,24300000,4000000, Approved
1808,4, Not Graduate, Yes,400000,1100000,6,148000,644,1000000,300000,1600000,400000, Approved
1809,1, Not Graduate, Yes,7800000,22200000,10,3042000,763,11200000,1400000,27000000,4900000, Approved
1810,0, Graduate, Yes,2900000,10800000,20,87000,694,6400000,200000,10600000,2100000, Approved
1811,3, Not Graduate, No,500000,1200000,6,95000,757,1300000,100000,1200000,600000, Approved
1812,0, Not Graduate, No,2500000,6900000,12,925000,471,7100000,4000000,5200000,1500000, Rejected
1813,5, Not Graduate, No,9000000,35200000,2,3600000,437,18400000,17800000,18300000,10400000, Approved
1814,4, Not Graduate, Yes,5200000,11400000,10,260000,406,14700000,2000000,13000000,4400000, Rejected
1815,5, Not Graduate, No,6000000,19700000,20,1200000,376,14700000,10700000,17100000,5500000, Rejected
1816,1, Graduate, No,5100000,13800000,14,1785000,350,6200000,2200000,12600000,3600000, Rejected
1817,5, Not Graduate, Yes,8000000,22500000,20,2880000,784,7600000,7300000,26000000,10800000, Approved
1818,4, Graduate, Yes,9200000,25400000,14,460000,765,21200000,6600000,25100000,5600000, Approved
1819,4, Not Graduate, No,9800000,32200000,18,2156000,593,9500000,400000,34000000,14300000, Approved
1820,3, Graduate, Yes,7600000,30000000,10,1444000,344,19000000,13700000,27600000,11100000, Rejected
1821,1, Graduate, No,5100000,11800000,12,255000,314,14700000,7600000,12400000,4900000, Rejected
1822,4, Graduate, Yes,1500000,3300000,16,450000,382,200000,2400000,3200000,1100000, Rejected
1823,2, Not Graduate, Yes,6200000,16500000,4,124000,510,14100000,4700000,18200000,6300000, Rejected
1824,2, Graduate, Yes,6300000,24600000,8,1953000,464,7700000,2200000,13000000,6900000, Rejected
1825,1, Graduate, Yes,5500000,14900000,2,0,403,7400000,8900000,19700000,4100000, Rejected
1826,3, Not Graduate, No,8100000,30400000,12,2916000,606,900000,1100000,31900000,11600000, Approved
1827,1, Graduate, No,6300000,22000000,20,1575000,646,9500000,7900000,13500000,5500000, Approved
1828,1, Graduate, No,1100000,3600000,20,374000,495,1600000,1100000,3100000,500000, Rejected
1829,3, Not Graduate, Yes,7200000,21600000,2,1296000,626,10600000,1600000,26900000,3700000, Approved
1830,1, Not Graduate, Yes,3000000,6000000,16,270000,518,3800000,1700000,11600000,3900000, Rejected
1831,5, Graduate, No,2700000,7600000,8,594000,746,900000,2200000,7200000,3400000, Approved
1832,0, Not Graduate, No,5000000,16300000,12,200000,737,2600000,3400000,11800000,4400000, Approved
1833,0, Not Graduate, No,8400000,22300000,14,1176000,371,8300000,3700000,22300000,9100000, Rejected
1834,1, Graduate, No,7700000,27300000,8,2310000,509,10100000,2200000,20200000,10800000, Rejected
1835,1, Graduate, No,4700000,14000000,2,0,411,4600000,5100000,10600000,3700000, Rejected
1836,2, Not Graduate, No,4300000,11800000,20,258000,701,11600000,4600000,14200000,3300000, Approved
1837,5, Not Graduate, No,2500000,8800000,10,425000,769,3700000,1600000,8200000,2700000, Approved
1838,5, Not Graduate, Yes,4400000,12500000,6,264000,740,8200000,2300000,9900000,5400000, Approved
1839,5, Not Graduate, No,5700000,11600000,4,969000,892,10200000,6100000,19800000,7400000, Approved
1840,2, Not Graduate, No,5300000,13100000,14,53000,417,4900000,6200000,18200000,6800000, Rejected
1841,5, Graduate, No,4600000,14400000,6,460000,785,6500000,6300000,14700000,6200000, Approved
1842,3, Not Graduate, No,400000,1100000,16,80000,504,200000,400000,800000,400000, Rejected
1843,0, Not Graduate, No,2100000,5900000,14,609000,402,4400000,0,4800000,1000000, Rejected
1844,2, Graduate, Yes,1200000,3500000,16,192000,540,3100000,1800000,3500000,800000, Rejected
1845,2, Graduate, Yes,8000000,28400000,10,0,607,11400000,3800000,29000000,11600000, Approved
1846,1, Graduate, Yes,5000000,19400000,10,1850000,410,11600000,6200000,11700000,4500000, Rejected
1847,0, Not Graduate, No,8500000,17200000,12,3400000,624,6500000,8400000,18600000,5100000, Approved
1848,4, Graduate, No,4600000,16600000,16,1288000,805,4800000,8000000,11500000,2800000, Approved
1849,2, Graduate, No,4600000,16100000,18,690000,709,7100000,9000000,13800000,5400000, Approved
1850,2, Not Graduate, Yes,8500000,30900000,14,1105000,511,23300000,4400000,21900000,5500000, Rejected
1851,1, Graduate, Yes,7800000,25100000,18,1404000,766,6900000,7200000,16600000,10200000, Approved
1852,3, Not Graduate, Yes,1400000,3800000,16,434000,451,3100000,1300000,4300000,1300000, Rejected
1853,1, Not Graduate, Yes,3700000,10200000,4,1369000,447,300000,2000000,14500000,3200000, Rejected
1854,3, Not Graduate, Yes,1000000,2500000,18,210000,763,400000,1100000,2100000,1400000, Approved
1855,5, Not Graduate, No,900000,3100000,20,216000,834,1000000,900000,2100000,1300000, Approved
1856,2, Graduate, No,5600000,19500000,8,1456000,429,6100000,2200000,21100000,7200000, Rejected
1857,4, Not Graduate, No,3200000,10600000,16,736000,693,7800000,4900000,10400000,1800000, Approved
1858,1, Graduate, No,2900000,11100000,20,290000,478,4200000,2900000,8500000,3000000, Rejected
1859,2, Graduate, Yes,300000,800000,10,48000,752,600000,300000,1000000,400000, Approved
1860,0, Graduate, Yes,2400000,5900000,14,552000,319,2000000,4200000,9500000,3300000, Rejected
1861,3, Graduate, No,5000000,17600000,8,1600000,303,6300000,9600000,12800000,6900000, Rejected
1862,3, Not Graduate, Yes,5000000,16700000,20,700000,420,1100000,5000000,18700000,6900000, Rejected
1863,2, Not Graduate, Yes,200000,600000,8,14000,552,400000,200000,700000,200000, Approved
1864,3, Not Graduate, Yes,6000000,16000000,12,780000,606,2600000,11600000,19300000,7800000, Approved
1865,2, Not Graduate, No,5600000,13700000,2,504000,558,7500000,9300000,12100000,6700000, Approved
1866,1, Not Graduate, No,4500000,12400000,6,360000,504,12000000,3200000,13100000,2200000, Rejected
1867,5, Not Graduate, Yes,200000,300000,8,76000,412,-100000,100000,500000,100000, Rejected
1868,4, Not Graduate, Yes,6200000,18300000,4,2232000,900,16900000,3400000,15300000,6400000, Approved
1869,4, Not Graduate, Yes,9800000,23800000,8,1470000,634,12800000,9300000,37600000,6100000, Approved
1870,5, Graduate, Yes,3900000,9000000,8,1443000,340,4900000,6800000,9000000,5200000, Rejected
1871,3, Not Graduate, Yes,8300000,20900000,4,1909000,615,4400000,200000,19000000,9600000, Approved
1872,2, Graduate, Yes,4900000,12200000,18,196000,353,7000000,200000,14400000,3600000, Rejected
1873,4, Graduate, Yes,6900000,16300000,8,69000,606,5800000,900000,23700000,3600000, Approved
1874,2, Not Graduate, No,4500000,14500000,18,855000,498,7900000,200000,13500000,4800000, Rejected
1875,4, Not Graduate, No,7500000,21900000,2,1575000,585,6800000,12200000,27500000,8100000, Approved
1876,1, Not Graduate, Yes,2300000,6400000,8,828000,578,3600000,1800000,7000000,3000000, Approved
1877,1, Graduate, No,7400000,15500000,2,148000,693,3000000,12800000,21800000,9300000, Approved
1878,4, Graduate, No,4800000,14300000,6,1632000,795,5900000,0,11100000,2600000, Approved
1879,1, Graduate, No,2600000,9900000,6,156000,594,2900000,4300000,6700000,2500000, Approved
1880,3, Not Graduate, Yes,2700000,10600000,8,135000,840,500000,3000000,9000000,1900000, Approved
1881,3, Not Graduate, No,3700000,10900000,16,185000,301,7800000,2300000,9600000,3400000, Rejected
1882,4, Graduate, Yes,2600000,9400000,18,338000,481,2700000,4400000,8600000,2400000, Rejected
1883,5, Not Graduate, Yes,8800000,23100000,16,528000,531,20800000,2600000,22100000,8000000, Rejected
1884,2, Not Graduate, No,7500000,15400000,8,2775000,332,8300000,3100000,23700000,5400000, Rejected
1885,0, Graduate, No,4700000,18500000,4,1880000,516,1000000,8400000,10400000,6100000, Approved
1886,2, Not Graduate, No,7100000,26600000,6,426000,727,16500000,9800000,21100000,7900000, Approved
1887,3, Not Graduate, Yes,5500000,19300000,10,385000,344,14400000,1300000,12400000,6600000, Rejected
1888,2, Graduate, No,9500000,31500000,12,3325000,650,17600000,16600000,22200000,11400000, Approved
1889,3, Graduate, Yes,4200000,15400000,8,294000,362,9900000,5300000,15500000,5600000, Rejected
1890,5, Graduate, Yes,6900000,18600000,18,2691000,307,3500000,4800000,25300000,4200000, Rejected
1891,5, Graduate, No,9900000,24600000,2,891000,530,24200000,12800000,20400000,13000000, Rejected
1892,5, Graduate, No,6700000,17700000,6,2278000,482,3200000,10400000,18500000,5700000, Rejected
1893,0, Not Graduate, Yes,9300000,22200000,14,186000,701,600000,10100000,35900000,5700000, Approved
1894,2, Graduate, No,5600000,17200000,16,840000,586,13700000,2100000,14300000,4300000, Approved
1895,0, Graduate, Yes,8100000,17600000,16,1782000,384,15200000,13300000,31700000,10200000, Rejected
1896,4, Not Graduate, No,6000000,18000000,18,1320000,882,6700000,2500000,12200000,7500000, Approved
1897,5, Not Graduate, Yes,4200000,11200000,2,1386000,758,5300000,6500000,9600000,3800000, Approved
1898,5, Graduate, No,1600000,4000000,18,80000,529,300000,1200000,5300000,2000000, Rejected
1899,3, Graduate, Yes,800000,1500000,2,128000,589,1500000,1100000,1800000,400000, Approved
1900,1, Graduate, No,500000,1300000,6,95000,670,1000000,500000,1400000,700000, Approved
1901,5, Not Graduate, Yes,4300000,14100000,12,1075000,532,12600000,5700000,12000000,4600000, Rejected
1902,0, Not Graduate, No,4000000,12500000,18,920000,868,11000000,800000,14400000,2300000, Approved
1903,2, Not Graduate, No,2900000,7300000,2,812000,776,8300000,3000000,8500000,3400000, Approved
1904,5, Graduate, Yes,2300000,9100000,16,368000,644,4000000,2600000,6600000,3100000, Approved
1905,0, Graduate, Yes,1800000,6000000,12,0,658,2900000,2300000,4500000,2400000, Approved
1906,1, Graduate, Yes,8700000,33900000,10,3306000,766,16300000,700000,19500000,9000000, Approved
1907,3, Not Graduate, No,7800000,21100000,12,2262000,717,1200000,10700000,19900000,6200000, Approved
1908,2, Graduate, No,3200000,6300000,10,672000,339,300000,4900000,7300000,2700000, Rejected
1909,0, Not Graduate, No,1600000,4500000,18,480000,463,100000,2000000,4100000,1800000, Rejected
1910,4, Not Graduate, No,2400000,7300000,4,624000,540,2500000,300000,7800000,2200000, Approved
1911,1, Graduate, No,1800000,5900000,16,18000,804,800000,2500000,5000000,1000000, Approved
1912,1, Graduate, No,7500000,16000000,10,2775000,541,16300000,4500000,22400000,5100000, Rejected
1913,4, Not Graduate, Yes,6700000,18400000,10,335000,371,1900000,1400000,15700000,4400000, Rejected
1914,5, Graduate, No,5800000,13700000,6,0,369,10500000,2700000,12100000,3000000, Rejected
1915,0, Not Graduate, No,500000,1800000,2,85000,651,700000,0,1700000,200000, Approved
1916,0, Graduate, Yes,9400000,30700000,10,1410000,477,17400000,900000,27500000,6200000, Rejected
1917,4, Not Graduate, No,1600000,6200000,18,624000,554,3200000,800000,5500000,1100000, Approved
1918,0, Graduate, Yes,9300000,25000000,14,2325000,362,14900000,16100000,32300000,11000000, Rejected
1919,5, Graduate, No,3700000,14000000,2,999000,469,3800000,600000,8000000,2800000, Approved
1920,3, Not Graduate, No,900000,1900000,12,162000,547,2400000,400000,3000000,400000, Rejected
1921,4, Not Graduate, No,500000,1300000,6,170000,809,200000,300000,900000,500000, Approved
1922,1, Graduate, Yes,7800000,16200000,2,78000,335,4900000,7900000,28700000,6400000, Rejected
1923,5, Not Graduate, Yes,5300000,13700000,18,2067000,708,7600000,900000,19200000,5900000, Approved
1924,0, Graduate, No,300000,700000,16,105000,779,200000,0,1000000,400000, Approved
1925,0, Graduate, Yes,5000000,19900000,6,1950000,748,8300000,8500000,11300000,3000000, Approved
1926,0, Graduate, No,7900000,28600000,18,2528000,541,400000,3900000,22300000,6700000, Rejected
1927,4, Graduate, No,5300000,15800000,2,1272000,527,3800000,5200000,19700000,3900000, Rejected
1928,0, Not Graduate, Yes,5500000,15300000,4,1210000,859,4600000,9500000,21400000,2900000, Approved
1929,0, Graduate, No,1500000,5600000,18,480000,604,2000000,2400000,4400000,1800000, Approved
1930,5, Graduate, No,6600000,20100000,18,1452000,348,6900000,2500000,22500000,7200000, Rejected
1931,4, Graduate, Yes,6200000,16200000,20,806000,734,8800000,4000000,14600000,4400000, Approved
1932,3, Graduate, No,6300000,17000000,16,1764000,388,11700000,2100000,16100000,3200000, Rejected
1933,0, Graduate, Yes,3800000,8100000,20,570000,831,6500000,1700000,7700000,2000000, Approved
1934,5, Not Graduate, No,500000,1500000,6,165000,433,-100000,700000,1900000,700000, Rejected
1935,2, Graduate, Yes,5000000,15900000,16,600000,699,8800000,5900000,18100000,7200000, Approved
1936,0, Not Graduate, No,4500000,17100000,8,270000,303,7400000,8200000,17400000,4200000, Rejected
1937,4, Not Graduate, No,1000000,3800000,2,120000,611,1700000,1800000,2500000,600000, Approved
1938,2, Graduate, No,1700000,3700000,20,17000,558,4100000,1400000,5000000,2500000, Approved
1939,4, Graduate, Yes,1200000,4800000,2,396000,752,2800000,900000,3000000,600000, Approved
1940,5, Not Graduate, Yes,8500000,25800000,14,170000,786,13900000,11000000,32400000,11300000, Approved
1941,0, Graduate, No,8600000,29000000,18,688000,481,21200000,2600000,27700000,5400000, Rejected
1942,2, Graduate, No,400000,1300000,16,16000,507,200000,200000,1500000,300000, Rejected
1943,4, Graduate, No,8700000,19800000,14,2349000,715,13500000,13400000,32000000,8500000, Approved
1944,0, Not Graduate, No,1800000,5700000,20,378000,392,3800000,2400000,3500000,1400000, Rejected
1945,0, Graduate, Yes,4700000,17700000,16,799000,887,1300000,4900000,13200000,6700000, Approved
1946,0, Not Graduate, No,7300000,21600000,2,2701000,479,17900000,12300000,15900000,7500000, Rejected
1947,2, Graduate, No,8400000,32100000,20,2016000,328,16300000,4600000,19500000,8000000, Rejected
1948,2, Graduate, Yes,4800000,12900000,8,1824000,740,9300000,900000,11000000,3700000, Approved
1949,2, Graduate, No,9200000,34200000,2,368000,456,12200000,11300000,25800000,5700000, Approved
1950,1, Not Graduate, No,6200000,21100000,10,1178000,467,15600000,10500000,23500000,5300000, Rejected
1951,0, Graduate, Yes,200000,700000,10,6000,587,-100000,100000,500000,100000, Rejected
1952,0, Not Graduate, Yes,2500000,6700000,16,125000,569,4500000,3400000,6200000,1300000, Approved
1953,3, Not Graduate, Yes,8000000,24400000,14,560000,399,19100000,5400000,20600000,11600000, Rejected
1954,1, Not Graduate, No,4600000,15200000,4,690000,593,13800000,3800000,11700000,3900000, Approved
1955,3, Not Graduate, Yes,4900000,12700000,8,735000,409,2000000,2500000,19300000,4700000, Rejected
1956,4, Not Graduate, No,9500000,21300000,18,3230000,353,22900000,2300000,21400000,11100000, Rejected
1957,5, Graduate, Yes,4500000,11600000,20,720000,306,4800000,1900000,11900000,5700000, Rejected
1958,2, Graduate, Yes,5900000,14200000,12,1593000,499,9200000,11600000,20200000,4400000, Rejected
1959,4, Graduate, No,4200000,14600000,6,1176000,324,6300000,5900000,11700000,3000000, Rejected
1960,2, Not Graduate, Yes,3300000,11300000,6,363000,647,5100000,6000000,12800000,4400000, Approved
1961,2, Graduate, Yes,4900000,12600000,2,1960000,767,1100000,7400000,13000000,3800000, Approved
1962,4, Not Graduate, No,5300000,10700000,12,53000,821,15400000,10200000,17600000,2600000, Approved
1963,4, Not Graduate, No,7200000,17700000,6,1368000,338,9900000,9300000,27800000,7200000, Rejected
1964,0, Graduate, No,8400000,24300000,4,2352000,785,11900000,10100000,26600000,8500000, Approved
1965,3, Graduate, No,3800000,11800000,4,1292000,694,0,500000,8300000,5100000, Approved
1966,0, Not Graduate, No,9900000,22300000,20,3465000,613,28400000,8900000,23600000,4900000, Approved
1967,4, Graduate, Yes,2900000,8300000,10,58000,318,8700000,4100000,10900000,2100000, Rejected
1968,3, Not Graduate, Yes,6000000,18700000,18,600000,783,2800000,8500000,20300000,8800000, Approved
1969,2, Not Graduate, No,1700000,5300000,20,442000,761,2500000,500000,3700000,1200000, Approved
1970,4, Graduate, Yes,5300000,12000000,10,2120000,329,15300000,9300000,17300000,6100000, Rejected
1971,5, Not Graduate, Yes,7500000,15000000,14,825000,661,12100000,5800000,29900000,4400000, Approved
1972,4, Not Graduate, No,400000,900000,18,80000,339,700000,200000,800000,200000, Rejected
1973,1, Graduate, Yes,8300000,17700000,10,1494000,673,23700000,5300000,28700000,4200000, Approved
1974,3, Graduate, No,4500000,16900000,18,360000,748,8500000,7200000,15100000,6600000, Approved
1975,3, Graduate, No,4600000,10000000,4,1748000,702,6800000,1500000,16100000,4500000, Approved
1976,4, Not Graduate, No,4700000,10300000,12,1034000,710,7500000,7700000,16900000,6600000, Approved
1977,0, Graduate, Yes,900000,3500000,6,243000,331,2400000,1400000,3500000,1100000, Rejected
1978,1, Not Graduate, No,2400000,7600000,12,696000,372,5700000,4400000,6600000,1400000, Rejected
1979,0, Not Graduate, Yes,3900000,9600000,10,312000,783,9900000,2100000,10900000,3900000, Approved
1980,0, Graduate, No,8300000,31400000,18,996000,558,13300000,2900000,25900000,6300000, Approved
1981,4, Graduate, Yes,4700000,13000000,6,1692000,552,5600000,8300000,11900000,2400000, Approved
1982,4, Not Graduate, No,3900000,10600000,20,468000,544,4100000,3100000,10900000,4900000, Rejected
1983,2, Not Graduate, No,400000,1000000,6,136000,425,800000,300000,800000,200000, Rejected
1984,2, Not Graduate, Yes,1700000,5100000,18,187000,321,2000000,2800000,5100000,1500000, Rejected
1985,2, Graduate, Yes,6100000,15500000,8,2196000,758,8900000,4000000,13300000,7200000, Approved
1986,5, Graduate, Yes,7300000,19600000,10,292000,373,10400000,4700000,19500000,10600000, Rejected
1987,3, Not Graduate, Yes,300000,500000,6,120000,876,300000,100000,1100000,300000, Approved
1988,2, Not Graduate, No,4300000,14500000,10,731000,594,11400000,700000,14000000,5300000, Approved
1989,3, Not Graduate, No,7000000,18400000,18,560000,837,2800000,7900000,15400000,5700000, Approved
1990,0, Not Graduate, Yes,4900000,16500000,4,1617000,600,11100000,2200000,12000000,6500000, Approved
1991,4, Graduate, No,6200000,12400000,20,1860000,547,14200000,10800000,17200000,8000000, Rejected
1992,1, Not Graduate, No,4100000,15800000,12,697000,431,9700000,7300000,15200000,5700000, Rejected
1993,0, Not Graduate, Yes,7300000,22600000,12,1168000,851,3300000,3400000,24800000,5300000, Approved
1994,4, Not Graduate, Yes,9200000,28100000,12,2668000,760,23200000,9700000,22300000,12900000, Approved
1995,0, Not Graduate, No,800000,2400000,2,32000,716,700000,1200000,3100000,400000, Approved
1996,4, Not Graduate, No,2900000,11200000,10,899000,744,6600000,4000000,7300000,1600000, Approved
1997,3, Not Graduate, No,8100000,21600000,4,0,740,22400000,3700000,16900000,9900000, Approved
1998,0, Graduate, No,9300000,20300000,14,2139000,759,27000000,11600000,26500000,10900000, Approved
1999,4, Graduate, Yes,9200000,29400000,14,1196000,517,4900000,0,33500000,10100000, Rejected
2000,3, Not Graduate, Yes,3100000,6300000,18,1116000,895,2300000,3400000,10500000,4200000, Approved
2001,3, Not Graduate, Yes,7000000,15400000,20,0,315,19900000,7600000,16400000,5900000, Rejected
2002,4, Not Graduate, No,3900000,8800000,14,1248000,527,4600000,4900000,14900000,3100000, Rejected
2003,3, Graduate, No,5500000,19800000,14,825000,853,7300000,3000000,15500000,3100000, Approved
2004,0, Graduate, No,6600000,13700000,20,1716000,747,3600000,2400000,23900000,6000000, Approved
2005,2, Not Graduate, No,9900000,31600000,16,3663000,892,4200000,17500000,31400000,12700000, Approved
2006,4, Graduate, Yes,6600000,20500000,8,2178000,856,18800000,5400000,15100000,9400000, Approved
2007,3, Graduate, No,8600000,23600000,4,1462000,324,13800000,3800000,28500000,4300000, Rejected
2008,5, Graduate, No,7900000,28600000,12,2844000,812,12100000,14400000,30000000,11700000, Approved
2009,5, Graduate, Yes,6800000,22600000,2,2312000,804,3500000,12500000,18200000,9900000, Approved
2010,4, Graduate, No,700000,1800000,8,105000,874,1600000,1000000,1300000,300000, Approved
2011,2, Not Graduate, Yes,3800000,10000000,12,684000,516,2400000,4200000,14200000,5100000, Rejected
2012,5, Graduate, Yes,6900000,18300000,4,483000,402,12600000,13100000,23200000,6100000, Rejected
2013,1, Graduate, Yes,3700000,12400000,12,888000,330,3400000,1000000,10400000,2800000, Rejected
2014,1, Graduate, No,7900000,24000000,12,869000,867,20500000,10000000,30700000,9400000, Approved
2015,4, Graduate, Yes,8800000,34200000,16,0,844,18700000,11000000,20700000,10700000, Approved
2016,5, Not Graduate, Yes,3300000,7800000,8,363000,310,3000000,3900000,8300000,4200000, Rejected
2017,4, Not Graduate, No,5800000,14200000,20,2262000,535,10200000,4000000,21100000,3400000, Rejected
2018,1, Graduate, Yes,7400000,29500000,16,1776000,323,10000000,4400000,29400000,8100000, Rejected
2019,1, Graduate, No,8200000,25600000,4,1640000,686,2000000,5900000,17300000,4400000, Approved
2020,0, Not Graduate, Yes,3300000,9600000,8,231000,465,6100000,700000,9700000,2000000, Rejected
2021,4, Graduate, Yes,5300000,10700000,12,424000,547,1000000,10200000,11600000,5700000, Rejected
2022,1, Not Graduate, No,5700000,19100000,12,741000,649,9400000,10200000,16400000,4500000, Approved
2023,2, Not Graduate, No,9000000,31000000,14,2700000,670,21300000,5400000,31100000,12900000, Approved
2024,3, Graduate, No,5900000,14400000,10,1003000,408,2400000,5100000,23000000,3700000, Rejected
2025,2, Not Graduate, No,5400000,11900000,6,594000,303,15000000,9200000,15400000,6900000, Rejected
2026,0, Graduate, No,9800000,34800000,14,1862000,497,3000000,2200000,23800000,9600000, Rejected
2027,4, Graduate, Yes,9800000,34100000,14,490000,740,6500000,16900000,27100000,5100000, Approved
2028,4, Not Graduate, Yes,3800000,8200000,4,760000,309,10900000,3900000,10200000,3300000, Rejected
2029,0, Not Graduate, No,9500000,24400000,14,3135000,769,14400000,2400000,30800000,14200000, Approved
2030,3, Graduate, Yes,2500000,7100000,6,325000,420,3800000,3300000,8700000,3000000, Rejected
2031,1, Graduate, No,1900000,6000000,20,437000,540,1100000,1400000,4300000,1300000, Rejected
2032,5, Graduate, Yes,4400000,10600000,20,1496000,806,9700000,3600000,10800000,2500000, Approved
2033,4, Graduate, Yes,1400000,2900000,6,84000,723,3800000,0,4700000,1600000, Approved
2034,5, Not Graduate, Yes,3200000,11800000,16,800000,565,8100000,2700000,9200000,1800000, Approved
2035,1, Graduate, Yes,3100000,9200000,16,527000,374,2400000,3500000,7100000,3500000, Rejected
2036,4, Graduate, No,4500000,9900000,10,45000,509,11100000,3100000,12200000,2700000, Rejected
2037,3, Not Graduate, Yes,9300000,23500000,16,2883000,728,3500000,9900000,27300000,9800000, Approved
2038,2, Graduate, No,6900000,18200000,20,1104000,396,15600000,4300000,22900000,5400000, Rejected
2039,0, Not Graduate, Yes,3900000,8600000,2,351000,667,4300000,6600000,13500000,2000000, Approved
2040,5, Not Graduate, No,3200000,7400000,12,480000,583,9400000,5500000,10600000,3600000, Approved
2041,1, Not Graduate, Yes,5600000,21100000,10,1176000,459,9700000,1400000,13900000,8100000, Rejected
2042,4, Not Graduate, Yes,3700000,11900000,18,518000,635,6100000,6400000,11200000,4700000, Approved
2043,3, Not Graduate, No,8400000,27200000,12,2100000,604,21400000,8800000,23700000,4700000, Approved
2044,0, Not Graduate, Yes,4200000,8900000,14,1386000,796,3000000,1600000,13300000,4800000, Approved
2045,4, Graduate, No,3800000,8500000,10,304000,416,6200000,4800000,14900000,4100000, Rejected
2046,3, Graduate, No,3200000,8200000,8,896000,311,4900000,5600000,10700000,1600000, Rejected
2047,1, Graduate, No,9700000,33900000,10,3007000,833,24600000,16200000,28300000,6600000, Approved
2048,1, Not Graduate, Yes,4300000,9400000,6,1720000,543,7400000,5200000,14800000,4200000, Rejected
2049,5, Graduate, Yes,8100000,20300000,18,0,751,1600000,7900000,31700000,7400000, Approved
2050,5, Not Graduate, Yes,9400000,23200000,14,3666000,885,16900000,1200000,34900000,4700000, Approved
2051,4, Not Graduate, Yes,8100000,19400000,6,1296000,346,7800000,9300000,29300000,4500000, Rejected
2052,4, Graduate, No,6500000,14500000,4,780000,588,10300000,9500000,22800000,6400000, Approved
2053,2, Graduate, No,9400000,23100000,4,188000,488,20100000,3500000,28600000,10900000, Rejected
2054,1, Not Graduate, Yes,2600000,6600000,20,676000,765,2100000,200000,5200000,1300000, Approved
2055,3, Not Graduate, Yes,8000000,25600000,6,1040000,337,8800000,500000,18900000,9800000, Rejected
2056,1, Graduate, No,4700000,9300000,8,940000,515,1000000,4700000,14600000,5700000, Rejected
2057,2, Graduate, Yes,7600000,22300000,12,2812000,555,2100000,13800000,17700000,7100000, Approved
2058,1, Graduate, Yes,6800000,27200000,2,1360000,702,4600000,2400000,27100000,6300000, Approved
2059,2, Not Graduate, Yes,6600000,17000000,2,462000,457,100000,1800000,23300000,6700000, Rejected
2060,2, Graduate, No,8200000,27200000,10,2788000,425,11400000,4900000,29300000,4500000, Rejected
2061,1, Graduate, Yes,4400000,12300000,6,88000,583,2400000,7900000,17200000,6600000, Approved
2062,1, Not Graduate, No,8300000,29200000,6,2490000,877,13700000,9900000,31500000,9500000, Approved
2063,0, Graduate, No,9200000,36500000,14,2208000,522,10500000,5300000,22400000,13200000, Rejected
2064,5, Not Graduate, Yes,2700000,8700000,20,702000,687,2600000,1200000,9000000,1300000, Approved
2065,0, Graduate, No,6100000,23600000,20,671000,856,3300000,5200000,17700000,6400000, Approved
2066,4, Not Graduate, Yes,9100000,33000000,8,0,543,15700000,14400000,19500000,11200000, Rejected
2067,5, Not Graduate, Yes,7600000,15400000,14,2584000,576,2300000,2800000,24500000,4700000, Approved
2068,2, Not Graduate, No,7200000,17000000,10,1512000,856,18100000,12700000,15800000,6000000, Approved
2069,0, Graduate, Yes,2600000,8200000,8,702000,722,3500000,4200000,7100000,3200000, Approved
2070,4, Graduate, Yes,6500000,20200000,12,1495000,653,18600000,1400000,23800000,6400000, Approved
2071,5, Graduate, No,8900000,35500000,16,1246000,480,17200000,11300000,25200000,4900000, Rejected
2072,2, Graduate, Yes,5400000,14300000,14,162000,477,10200000,700000,11100000,5500000, Rejected
2073,0, Graduate, No,300000,500000,2,84000,885,200000,400000,700000,200000, Approved
2074,0, Not Graduate, No,8400000,19600000,18,588000,530,17000000,3600000,24200000,12300000, Rejected
2075,3, Graduate, No,8300000,17200000,8,3320000,870,4700000,8800000,18300000,10000000, Approved
2076,4, Not Graduate, No,1700000,5600000,8,51000,395,2700000,800000,3500000,2400000, Rejected
2077,2, Not Graduate, No,1500000,4200000,16,600000,771,2500000,800000,5700000,1100000, Approved
2078,1, Not Graduate, Yes,200000,500000,2,8000,579,500000,100000,500000,100000, Approved
2079,1, Graduate, Yes,1000000,3700000,14,280000,798,2000000,200000,3800000,1400000, Approved
2080,3, Not Graduate, Yes,8800000,25100000,8,3520000,473,17200000,600000,24400000,12400000, Rejected
2081,0, Graduate, Yes,1000000,3200000,8,70000,304,500000,600000,3700000,700000, Rejected
2082,0, Not Graduate, Yes,8600000,23000000,14,3182000,678,18800000,16400000,22900000,12000000, Approved
2083,5, Graduate, Yes,2400000,8900000,2,48000,745,1700000,2000000,9200000,2100000, Approved
2084,1, Graduate, No,2400000,8900000,8,96000,835,2400000,1200000,5500000,1100000, Approved
2085,5, Not Graduate, Yes,6000000,12100000,20,1020000,848,13900000,4800000,18000000,3600000, Approved
2086,5, Not Graduate, No,7600000,16300000,18,380000,872,5100000,1900000,20700000,5000000, Approved
2087,3, Not Graduate, No,8000000,20100000,10,2800000,608,9800000,15500000,26100000,5200000, Approved
2088,0, Graduate, Yes,5400000,19500000,16,540000,758,2600000,2700000,18300000,6000000, Approved
2089,0, Not Graduate, Yes,1400000,3700000,4,224000,841,3000000,1000000,4600000,1000000, Approved
2090,0, Not Graduate, Yes,800000,2600000,2,128000,618,300000,1200000,2000000,500000, Approved
2091,4, Graduate, Yes,300000,1100000,4,105000,457,700000,100000,1100000,400000, Approved
2092,0, Graduate, No,4100000,14400000,4,1189000,844,2700000,6000000,9900000,4200000, Approved
2093,2, Not Graduate, No,1500000,3800000,4,435000,776,2800000,0,5300000,1400000, Approved
2094,1, Not Graduate, No,4600000,13900000,8,414000,520,13300000,6400000,9800000,2200000, Rejected
2095,1, Graduate, Yes,3300000,7500000,12,1056000,648,6400000,1700000,8700000,1600000, Approved
2096,4, Not Graduate, Yes,7900000,31400000,10,1975000,654,16500000,15200000,25400000,5000000, Approved
2097,0, Not Graduate, No,8100000,26500000,20,1215000,342,5800000,5600000,23700000,5800000, Rejected
2098,5, Not Graduate, No,900000,2800000,16,81000,808,2100000,900000,3100000,800000, Approved
2099,1, Graduate, Yes,4900000,15200000,10,392000,429,5700000,7300000,14400000,3300000, Rejected
2100,3, Graduate, Yes,6100000,18100000,14,1952000,538,11800000,4200000,16200000,7500000, Rejected
2101,3, Not Graduate, No,4500000,16400000,6,1620000,533,1800000,5600000,12200000,3900000, Rejected
2102,2, Graduate, Yes,2900000,7300000,8,1160000,394,7700000,2600000,7700000,4000000, Rejected
2103,1, Not Graduate, No,7900000,29300000,2,158000,771,17600000,12800000,20400000,4000000, Approved
2104,5, Graduate, Yes,4100000,10100000,4,902000,792,4400000,6100000,8600000,4900000, Approved
2105,5, Not Graduate, Yes,7700000,15500000,8,1386000,407,6500000,9100000,26300000,4600000, Rejected
2106,0, Not Graduate, No,5600000,19300000,18,224000,544,6400000,2800000,19900000,6400000, Rejected
2107,5, Graduate, No,9000000,18000000,18,3510000,509,24600000,5200000,20000000,6100000, Rejected
2108,4, Not Graduate, Yes,6400000,18400000,16,960000,320,17700000,3600000,13900000,8300000, Rejected
2109,4, Graduate, No,6900000,14700000,2,966000,496,12000000,7000000,15500000,4000000, Rejected
2110,3, Not Graduate, No,9100000,27400000,18,1001000,652,8500000,7300000,31700000,6800000, Approved
2111,2, Graduate, Yes,1100000,3700000,2,374000,806,2700000,800000,2900000,500000, Approved
2112,4, Not Graduate, No,1700000,4500000,12,51000,821,3200000,1900000,4900000,1500000, Approved
2113,5, Graduate, Yes,9200000,28800000,20,552000,618,14300000,10800000,33900000,10600000, Approved
2114,2, Not Graduate, Yes,8300000,20600000,12,3237000,729,22400000,9000000,31400000,8400000, Approved
2115,5, Not Graduate, Yes,5000000,10600000,6,1650000,839,12600000,8600000,19800000,3500000, Approved
2116,3, Graduate, No,2200000,6400000,2,88000,318,1400000,2100000,4300000,1500000, Rejected
2117,2, Graduate, No,4500000,9600000,16,1665000,404,1800000,6000000,17000000,2700000, Rejected
2118,5, Not Graduate, Yes,4100000,9000000,6,1394000,581,6600000,1500000,11300000,3400000, Approved
2119,1, Not Graduate, No,2800000,6800000,18,700000,596,7900000,400000,7300000,1500000, Approved
2120,1, Not Graduate, No,6600000,20700000,4,198000,415,12800000,11900000,17700000,3900000, Approved
2121,3, Not Graduate, Yes,3200000,7200000,6,544000,728,4800000,2000000,8000000,4600000, Approved
2122,0, Not Graduate, No,6300000,13300000,2,2520000,666,8800000,4000000,14200000,4900000, Approved
2123,2, Graduate, No,4700000,17700000,14,1175000,675,5800000,7200000,13100000,6500000, Approved
2124,0, Graduate, No,4100000,15400000,16,205000,304,3000000,5200000,16200000,3100000, Rejected
2125,5, Graduate, Yes,7100000,15500000,4,2769000,474,7600000,9000000,22400000,9400000, Rejected
2126,4, Graduate, Yes,4900000,10200000,18,245000,370,10900000,2200000,13700000,6600000, Rejected
2127,4, Graduate, No,5600000,20300000,20,728000,596,5100000,10900000,12700000,7900000, Approved
2128,4, Graduate, No,3400000,8300000,2,170000,567,5700000,1900000,10200000,2700000, Approved
2129,3, Not Graduate, No,4500000,16100000,16,225000,671,10500000,3600000,12400000,5800000, Approved
2130,2, Graduate, No,300000,800000,18,120000,819,300000,300000,900000,400000, Approved
2131,5, Not Graduate, Yes,7600000,23000000,10,380000,829,3100000,7300000,17600000,7300000, Approved
2132,5, Graduate, No,500000,1200000,12,25000,454,1400000,500000,1000000,300000, Rejected
2133,0, Graduate, Yes,5900000,15200000,16,885000,399,15200000,3200000,12200000,6500000, Rejected
2134,0, Graduate, No,7100000,20700000,10,71000,784,9500000,11400000,27900000,8600000, Approved
2135,2, Not Graduate, Yes,8500000,26900000,6,3315000,538,21300000,16400000,21500000,4600000, Rejected
2136,0, Graduate, Yes,6400000,16900000,16,192000,759,16200000,7100000,15200000,3100000, Approved
2137,2, Graduate, No,7100000,21400000,12,639000,699,11400000,13400000,22600000,4800000, Approved
2138,5, Not Graduate, No,1800000,5400000,14,378000,347,3800000,1300000,4900000,1700000, Rejected
2139,3, Not Graduate, Yes,6600000,25200000,20,2244000,598,13100000,3600000,20700000,8600000, Approved
2140,4, Graduate, Yes,8800000,27100000,2,1144000,406,16300000,6200000,26100000,5800000, Approved
2141,2, Not Graduate, No,4800000,15800000,20,288000,860,1700000,3300000,13400000,5100000, Approved
2142,5, Graduate, Yes,4400000,16500000,10,1496000,806,3500000,4400000,11200000,2800000, Approved
2143,0, Not Graduate, No,2000000,6900000,2,680000,448,2700000,3800000,7100000,1600000, Approved
2144,2, Graduate, No,6800000,22600000,20,1564000,393,2100000,2200000,20300000,8200000, Rejected
2145,5, Not Graduate, Yes,6600000,16000000,12,594000,811,13100000,5000000,14700000,5000000, Approved
2146,2, Graduate, No,3300000,7900000,20,231000,829,4800000,2100000,13200000,2600000, Approved
2147,3, Not Graduate, No,7400000,23400000,16,1258000,700,19300000,3000000,20700000,8900000, Approved
2148,0, Not Graduate, Yes,4500000,12400000,18,1755000,719,10300000,200000,9200000,3100000, Approved
2149,1, Not Graduate, Yes,9500000,30500000,12,3230000,430,5400000,8000000,30800000,10500000, Rejected
2150,1, Graduate, No,800000,3000000,4,120000,338,900000,1000000,2600000,400000, Approved
2151,2, Graduate, No,4000000,13000000,4,520000,695,6400000,6900000,15400000,4300000, Approved
2152,2, Not Graduate, No,7000000,25700000,18,2590000,374,3400000,13700000,14900000,4500000, Rejected
2153,3, Graduate, No,3500000,8500000,18,560000,609,7300000,0,12700000,2500000, Approved
2154,3, Graduate, Yes,9700000,36000000,6,3589000,631,3500000,5500000,28500000,7500000, Approved
2155,0, Not Graduate, No,3400000,10800000,6,1326000,439,5300000,1400000,11600000,1900000, Rejected
2156,1, Graduate, Yes,4600000,13500000,20,552000,837,5600000,7700000,11900000,2500000, Approved
2157,4, Graduate, No,3800000,10400000,10,988000,833,7500000,2500000,14100000,4200000, Approved
2158,4, Not Graduate, Yes,4200000,9600000,20,1260000,863,7400000,900000,9100000,3400000, Approved
2159,2, Graduate, No,2500000,8700000,4,900000,684,0,600000,9700000,2600000, Approved
2160,0, Not Graduate, Yes,7000000,24600000,6,2310000,542,6400000,2600000,24500000,4700000, Rejected
2161,1, Not Graduate, No,5300000,11500000,8,2014000,753,10000000,4200000,14400000,3000000, Approved
2162,0, Not Graduate, No,6400000,14200000,2,1024000,512,1600000,9200000,23100000,3500000, Rejected
2163,3, Not Graduate, No,3400000,8100000,12,272000,385,6100000,4000000,10700000,4000000, Rejected
2164,4, Not Graduate, No,6700000,18800000,2,2077000,749,15600000,7900000,19900000,8600000, Approved
2165,1, Not Graduate, Yes,4600000,10100000,4,276000,618,2200000,100000,12900000,4300000, Approved
2166,4, Graduate, Yes,900000,2500000,4,252000,583,1300000,800000,1800000,1100000, Approved
2167,0, Graduate, No,5100000,19900000,18,1224000,655,4400000,0,17100000,7100000, Approved
2168,0, Not Graduate, Yes,7000000,20900000,20,2240000,380,11800000,10800000,21100000,6200000, Rejected
2169,3, Graduate, Yes,4100000,14700000,6,902000,679,6600000,3700000,10500000,5600000, Approved
2170,2, Graduate, No,4600000,14800000,6,1380000,410,12900000,6800000,16100000,5800000, Rejected
2171,2, Graduate, Yes,3600000,11500000,8,1332000,590,1600000,5200000,10900000,3000000, Approved
2172,5, Graduate, No,5900000,13800000,14,354000,397,12400000,600000,20400000,3000000, Rejected
2173,2, Graduate, No,600000,2100000,16,186000,425,900000,500000,2300000,300000, Rejected
2174,0, Graduate, No,4900000,16400000,2,539000,383,3300000,3500000,15000000,5800000, Approved
2175,5, Graduate, Yes,6400000,23900000,6,448000,406,14700000,12400000,25400000,4300000, Rejected
2176,2, Graduate, No,7000000,19800000,10,2590000,563,3900000,9400000,22800000,8000000, Approved
2177,3, Graduate, Yes,6700000,13400000,14,670000,782,4900000,4000000,25800000,9600000, Approved
2178,1, Not Graduate, Yes,800000,2200000,4,296000,852,900000,200000,2200000,1000000, Approved
2179,5, Not Graduate, No,7600000,27800000,2,2128000,753,18400000,12200000,16900000,8000000, Approved
2180,5, Graduate, Yes,3200000,7600000,4,960000,489,5000000,2900000,10600000,1900000, Rejected
2181,2, Not Graduate, Yes,4900000,13800000,2,1911000,586,9900000,1400000,9900000,7000000, Approved
2182,3, Not Graduate, No,7200000,20800000,16,2520000,560,2100000,10700000,21100000,3600000, Approved
2183,3, Graduate, No,5600000,20600000,6,392000,487,6400000,9700000,20200000,4100000, Rejected
2184,4, Graduate, Yes,7300000,18300000,8,2263000,434,10000000,2900000,26800000,6700000, Rejected
2185,4, Not Graduate, No,3300000,7000000,20,825000,504,8200000,3200000,7300000,2500000, Rejected
2186,2, Graduate, Yes,9200000,25300000,4,736000,827,25900000,15900000,19300000,11000000, Approved
2187,3, Not Graduate, Yes,8100000,23300000,20,1296000,657,15700000,2900000,28100000,6200000, Approved
2188,5, Graduate, No,6600000,21400000,10,2112000,447,12700000,11100000,20200000,6400000, Rejected
2189,0, Graduate, Yes,4200000,13600000,4,756000,834,8700000,3400000,12000000,3100000, Approved
2190,2, Graduate, No,5800000,21700000,8,116000,354,12500000,2300000,12200000,6800000, Rejected
2191,2, Graduate, Yes,5600000,21000000,18,1736000,883,9800000,1600000,20900000,6000000, Approved
2192,0, Not Graduate, Yes,3600000,9900000,12,828000,641,10300000,2400000,9100000,2700000, Approved
2193,1, Graduate, Yes,7700000,16900000,6,693000,621,22600000,7900000,27400000,10200000, Approved
2194,0, Graduate, Yes,7800000,23300000,10,780000,587,12500000,9300000,27500000,9700000, Approved
2195,3, Not Graduate, No,5700000,15400000,16,2280000,424,4700000,3000000,16400000,5600000, Rejected
2196,5, Graduate, No,6300000,20500000,14,1701000,515,4300000,3600000,18300000,9100000, Rejected
2197,5, Not Graduate, Yes,2300000,4700000,18,345000,592,1600000,3900000,6200000,2800000, Approved
2198,4, Graduate, Yes,9600000,19900000,6,3648000,319,3200000,16500000,28100000,6600000, Rejected
2199,1, Not Graduate, Yes,1000000,3900000,16,180000,360,2500000,300000,2100000,600000, Rejected
2200,5, Graduate, Yes,7200000,27100000,12,1584000,535,8400000,12800000,28100000,4800000, Rejected
2201,2, Not Graduate, Yes,3800000,11400000,16,494000,666,9000000,2400000,8000000,3800000, Approved
2202,4, Not Graduate, Yes,9300000,24600000,16,1116000,419,18100000,0,26700000,5100000, Rejected
2203,2, Not Graduate, Yes,7200000,21900000,12,2016000,640,0,11400000,14600000,3800000, Approved
2204,0, Graduate, No,7600000,19700000,12,3040000,545,4300000,5200000,29500000,7300000, Rejected
2205,4, Graduate, No,4500000,15300000,10,135000,843,13200000,6900000,10800000,2200000, Approved
2206,1, Not Graduate, Yes,9900000,30900000,20,99000,559,12100000,6100000,38600000,12100000, Approved
2207,0, Not Graduate, Yes,700000,2000000,18,77000,650,400000,1300000,2800000,500000, Approved
2208,0, Graduate, No,3500000,12300000,16,455000,479,9700000,6000000,7900000,4700000, Rejected
2209,1, Graduate, Yes,300000,1000000,14,33000,324,100000,100000,1100000,100000, Rejected
2210,5, Not Graduate, Yes,5400000,16700000,2,216000,354,1100000,4500000,19300000,5200000, Approved
2211,4, Not Graduate, Yes,2800000,8400000,10,532000,521,1500000,1200000,9100000,3700000, Rejected
2212,5, Not Graduate, Yes,4900000,15900000,8,245000,505,12400000,4900000,14900000,6100000, Rejected
2213,4, Not Graduate, No,600000,1700000,12,108000,436,400000,0,1700000,700000, Rejected
2214,0, Graduate, No,3000000,8100000,6,240000,683,3200000,4900000,10200000,3200000, Approved
2215,0, Graduate, No,1800000,5800000,18,234000,348,2900000,700000,6700000,1000000, Rejected
2216,4, Graduate, Yes,5100000,15700000,6,1224000,867,11200000,8300000,19200000,3600000, Approved
2217,5, Graduate, No,1400000,4100000,14,546000,880,3700000,1800000,2800000,2100000, Approved
2218,2, Graduate, Yes,6700000,25500000,10,1005000,673,11100000,8600000,25100000,5000000, Approved
2219,3, Not Graduate, No,4300000,12600000,18,430000,482,9300000,900000,13200000,6100000, Rejected
2220,3, Graduate, Yes,7800000,19600000,4,2340000,767,18100000,10500000,20500000,7700000, Approved
2221,3, Not Graduate, No,5400000,15800000,18,2160000,760,12700000,2300000,16400000,7200000, Approved
2222,0, Not Graduate, No,500000,1900000,2,70000,857,1100000,500000,1800000,300000, Approved
2223,1, Graduate, No,8600000,26700000,10,1634000,735,11800000,9100000,20700000,11200000, Approved
2224,3, Graduate, No,2500000,9300000,4,650000,810,2700000,3300000,9400000,3700000, Approved
2225,4, Not Graduate, No,3000000,7200000,2,210000,680,900000,3400000,9600000,1700000, Approved
2226,5, Not Graduate, Yes,7000000,26900000,4,2660000,889,1400000,4200000,22400000,7400000, Approved
2227,1, Not Graduate, Yes,400000,1500000,16,60000,688,400000,300000,1200000,200000, Approved
2228,5, Not Graduate, No,5200000,13700000,16,0,531,8800000,4500000,15700000,2900000, Rejected
2229,3, Graduate, No,3300000,11100000,2,330000,660,6500000,3700000,12300000,4500000, Approved
2230,1, Not Graduate, Yes,2400000,8800000,18,912000,414,3600000,2200000,7100000,2500000, Rejected
2231,4, Graduate, Yes,5800000,15800000,14,1856000,528,6300000,100000,21400000,8700000, Rejected
2232,4, Not Graduate, Yes,9400000,20000000,12,2820000,817,3600000,1600000,34400000,8000000, Approved
2233,2, Not Graduate, No,6100000,15300000,2,1342000,799,7100000,5500000,17800000,5300000, Approved
2234,1, Graduate, Yes,7500000,21400000,20,2325000,655,13000000,10300000,28100000,8100000, Approved
2235,2, Not Graduate, No,4100000,16200000,6,82000,546,3500000,3100000,15100000,3700000, Rejected
2236,3, Not Graduate, No,8500000,30800000,14,3400000,745,11000000,8200000,19400000,7200000, Approved
2237,0, Graduate, No,4300000,16900000,8,43000,884,6500000,5400000,12000000,3700000, Approved
2238,5, Not Graduate, No,9300000,22000000,4,93000,822,20900000,10000000,24200000,12100000, Approved
2239,4, Not Graduate, No,6000000,18700000,2,1440000,623,4300000,4000000,19100000,5700000, Approved
2240,1, Not Graduate, Yes,5300000,18900000,16,1325000,361,300000,5000000,11900000,5500000, Rejected
2241,5, Not Graduate, Yes,7400000,16200000,2,296000,778,17000000,2700000,19400000,9200000, Approved
2242,1, Not Graduate, Yes,1100000,3800000,8,253000,779,600000,1800000,4000000,1600000, Approved
2243,1, Graduate, Yes,6600000,20700000,4,858000,594,4800000,200000,26400000,8900000, Approved
2244,3, Graduate, No,8200000,28300000,2,3116000,530,15000000,10500000,20200000,12100000, Approved
2245,3, Not Graduate, No,3300000,9300000,12,495000,324,5300000,2600000,7500000,2000000, Rejected
2246,4, Graduate, Yes,2500000,9000000,10,0,394,6700000,2000000,7300000,3000000, Rejected
2247,3, Graduate, Yes,3300000,10400000,12,231000,816,7100000,6300000,11800000,4900000, Approved
2248,5, Not Graduate, No,1000000,2300000,16,70000,423,1700000,700000,2900000,1400000, Rejected
2249,5, Graduate, Yes,6200000,12800000,2,1984000,539,5600000,9800000,22300000,4800000, Rejected
2250,1, Graduate, No,7000000,21000000,20,2310000,554,16900000,6600000,14600000,5600000, Approved
2251,2, Graduate, Yes,7000000,19000000,6,1050000,523,5300000,9300000,25800000,9500000, Rejected
2252,1, Not Graduate, Yes,5300000,12000000,10,265000,852,400000,10400000,18900000,5000000, Approved
2253,0, Not Graduate, Yes,1800000,3700000,2,522000,505,3900000,2400000,4500000,1400000, Rejected
2254,0, Graduate, Yes,2300000,7900000,10,0,430,6600000,2800000,8100000,1900000, Rejected
2255,2, Graduate, No,4000000,9200000,16,600000,784,3200000,600000,13000000,4900000, Approved
2256,1, Not Graduate, No,8900000,24000000,6,2314000,380,16500000,7400000,27700000,7500000, Rejected
2257,3, Graduate, No,8000000,18600000,20,1600000,565,1600000,8600000,22500000,9400000, Approved
2258,4, Graduate, Yes,7900000,26900000,14,0,446,17900000,7300000,16500000,8200000, Rejected
2259,5, Graduate, Yes,6700000,20200000,8,1072000,406,6900000,4900000,15300000,7100000, Rejected
2260,4, Not Graduate, No,2400000,6000000,6,288000,712,6800000,2200000,6000000,1200000, Approved
2261,4, Not Graduate, No,8600000,22600000,14,1548000,729,300000,16200000,20500000,11900000, Approved
2262,1, Not Graduate, Yes,5300000,14600000,20,1060000,508,11200000,2800000,17000000,4600000, Rejected
2263,0, Graduate, No,7400000,24900000,20,370000,648,7100000,7900000,23300000,6200000, Approved
2264,0, Not Graduate, Yes,8700000,18700000,10,870000,346,1200000,1800000,30700000,8200000, Rejected
2265,5, Graduate, No,8200000,18500000,4,1886000,394,9600000,5700000,27400000,11100000, Rejected
2266,0, Not Graduate, Yes,3700000,9700000,12,999000,501,2600000,6600000,9200000,4600000, Rejected
2267,5, Not Graduate, Yes,9200000,36300000,2,2760000,655,3000000,1200000,32200000,8700000, Approved
2268,4, Not Graduate, No,6100000,20900000,4,2135000,662,10200000,7000000,23300000,4100000, Approved
2269,2, Graduate, Yes,8800000,30800000,20,1936000,820,700000,4800000,25900000,12700000, Approved
2270,5, Not Graduate, No,9200000,18900000,10,3312000,521,8300000,14500000,23400000,6900000, Rejected
2271,3, Graduate, No,7200000,27900000,12,1656000,473,21100000,8800000,27800000,8700000, Rejected
2272,1, Graduate, No,600000,1200000,10,84000,561,900000,300000,1400000,600000, Approved
2273,5, Graduate, No,8000000,23100000,20,1920000,461,5900000,2400000,29300000,7200000, Rejected
2274,4, Graduate, Yes,6900000,13800000,16,690000,715,2100000,6100000,20900000,8200000, Approved
2275,0, Not Graduate, Yes,4300000,15600000,18,1591000,440,6200000,1300000,10000000,4700000, Rejected
2276,3, Not Graduate, Yes,8500000,24900000,18,2635000,749,9600000,1200000,31700000,10100000, Approved
2277,4, Not Graduate, No,8600000,17400000,2,946000,787,11700000,10600000,18400000,10600000, Approved
2278,3, Graduate, No,6300000,13900000,18,1386000,748,17700000,8800000,21700000,8600000, Approved
2279,3, Not Graduate, Yes,5800000,13600000,12,174000,321,1700000,3300000,22300000,3400000, Rejected
2280,3, Graduate, Yes,1000000,2300000,10,40000,303,1000000,400000,2500000,1000000, Rejected
2281,0, Not Graduate, Yes,1700000,5400000,8,629000,682,2400000,1000000,3900000,2100000, Approved
2282,2, Not Graduate, No,3200000,8600000,18,128000,638,1000000,4900000,8600000,3500000, Approved
2283,0, Graduate, Yes,7500000,16600000,14,2400000,440,17200000,14500000,24100000,10300000, Rejected
2284,1, Not Graduate, Yes,2000000,6600000,10,540000,873,1400000,200000,6300000,2400000, Approved
2285,3, Not Graduate, No,9100000,19700000,20,3640000,437,6300000,13700000,23700000,12900000, Rejected
2286,4, Graduate, Yes,8400000,19700000,8,3108000,796,17900000,9200000,20200000,7700000, Approved
2287,4, Graduate, No,7100000,27200000,16,1704000,824,2400000,8000000,22400000,3900000, Approved
2288,2, Not Graduate, No,200000,800000,6,66000,338,100000,0,400000,100000, Rejected
2289,0, Not Graduate, Yes,5000000,14900000,12,1550000,575,12800000,1500000,12300000,6600000, Approved
2290,0, Not Graduate, Yes,4500000,16900000,8,630000,773,6300000,6800000,14000000,6000000, Approved
2291,2, Not Graduate, Yes,5100000,19700000,2,765000,733,0,4500000,12900000,6200000, Approved
2292,3, Graduate, Yes,4100000,10600000,14,1558000,475,5400000,4300000,13900000,4500000, Rejected
2293,1, Not Graduate, No,7200000,15000000,10,864000,677,10600000,3900000,24500000,4100000, Approved
2294,3, Not Graduate, No,7800000,17700000,6,1092000,403,12600000,3700000,24700000,10000000, Rejected
2295,3, Graduate, Yes,7500000,25300000,12,2175000,767,13200000,10800000,19400000,9600000, Approved
2296,3, Graduate, Yes,6400000,21000000,2,1920000,813,3900000,10900000,20500000,4400000, Approved
2297,4, Graduate, No,7000000,25700000,20,2100000,597,19900000,13500000,27500000,10100000, Approved
2298,4, Not Graduate, Yes,9000000,31100000,8,270000,896,7100000,4400000,23400000,13100000, Approved
2299,2, Not Graduate, Yes,4400000,13900000,6,1452000,810,13200000,4200000,15000000,5200000, Approved
2300,2, Not Graduate, No,900000,2000000,14,63000,337,1700000,0,2100000,600000, Rejected
2301,1, Graduate, No,9800000,26900000,18,1764000,792,15900000,14100000,25200000,11900000, Approved
2302,4, Not Graduate, No,600000,1600000,6,48000,784,300000,100000,1900000,500000, Approved
2303,5, Graduate, Yes,9700000,30100000,12,1940000,434,19600000,17900000,21000000,6900000, Rejected
2304,2, Graduate, Yes,8400000,32600000,10,2184000,384,13900000,1600000,21600000,7000000, Rejected
2305,1, Graduate, No,8300000,24900000,10,166000,642,11500000,15400000,21600000,5800000, Approved
2306,4, Graduate, No,7900000,29900000,8,1106000,314,22000000,4600000,26000000,8100000, Rejected
2307,1, Not Graduate, No,8600000,25900000,2,1204000,606,3700000,14900000,32700000,12200000, Approved
2308,5, Not Graduate, Yes,6700000,17600000,14,1876000,843,12700000,200000,19500000,5600000, Approved
2309,0, Graduate, No,2700000,7400000,10,486000,778,6800000,800000,5600000,2800000, Approved
2310,0, Not Graduate, No,6600000,25600000,8,1848000,718,12600000,12200000,21700000,9000000, Approved
2311,1, Graduate, Yes,7100000,20800000,20,1704000,437,9600000,7300000,24700000,8800000, Rejected
2312,5, Graduate, Yes,300000,700000,10,78000,586,0,400000,1000000,100000, Approved
2313,2, Graduate, No,2200000,7000000,6,110000,777,6100000,400000,4400000,3300000, Approved
2314,1, Graduate, Yes,8700000,31700000,12,1305000,525,7800000,10200000,30300000,6100000, Rejected
2315,4, Graduate, No,7200000,23100000,12,2736000,632,4600000,8500000,19400000,4400000, Approved
2316,0, Not Graduate, No,2000000,4800000,20,420000,337,1300000,2200000,5500000,1700000, Rejected
2317,4, Graduate, Yes,8600000,27900000,8,2064000,458,22400000,1800000,34000000,11700000, Rejected
2318,2, Graduate, Yes,2300000,5400000,8,782000,364,4500000,500000,7000000,2000000, Rejected
2319,2, Not Graduate, Yes,9600000,29800000,16,1152000,499,28500000,6300000,31800000,7400000, Rejected
2320,2, Graduate, Yes,1900000,6500000,16,437000,887,2000000,1200000,4500000,1700000, Approved
2321,1, Graduate, No,2100000,6300000,16,105000,882,3900000,2200000,7700000,2900000, Approved
2322,1, Not Graduate, Yes,3900000,8700000,8,1326000,817,900000,2500000,10700000,2100000, Approved
2323,5, Not Graduate, Yes,200000,300000,10,54000,704,500000,100000,800000,200000, Approved
2324,1, Not Graduate, Yes,1900000,4500000,12,684000,742,1200000,2000000,4400000,1200000, Approved
2325,0, Not Graduate, Yes,3200000,11600000,4,576000,393,4700000,300000,8000000,3100000, Approved
2326,0, Not Graduate, No,1100000,4300000,18,264000,828,700000,800000,2900000,900000, Approved
2327,5, Graduate, Yes,8000000,21500000,12,320000,779,2600000,15100000,29800000,10400000, Approved
2328,4, Graduate, Yes,6100000,21700000,6,122000,860,13900000,900000,14100000,5600000, Approved
2329,5, Graduate, No,3200000,10600000,2,0,432,6500000,3700000,11200000,3700000, Approved
2330,4, Graduate, Yes,9000000,30400000,20,2430000,532,21000000,7400000,30500000,13100000, Rejected
2331,0, Not Graduate, Yes,1200000,3200000,2,144000,678,1500000,1000000,3400000,900000, Approved
2332,3, Graduate, No,7900000,27000000,6,632000,601,17700000,7800000,27600000,11500000, Approved
2333,3, Graduate, Yes,7700000,23100000,8,1001000,807,2900000,9800000,20400000,7000000, Approved
2334,2, Not Graduate, No,4400000,16500000,16,528000,879,7800000,7500000,10300000,5400000, Approved
2335,1, Not Graduate, No,3100000,11200000,18,1054000,665,2000000,5400000,12000000,2500000, Approved
2336,5, Not Graduate, Yes,2600000,9300000,16,182000,697,5100000,1200000,7700000,3700000, Approved
2337,4, Graduate, No,5500000,21700000,14,1485000,867,5000000,8700000,15200000,3100000, Approved
2338,1, Graduate, No,5700000,15500000,8,1197000,544,10500000,8700000,20900000,7000000, Rejected
2339,5, Graduate, No,6100000,20700000,20,610000,482,9400000,2000000,16900000,5900000, Rejected
2340,2, Graduate, No,8200000,22500000,18,2706000,857,13400000,14300000,28400000,8400000, Approved
2341,1, Graduate, No,6000000,21200000,12,1380000,549,17900000,8200000,16900000,6200000, Rejected
2342,1, Graduate, Yes,8000000,30600000,10,1360000,720,23700000,8500000,24900000,9700000, Approved
2343,4, Not Graduate, No,2000000,4800000,8,0,302,1500000,800000,4000000,2600000, Rejected
2344,5, Graduate, Yes,1300000,2900000,12,208000,669,400000,1700000,3900000,1800000, Approved
2345,1, Graduate, No,7000000,27100000,6,1680000,591,6700000,12200000,21500000,4900000, Approved
2346,3, Graduate, No,4100000,15300000,6,492000,440,7500000,5100000,8200000,2000000, Rejected
2347,3, Graduate, No,8000000,26200000,16,240000,890,15800000,4300000,25000000,4000000, Approved
2348,4, Not Graduate, No,8100000,28000000,8,1863000,663,8800000,11300000,26000000,5500000, Approved
2349,4, Graduate, Yes,9500000,22600000,14,475000,433,10000000,900000,23100000,13400000, Rejected
2350,0, Graduate, No,9200000,22500000,10,2576000,317,14200000,17400000,28500000,10700000, Rejected
2351,2, Graduate, No,3900000,14700000,16,1287000,360,2600000,200000,8300000,2900000, Rejected
2352,1, Graduate, No,9100000,26200000,8,819000,727,20800000,7100000,27800000,8900000, Approved
2353,3, Graduate, Yes,3000000,8300000,4,870000,685,2900000,5400000,11300000,3800000, Approved
2354,4, Graduate, No,2000000,4300000,8,180000,373,2000000,2700000,7700000,2200000, Rejected
2355,5, Graduate, No,6300000,14600000,8,1827000,469,13300000,10100000,24500000,3800000, Rejected
2356,3, Not Graduate, Yes,4100000,10900000,8,1148000,548,8800000,5200000,13200000,4300000, Rejected
2357,0, Not Graduate, No,9800000,29400000,20,1274000,618,1200000,14600000,33800000,8300000, Approved
2358,2, Graduate, No,5200000,15400000,8,1976000,658,1200000,7500000,12800000,3200000, Approved
2359,3, Graduate, No,7600000,28700000,18,2888000,781,21300000,12400000,29600000,8000000, Approved
2360,3, Not Graduate, No,9200000,35500000,2,3496000,715,11100000,11800000,19800000,11700000, Approved
2361,5, Not Graduate, No,2200000,8100000,4,220000,409,300000,0,4900000,2400000, Rejected
2362,2, Not Graduate, Yes,8300000,20600000,10,3320000,504,100000,900000,33200000,6700000, Rejected
2363,3, Graduate, Yes,6100000,21600000,16,2135000,428,2900000,6100000,15100000,7200000, Rejected
2364,2, Graduate, No,4500000,16600000,20,810000,704,6400000,4200000,16900000,2400000, Approved
2365,3, Not Graduate, No,6600000,18800000,12,132000,834,18800000,9300000,13700000,4800000, Approved
2366,4, Not Graduate, No,8900000,34900000,14,2937000,694,15400000,2800000,20600000,9100000, Approved
2367,4, Graduate, Yes,3900000,13300000,20,1443000,453,9800000,500000,12300000,4700000, Rejected
2368,3, Graduate, Yes,8900000,35400000,14,356000,404,22300000,7700000,26400000,5900000, Rejected
2369,5, Not Graduate, No,6400000,22300000,12,1408000,776,500000,9100000,24100000,5800000, Approved
2370,1, Not Graduate, Yes,9500000,28700000,16,3230000,526,24600000,4900000,31800000,6600000, Rejected
2371,3, Graduate, Yes,300000,1000000,8,111000,641,700000,200000,1100000,200000, Approved
2372,5, Not Graduate, No,4100000,12300000,6,1394000,582,10900000,6100000,14100000,3500000, Approved
2373,2, Graduate, No,8100000,20800000,18,243000,778,4100000,15500000,16700000,10600000, Approved
2374,4, Graduate, No,9900000,28400000,10,1584000,763,23700000,12700000,35800000,5800000, Approved
2375,0, Not Graduate, No,4800000,19000000,12,48000,650,7000000,1000000,15600000,4800000, Approved
2376,0, Graduate, Yes,2900000,9700000,2,1102000,820,6700000,1600000,9100000,3900000, Approved
2377,1, Not Graduate, Yes,3500000,13500000,12,455000,824,8400000,3900000,11600000,4100000, Approved
2378,1, Not Graduate, Yes,4900000,12600000,4,833000,718,11800000,7300000,11800000,3800000, Approved
2379,2, Not Graduate, Yes,5100000,13300000,14,969000,313,5900000,7900000,18000000,3900000, Rejected
2380,5, Graduate, No,7300000,26200000,10,2701000,751,1400000,12200000,26700000,10400000, Approved
2381,0, Graduate, Yes,200000,300000,18,52000,520,100000,300000,600000,100000, Rejected
2382,2, Graduate, No,1400000,4700000,4,294000,355,2100000,600000,4400000,1400000, Approved
2383,3, Graduate, Yes,8700000,33600000,14,1044000,314,7700000,10000000,21700000,6200000, Rejected
2384,1, Not Graduate, Yes,2800000,5900000,20,252000,728,1000000,3200000,10300000,1400000, Approved
2385,3, Graduate, Yes,9100000,30100000,14,1911000,564,26600000,7300000,22700000,8200000, Approved
2386,0, Not Graduate, Yes,6800000,15300000,14,2652000,699,19900000,2600000,13900000,8300000, Approved
2387,0, Not Graduate, Yes,5000000,17000000,6,0,624,6700000,6200000,15400000,5900000, Approved
2388,0, Graduate, Yes,4400000,16800000,14,88000,795,8700000,8700000,12600000,3400000, Approved
2389,5, Not Graduate, Yes,8400000,18600000,20,252000,703,2500000,7100000,28800000,9500000, Approved
2390,4, Graduate, No,7800000,17300000,4,546000,394,3600000,13100000,24300000,7200000, Rejected
2391,4, Graduate, Yes,4800000,9900000,14,1728000,779,5200000,9300000,18600000,2900000, Approved
2392,1, Graduate, No,3200000,8800000,4,608000,405,1000000,2600000,10700000,3400000, Rejected
2393,5, Graduate, Yes,2300000,6700000,16,782000,612,6700000,3300000,8800000,2000000, Approved
2394,5, Not Graduate, Yes,9200000,28100000,10,1932000,448,22300000,3300000,33200000,10700000, Rejected
2395,2, Not Graduate, Yes,4700000,13700000,6,1551000,506,1300000,7900000,16700000,3500000, Rejected
2396,0, Not Graduate, Yes,8000000,30400000,2,720000,776,16600000,1400000,29100000,7800000, Approved
2397,1, Graduate, Yes,2600000,8600000,6,988000,730,800000,2900000,6000000,3100000, Approved
2398,3, Not Graduate, No,200000,800000,20,8000,730,0,300000,400000,300000, Approved
2399,5, Graduate, No,7300000,17200000,2,2847000,345,6100000,8400000,23200000,4900000, Rejected
2400,4, Not Graduate, No,3300000,11800000,2,330000,847,7800000,2400000,12100000,3000000, Approved
2401,4, Not Graduate, No,8300000,23300000,20,2822000,398,18500000,11500000,17100000,9900000, Rejected
2402,5, Not Graduate, Yes,4100000,9600000,2,451000,307,8800000,7800000,8500000,3100000, Rejected
2403,1, Not Graduate, No,7300000,23700000,16,1241000,852,9400000,6800000,22600000,8500000, Approved
2404,1, Not Graduate, No,9300000,27500000,6,744000,364,12200000,13800000,25300000,10800000, Rejected
2405,2, Graduate, Yes,4300000,15200000,12,903000,552,3400000,2100000,12700000,4800000, Approved
2406,3, Not Graduate, No,2600000,8100000,2,312000,421,4200000,3100000,6200000,2500000, Approved
2407,5, Graduate, No,2900000,9800000,12,957000,588,5900000,2300000,6800000,2900000, Approved
2408,2, Graduate, Yes,900000,3500000,6,27000,763,2300000,300000,2000000,600000, Approved
2409,3, Not Graduate, Yes,4900000,17500000,20,1372000,823,12600000,8700000,14300000,4800000, Approved
2410,0, Graduate, No,7700000,24800000,10,2464000,642,16800000,10700000,27400000,4500000, Approved
2411,1, Graduate, No,4700000,16800000,12,1363000,647,10400000,8300000,10600000,3400000, Approved
2412,5, Not Graduate, No,3000000,8900000,20,780000,886,2600000,1000000,10600000,2800000, Approved
2413,4, Not Graduate, No,9700000,26200000,4,2619000,518,26200000,0,22500000,14000000, Rejected
2414,0, Graduate, Yes,6900000,26800000,20,621000,515,10800000,2500000,16700000,8300000, Rejected
2415,2, Not Graduate, Yes,3800000,12400000,8,646000,340,1800000,2600000,9700000,2600000, Rejected
2416,3, Not Graduate, Yes,600000,1700000,14,24000,521,0,1000000,1700000,600000, Rejected
2417,2, Not Graduate, Yes,1200000,2900000,12,264000,330,400000,1600000,3800000,600000, Rejected
2418,4, Not Graduate, Yes,7800000,26800000,2,3042000,474,8900000,11200000,18400000,5600000, Approved
2419,0, Not Graduate, No,9000000,35100000,6,0,898,500000,16200000,20700000,9100000, Approved
2420,1, Not Graduate, No,2800000,9100000,12,476000,436,3600000,500000,7800000,3600000, Rejected
2421,1, Not Graduate, No,7800000,21300000,10,2106000,326,22800000,10700000,18500000,4500000, Rejected
2422,4, Graduate, Yes,4700000,9500000,18,799000,876,11800000,6600000,18000000,4100000, Approved
2423,2, Graduate, No,4600000,17500000,20,874000,597,11400000,6100000,14100000,4100000, Approved
2424,4, Graduate, No,5100000,16100000,14,663000,436,11400000,2700000,13100000,6700000, Rejected
2425,3, Not Graduate, Yes,6100000,22800000,18,2196000,640,16800000,7300000,19600000,6000000, Approved
2426,0, Not Graduate, No,6000000,22900000,16,660000,302,12200000,6500000,17700000,7100000, Rejected
2427,2, Not Graduate, No,8400000,23200000,16,1260000,476,15200000,5400000,18700000,8600000, Rejected
2428,2, Graduate, No,9300000,22000000,14,186000,393,4300000,3800000,28400000,13900000, Rejected
2429,0, Graduate, No,4200000,10300000,10,1596000,506,9300000,4500000,12400000,6000000, Rejected
2430,3, Graduate, No,9600000,37800000,10,3456000,418,6700000,5500000,34900000,11300000, Rejected
2431,3, Graduate, No,5600000,13400000,6,2128000,865,14900000,9700000,12300000,6000000, Approved
2432,4, Graduate, No,7800000,28600000,2,1404000,703,500000,12400000,29500000,10500000, Approved
2433,2, Graduate, Yes,4500000,12600000,2,810000,568,6900000,3900000,17800000,2900000, Approved
2434,3, Graduate, No,2400000,5900000,2,864000,425,1100000,500000,7400000,2500000, Rejected
2435,0, Not Graduate, No,3900000,11300000,12,663000,305,5000000,5900000,8800000,2100000, Rejected
2436,5, Graduate, Yes,9600000,20600000,6,384000,456,17300000,11000000,21700000,11600000, Rejected
2437,4, Not Graduate, No,900000,2600000,2,0,602,600000,800000,3200000,1000000, Approved
2438,3, Graduate, Yes,1100000,3800000,20,0,814,1400000,1500000,3200000,1100000, Approved
2439,4, Not Graduate, No,6400000,24900000,2,1472000,640,10000000,5700000,18700000,6300000, Approved
2440,2, Graduate, No,4600000,15000000,4,1840000,817,7200000,2400000,13000000,6600000, Approved
2441,4, Graduate, No,7600000,29800000,20,2052000,361,13800000,5800000,15300000,5900000, Rejected
2442,5, Not Graduate, No,6800000,20100000,14,2720000,839,1900000,600000,15600000,7500000, Approved
2443,5, Graduate, No,7100000,27000000,20,1775000,592,5100000,9600000,20200000,7600000, Approved
2444,4, Not Graduate, Yes,6700000,24700000,6,2479000,498,12900000,700000,18800000,8400000, Rejected
2445,5, Not Graduate, Yes,5800000,12400000,6,1044000,847,5100000,9000000,14100000,7600000, Approved
2446,0, Graduate, Yes,8600000,29400000,16,344000,643,1000000,14100000,33000000,12300000, Approved
2447,0, Graduate, Yes,3500000,10600000,4,1330000,389,8300000,4800000,9100000,2500000, Approved
2448,2, Graduate, Yes,4800000,17500000,20,1728000,381,400000,6900000,13400000,7000000, Rejected
2449,5, Graduate, Yes,6100000,14400000,16,244000,400,9200000,2800000,23800000,5600000, Rejected
2450,5, Graduate, Yes,5200000,12700000,16,312000,718,11700000,100000,18100000,7200000, Approved
2451,5, Not Graduate, Yes,4100000,12400000,8,205000,309,8200000,1000000,13000000,3300000, Rejected
2452,5, Not Graduate, No,3200000,7400000,2,1024000,838,2200000,2900000,10200000,3600000, Approved
2453,3, Not Graduate, Yes,7500000,21600000,14,1350000,678,8800000,12100000,20100000,11200000, Approved
2454,2, Not Graduate, Yes,1500000,4500000,14,195000,826,3200000,1700000,4600000,1600000, Approved
2455,4, Graduate, Yes,1200000,3100000,16,276000,348,1200000,2200000,3500000,1700000, Rejected
2456,1, Graduate, Yes,8400000,19700000,6,2436000,476,24700000,16500000,31800000,12100000, Rejected
2457,0, Not Graduate, Yes,7900000,26300000,8,1501000,666,4600000,9200000,18400000,11800000, Approved
2458,1, Graduate, Yes,2100000,4300000,20,462000,896,100000,2300000,7500000,2300000, Approved
2459,2, Graduate, No,2500000,7000000,20,625000,547,800000,1200000,5200000,2300000, Rejected
2460,2, Not Graduate, Yes,3700000,13900000,2,1184000,405,5900000,3200000,9100000,5500000, Approved
2461,5, Graduate, No,1100000,4000000,16,121000,498,400000,100000,2300000,700000, Rejected
2462,5, Graduate, No,6500000,24800000,8,1300000,779,7000000,9600000,15700000,8800000, Approved
2463,0, Not Graduate, Yes,8200000,31500000,8,2050000,403,11500000,8800000,19000000,6100000, Rejected
2464,2, Not Graduate, No,5000000,12400000,8,1100000,709,11300000,6800000,13300000,4200000, Approved
2465,1, Not Graduate, No,1500000,6000000,6,225000,507,2600000,2700000,4800000,1900000, Rejected
2466,5, Not Graduate, No,3700000,9100000,18,814000,368,3400000,2400000,8400000,3300000, Rejected
2467,3, Graduate, Yes,4100000,14600000,16,328000,760,4700000,6600000,14900000,3000000, Approved
2468,2, Not Graduate, No,7200000,16800000,6,576000,796,6600000,6100000,14400000,9800000, Approved
2469,1, Graduate, No,2000000,5000000,6,600000,876,500000,2900000,5800000,1500000, Approved
2470,3, Not Graduate, No,2000000,4700000,14,300000,673,800000,3400000,5900000,1500000, Approved
2471,1, Graduate, Yes,5100000,11500000,4,1122000,747,5000000,8900000,14100000,7000000, Approved
2472,1, Not Graduate, No,6000000,13600000,12,120000,589,9000000,300000,12600000,7100000, Approved
2473,1, Graduate, No,4900000,18100000,8,735000,382,13600000,400000,15500000,2400000, Rejected
2474,3, Not Graduate, Yes,900000,2300000,12,360000,900,1300000,0,3300000,1100000, Approved
2475,1, Graduate, Yes,7500000,25000000,18,1725000,628,3500000,2200000,21700000,4700000, Approved
2476,2, Graduate, No,6400000,25000000,12,2112000,667,13500000,5500000,25500000,5400000, Approved
2477,2, Graduate, Yes,8700000,26400000,2,435000,778,8500000,2400000,28800000,10300000, Approved
2478,4, Graduate, Yes,7300000,17200000,18,365000,831,18500000,4300000,23000000,5200000, Approved
2479,5, Graduate, No,7400000,27100000,4,2368000,320,19800000,14600000,25200000,9400000, Approved
2480,2, Graduate, No,2700000,9300000,16,486000,656,7700000,2500000,6400000,3600000, Approved
2481,3, Graduate, No,3400000,8900000,6,884000,896,4200000,4800000,10200000,4200000, Approved
2482,3, Not Graduate, Yes,2100000,7400000,4,798000,320,3300000,2700000,6300000,2200000, Approved
2483,2, Not Graduate, No,3100000,10500000,10,341000,751,5500000,5900000,9000000,1600000, Approved
2484,5, Not Graduate, No,4700000,17400000,2,188000,523,10600000,7000000,10900000,5200000, Approved
2485,5, Graduate, No,3100000,10500000,6,899000,584,7700000,2100000,10900000,2900000, Approved
2486,2, Not Graduate, No,5700000,20400000,2,456000,630,3000000,3100000,22600000,2900000, Approved
2487,3, Graduate, Yes,2300000,8000000,14,920000,472,4400000,3300000,7700000,1800000, Rejected
2488,0, Not Graduate, Yes,6600000,18500000,16,1716000,802,14600000,1100000,21800000,9700000, Approved
2489,2, Graduate, Yes,2700000,6400000,18,891000,547,5000000,1700000,9200000,1700000, Rejected
2490,1, Not Graduate, Yes,800000,2800000,16,240000,726,2000000,1300000,3100000,1200000, Approved
2491,1, Graduate, No,6600000,18500000,8,1980000,712,2300000,3200000,24400000,7600000, Approved
2492,3, Graduate, No,3900000,10700000,6,39000,790,10600000,1900000,12500000,2700000, Approved
2493,5, Not Graduate, No,200000,600000,16,72000,396,0,0,500000,200000, Rejected
2494,3, Graduate, No,2000000,4200000,6,520000,831,1300000,1700000,6900000,1200000, Approved
2495,2, Graduate, Yes,9100000,20900000,20,1365000,632,4200000,400000,30000000,13200000, Approved
2496,3, Graduate, No,4700000,10800000,8,1692000,527,13300000,3100000,13600000,4800000, Rejected
2497,3, Not Graduate, Yes,3200000,11100000,6,640000,708,8900000,5700000,8100000,1500000, Approved
2498,2, Not Graduate, No,1700000,4200000,14,255000,829,200000,1600000,4600000,1600000, Approved
2499,1, Not Graduate, No,2600000,8100000,12,364000,854,4500000,5100000,6300000,2500000, Approved
2500,3, Not Graduate, Yes,2700000,6700000,14,0,899,2400000,4200000,6000000,2000000, Approved
2501,0, Not Graduate, Yes,3600000,13400000,6,72000,589,3600000,0,11200000,4000000, Approved
2502,4, Graduate, Yes,7200000,26000000,6,72000,571,4700000,0,22600000,4200000, Approved
2503,2, Not Graduate, Yes,2500000,6400000,6,575000,708,6900000,200000,9900000,3500000, Approved
2504,2, Not Graduate, No,5500000,19600000,16,1870000,328,2400000,4800000,10900000,3700000, Rejected
2505,3, Graduate, Yes,9200000,33500000,8,276000,564,20800000,15200000,29800000,11400000, Approved
2506,3, Not Graduate, No,9000000,19000000,8,1530000,693,18300000,4500000,29600000,7200000, Approved
2507,4, Not Graduate, Yes,5900000,15000000,14,59000,626,16400000,4600000,17600000,8200000, Approved
2508,4, Graduate, No,5600000,15600000,12,1288000,470,9900000,10700000,14600000,7000000, Rejected
2509,2, Not Graduate, Yes,3200000,12500000,8,288000,849,400000,5300000,10400000,4400000, Approved
2510,5, Not Graduate, No,9100000,27800000,16,2093000,547,21900000,7000000,31900000,9400000, Rejected
2511,0, Not Graduate, Yes,4600000,15100000,2,1518000,417,5600000,3900000,11800000,6600000, Approved
2512,4, Graduate, No,7300000,14900000,2,2920000,358,13600000,12300000,20400000,7300000, Rejected
2513,5, Not Graduate, Yes,1300000,3100000,16,351000,826,200000,1700000,5100000,1400000, Approved
2514,0, Not Graduate, No,1800000,4200000,6,486000,836,1300000,1900000,6800000,2000000, Approved
2515,3, Graduate, No,500000,1700000,10,80000,509,400000,300000,1400000,300000, Rejected
2516,2, Not Graduate, Yes,5700000,20500000,20,1938000,581,15200000,7800000,11400000,8500000, Approved
2517,4, Graduate, No,300000,1100000,4,105000,359,100000,0,1000000,200000, Approved
2518,5, Graduate, Yes,2100000,7100000,10,672000,517,1200000,2900000,5400000,1400000, Rejected
2519,1, Not Graduate, Yes,5700000,20100000,14,228000,442,11700000,7300000,17900000,6500000, Rejected
2520,1, Not Graduate, Yes,1100000,2700000,16,396000,346,1900000,300000,2200000,800000, Rejected
2521,5, Graduate, No,9300000,34000000,6,558000,742,4200000,600000,32800000,8200000, Approved
2522,1, Graduate, Yes,3500000,8100000,10,385000,626,7100000,5500000,7200000,2900000, Approved
2523,0, Not Graduate, Yes,8200000,28800000,4,3034000,619,9000000,1100000,23000000,6300000, Approved
2524,2, Not Graduate, Yes,7500000,17900000,20,1875000,734,9100000,5500000,23000000,4900000, Approved
2525,1, Graduate, Yes,7000000,25600000,6,1190000,420,15100000,11500000,15300000,8700000, Rejected
2526,5, Not Graduate, Yes,3900000,8300000,18,78000,600,3900000,600000,10400000,5600000, Approved
2527,3, Graduate, Yes,4700000,13200000,12,1551000,440,4000000,3300000,16600000,4300000, Rejected
2528,5, Not Graduate, Yes,1700000,5200000,16,544000,820,1700000,1200000,4000000,1000000, Approved
2529,0, Graduate, No,2500000,7800000,8,400000,437,5800000,0,5800000,3300000, Rejected
2530,1, Not Graduate, Yes,400000,1400000,12,152000,468,700000,0,1500000,400000, Rejected
2531,0, Not Graduate, Yes,2400000,9100000,8,840000,368,2200000,200000,5600000,3300000, Rejected
2532,4, Graduate, No,5700000,21900000,2,1197000,871,3200000,1700000,14400000,6100000, Approved
2533,1, Graduate, No,9800000,37900000,4,2842000,816,21800000,12200000,26100000,8500000, Approved
2534,5, Graduate, No,9000000,32800000,4,1530000,773,10600000,4100000,18900000,11500000, Approved
2535,3, Not Graduate, No,800000,3000000,14,176000,576,1200000,1300000,2600000,400000, Approved
2536,1, Graduate, No,1600000,4500000,14,560000,673,1900000,2700000,3700000,1300000, Approved
2537,0, Graduate, Yes,9800000,34100000,20,3332000,760,21500000,9400000,33400000,13600000, Approved
2538,5, Not Graduate, Yes,2900000,7500000,12,319000,678,3400000,3000000,10900000,3700000, Approved
2539,4, Not Graduate, Yes,3900000,12000000,14,156000,893,6000000,4700000,12900000,5200000, Approved
2540,0, Graduate, Yes,3300000,9000000,18,528000,754,6100000,3900000,6900000,4700000, Approved
2541,3, Graduate, Yes,700000,2200000,8,140000,617,1600000,400000,2400000,900000, Approved
2542,3, Not Graduate, Yes,8400000,29500000,20,336000,661,14600000,3400000,28900000,10900000, Approved
2543,1, Graduate, Yes,4000000,12100000,12,520000,356,10500000,2500000,15600000,5000000, Rejected
2544,0, Not Graduate, Yes,1900000,6300000,16,456000,811,1100000,100000,5100000,1900000, Approved
2545,0, Not Graduate, No,3900000,14600000,2,429000,730,9200000,4000000,14600000,5400000, Approved
2546,5, Not Graduate, No,7400000,18000000,2,1628000,792,5300000,9400000,19900000,5300000, Approved
2547,5, Not Graduate, Yes,5900000,16000000,6,1947000,798,15900000,5000000,12300000,3100000, Approved
2548,2, Not Graduate, No,1400000,2900000,12,518000,490,600000,1600000,5500000,1300000, Rejected
2549,2, Graduate, Yes,1800000,5500000,6,72000,448,2900000,300000,5600000,1300000, Rejected
2550,0, Graduate, Yes,1000000,3100000,6,370000,525,1900000,1700000,2800000,1400000, Rejected
2551,1, Graduate, No,7400000,19200000,20,370000,415,2200000,4800000,29200000,7000000, Rejected
2552,5, Graduate, No,2700000,10600000,16,54000,496,800000,2900000,9700000,2400000, Rejected
2553,1, Not Graduate, Yes,3600000,13100000,8,972000,543,2900000,100000,9900000,2700000, Rejected
2554,5, Graduate, No,7000000,18400000,12,1890000,520,4700000,11900000,17000000,3800000, Rejected
2555,4, Not Graduate, Yes,5000000,18000000,14,1800000,307,5300000,5600000,12800000,3300000, Rejected
2556,2, Graduate, No,1800000,5700000,14,216000,502,1400000,1100000,4400000,1300000, Rejected
2557,2, Graduate, Yes,4700000,12000000,6,0,505,3400000,3800000,18000000,2300000, Rejected
2558,2, Not Graduate, Yes,6700000,23100000,4,938000,304,14400000,7100000,24300000,10000000, Approved
2559,5, Not Graduate, No,5800000,17500000,10,870000,719,5800000,1900000,12400000,3100000, Approved
2560,0, Graduate, Yes,5900000,22700000,18,2183000,855,13400000,6300000,14500000,4000000, Approved
2561,4, Not Graduate, No,6000000,15800000,18,900000,593,6800000,4800000,13200000,6400000, Approved
2562,1, Not Graduate, Yes,700000,1400000,10,280000,523,700000,1100000,1600000,900000, Rejected
2563,0, Not Graduate, Yes,3700000,13100000,14,518000,385,10600000,6800000,9200000,4900000, Rejected
2564,0, Graduate, Yes,7100000,19300000,6,1988000,783,3900000,4800000,21800000,5000000, Approved
2565,5, Graduate, Yes,1100000,3900000,2,220000,538,400000,1300000,4300000,1600000, Approved
2566,3, Not Graduate, Yes,9500000,20100000,2,3610000,506,16800000,800000,32700000,11000000, Rejected
2567,4, Not Graduate, Yes,2200000,8600000,2,792000,461,1400000,3000000,4700000,2100000, Approved
2568,4, Not Graduate, Yes,5500000,20000000,8,55000,666,3800000,4700000,18000000,7900000, Approved
2569,3, Not Graduate, Yes,4400000,16300000,20,1364000,561,5500000,8000000,12000000,4000000, Approved
2570,5, Not Graduate, No,5000000,10800000,10,1450000,345,12300000,5000000,14100000,6300000, Rejected
2571,4, Not Graduate, Yes,6100000,12500000,14,610000,862,11300000,1500000,21900000,6800000, Approved
2572,3, Not Graduate, No,8100000,22300000,10,648000,686,20400000,8700000,19200000,6200000, Approved
2573,4, Graduate, Yes,7000000,19600000,8,630000,708,17600000,2600000,24300000,4500000, Approved
2574,4, Not Graduate, No,5600000,14800000,20,56000,656,9600000,9200000,11600000,6500000, Approved
2575,4, Graduate, No,1800000,7000000,14,450000,743,2600000,1000000,4500000,1500000, Approved
2576,2, Graduate, No,3600000,12100000,14,108000,408,10100000,4200000,13000000,5400000, Rejected
2577,5, Graduate, No,600000,1300000,14,240000,408,1000000,300000,1600000,900000, Rejected
2578,1, Graduate, Yes,4900000,16500000,12,1715000,439,7500000,1400000,10300000,7200000, Rejected
2579,3, Graduate, Yes,3000000,7100000,6,1050000,415,2000000,5700000,9500000,2500000, Rejected
2580,0, Not Graduate, Yes,3800000,10600000,12,1064000,490,3300000,6500000,14400000,3100000, Rejected
2581,1, Graduate, Yes,7600000,30000000,16,2508000,884,13300000,3600000,17200000,10800000, Approved
2582,4, Graduate, No,7800000,25400000,18,1170000,425,3000000,14000000,30500000,7200000, Rejected
2583,0, Graduate, No,6800000,21700000,20,1768000,730,17500000,1300000,18600000,3600000, Approved
2584,4, Graduate, Yes,5900000,17300000,20,2006000,657,1500000,5600000,13000000,4100000, Approved
2585,2, Not Graduate, No,4900000,16800000,10,1029000,480,2200000,8900000,12600000,2700000, Rejected
2586,3, Not Graduate, Yes,1100000,3100000,16,77000,356,1300000,100000,3000000,1600000, Rejected
2587,1, Not Graduate, Yes,9800000,36000000,12,1372000,629,28000000,4100000,29800000,11200000, Approved
2588,1, Graduate, Yes,1200000,4700000,2,108000,667,1100000,300000,4200000,800000, Approved
2589,0, Not Graduate, No,4700000,11500000,18,1269000,559,7500000,0,18700000,2600000, Approved
2590,4, Graduate, No,6700000,16000000,4,536000,791,0,13000000,20700000,5200000, Approved
2591,0, Not Graduate, Yes,3700000,11300000,6,1221000,538,6200000,400000,10400000,5400000, Rejected
2592,2, Graduate, No,7400000,16000000,20,1850000,358,16700000,5500000,26800000,4300000, Rejected
2593,2, Not Graduate, No,3300000,11700000,14,726000,439,4000000,6300000,8300000,1700000, Rejected
2594,2, Graduate, Yes,4800000,15300000,12,1344000,503,3300000,4000000,12000000,4300000, Rejected
2595,4, Graduate, Yes,4600000,11900000,6,1334000,810,11200000,8200000,17500000,5200000, Approved
2596,1, Graduate, Yes,8000000,30600000,14,3120000,302,12700000,13100000,23900000,6800000, Rejected
2597,0, Not Graduate, No,4100000,8800000,18,902000,300,10900000,6400000,8600000,3500000, Rejected
2598,4, Not Graduate, No,2600000,7200000,16,130000,612,1300000,1000000,5800000,1400000, Approved
2599,3, Not Graduate, No,1300000,5000000,6,104000,686,2700000,2000000,4100000,900000, Approved
2600,0, Graduate, Yes,2300000,4900000,12,161000,409,3300000,2400000,4700000,3200000, Rejected
2601,5, Graduate, No,300000,900000,6,27000,492,800000,300000,700000,400000, Rejected
2602,0, Graduate, Yes,7000000,21700000,20,2450000,498,6600000,5500000,14700000,3900000, Rejected
2603,3, Not Graduate, Yes,4400000,10900000,18,1716000,611,8600000,6300000,8800000,3000000, Approved
2604,5, Not Graduate, Yes,5100000,11800000,6,765000,776,7600000,400000,10500000,4400000, Approved
2605,1, Not Graduate, No,5900000,13000000,6,1357000,779,10800000,11600000,13100000,6600000, Approved
2606,3, Graduate, Yes,7800000,27200000,16,2418000,560,3600000,8100000,21800000,8600000, Approved
2607,4, Graduate, Yes,2200000,5100000,6,858000,308,3200000,2600000,6600000,3100000, Rejected
2608,4, Not Graduate, No,5400000,12600000,18,1566000,786,300000,2500000,21000000,6600000, Approved
2609,1, Not Graduate, No,7400000,29100000,8,962000,597,12100000,4800000,16300000,7000000, Approved
2610,4, Graduate, No,5800000,12000000,12,1276000,811,9400000,8800000,14200000,3100000, Approved
2611,1, Graduate, Yes,5800000,13000000,12,870000,862,11300000,8400000,12000000,3900000, Approved
2612,3, Not Graduate, Yes,4800000,14200000,12,1680000,369,3200000,200000,14000000,3000000, Rejected
2613,1, Not Graduate, Yes,7400000,23900000,4,370000,687,20800000,10900000,26100000,5600000, Approved
2614,0, Not Graduate, Yes,9600000,19600000,12,2880000,500,21500000,700000,37600000,10900000, Rejected
2615,2, Not Graduate, Yes,200000,500000,6,24000,746,400000,0,500000,0, Approved
2616,4, Not Graduate, No,700000,2100000,14,182000,619,1900000,700000,2400000,1000000, Approved
2617,2, Not Graduate, No,7600000,16700000,20,3040000,692,9900000,9600000,25100000,7400000, Approved
2618,1, Not Graduate, Yes,1400000,3300000,18,350000,321,900000,1500000,3000000,700000, Rejected
2619,2, Not Graduate, Yes,3800000,15000000,14,1482000,730,10800000,2900000,10700000,3600000, Approved
2620,3, Not Graduate, No,2700000,10800000,6,540000,480,4400000,0,10300000,3500000, Rejected
2621,2, Not Graduate, Yes,5000000,10700000,2,100000,753,12600000,9000000,11500000,5700000, Approved
2622,4, Graduate, Yes,9000000,28900000,6,900000,637,11300000,1200000,33000000,4800000, Approved
2623,3, Graduate, No,3700000,9000000,6,0,483,9300000,400000,9900000,3600000, Rejected
2624,4, Not Graduate, Yes,300000,1100000,4,3000,315,700000,100000,900000,100000, Approved
2625,4, Graduate, No,1800000,4100000,8,36000,777,2200000,2500000,3600000,1900000, Approved
2626,2, Graduate, No,7900000,17700000,4,2844000,402,20900000,11800000,25600000,8400000, Rejected
2627,4, Graduate, Yes,2100000,7700000,8,462000,493,4300000,400000,4400000,1300000, Rejected
2628,0, Graduate, Yes,900000,3100000,4,279000,355,1700000,100000,3000000,500000, Approved
2629,3, Graduate, No,9900000,23600000,18,2970000,557,18300000,8600000,23000000,9100000, Approved
2630,0, Not Graduate, Yes,5600000,20000000,20,1624000,606,7100000,500000,20000000,7600000, Approved
2631,1, Not Graduate, Yes,6000000,12200000,16,1080000,743,8800000,2600000,20600000,2900000, Approved
2632,5, Not Graduate, No,5700000,18400000,4,1197000,579,12800000,4000000,17200000,4900000, Approved
2633,0, Graduate, Yes,9000000,33100000,20,2790000,734,2800000,5900000,25300000,10300000, Approved
2634,0, Graduate, No,7300000,16100000,2,1533000,490,7600000,1400000,21800000,10700000, Rejected
2635,5, Graduate, No,5300000,20500000,16,530000,802,11200000,7100000,21100000,4100000, Approved
2636,1, Not Graduate, Yes,3500000,7400000,16,1190000,867,500000,6600000,9500000,2100000, Approved
2637,0, Not Graduate, No,1000000,2200000,12,190000,302,2200000,400000,3700000,1400000, Rejected
2638,0, Not Graduate, No,5100000,19900000,12,255000,867,1800000,7100000,18300000,5700000, Approved
2639,0, Graduate, Yes,2900000,9900000,8,232000,312,1800000,4500000,11200000,3700000, Rejected
2640,3, Not Graduate, No,7600000,19100000,14,0,762,14800000,15000000,23500000,7300000, Approved
2641,5, Not Graduate, Yes,6000000,14700000,18,480000,462,15400000,9700000,13800000,3500000, Rejected
2642,1, Graduate, No,6300000,18200000,18,2079000,849,4300000,5800000,15500000,5200000, Approved
2643,3, Not Graduate, No,1900000,7400000,18,38000,592,2300000,3000000,6000000,1800000, Approved
2644,4, Graduate, No,600000,1400000,4,162000,507,200000,300000,1700000,400000, Rejected
2645,2, Not Graduate, Yes,4100000,11400000,14,697000,505,8100000,7500000,10100000,5500000, Rejected
2646,0, Not Graduate, Yes,800000,3200000,8,152000,467,900000,400000,3100000,800000, Rejected
2647,2, Not Graduate, No,6600000,22900000,16,2310000,543,2500000,11000000,26300000,8500000, Rejected
2648,4, Graduate, Yes,300000,1100000,12,63000,674,600000,0,800000,200000, Approved
2649,3, Graduate, No,6100000,13500000,2,183000,717,15700000,4200000,16100000,3400000, Approved
2650,5, Not Graduate, Yes,4800000,17000000,10,1200000,666,6800000,5400000,12400000,2900000, Approved
2651,4, Not Graduate, No,4500000,17300000,18,0,830,200000,4200000,12000000,2500000, Approved
2652,2, Graduate, No,3800000,9400000,16,684000,383,8300000,500000,9200000,2300000, Rejected
2653,2, Graduate, Yes,7000000,18900000,8,280000,584,13000000,13600000,20600000,5000000, Approved
2654,2, Not Graduate, No,4400000,14200000,18,792000,799,6300000,7800000,10800000,2400000, Approved
2655,5, Graduate, No,5300000,19400000,6,848000,510,14700000,7000000,13600000,3700000, Rejected
2656,0, Not Graduate, Yes,2600000,5900000,6,52000,572,5800000,3100000,7300000,3800000, Approved
2657,3, Not Graduate, No,3300000,13100000,2,363000,554,6000000,2500000,6700000,3800000, Approved
2658,1, Not Graduate, Yes,1200000,4800000,6,456000,344,2900000,1700000,3200000,1300000, Rejected
2659,3, Graduate, No,4300000,8600000,8,1247000,881,9100000,5200000,15000000,5500000, Approved
2660,0, Not Graduate, Yes,8400000,27200000,10,2520000,514,2500000,6400000,20100000,7200000, Rejected
2661,0, Graduate, No,600000,1800000,18,48000,796,1000000,700000,1200000,500000, Approved
2662,2, Graduate, Yes,4700000,16200000,12,752000,802,2300000,5400000,14800000,6700000, Approved
2663,3, Graduate, No,4200000,12500000,20,756000,375,1300000,5100000,10900000,2400000, Rejected
2664,2, Graduate, No,4300000,14700000,2,1204000,871,4100000,7300000,13900000,4400000, Approved
2665,0, Not Graduate, No,800000,2900000,2,96000,439,100000,900000,2700000,1200000, Approved
2666,0, Not Graduate, Yes,9300000,32000000,8,1302000,438,24800000,6400000,34900000,12400000, Rejected
2667,5, Not Graduate, No,6200000,13700000,2,1612000,468,3300000,12300000,13900000,5500000, Rejected
2668,3, Graduate, Yes,3500000,10200000,12,630000,645,10400000,5700000,10000000,2400000, Approved
2669,2, Graduate, Yes,3600000,9200000,18,468000,700,4400000,1800000,10700000,3500000, Approved
2670,5, Graduate, Yes,9500000,36700000,16,570000,348,3500000,2200000,31600000,11400000, Rejected
2671,5, Graduate, Yes,600000,1400000,10,48000,877,1400000,400000,2000000,700000, Approved
2672,0, Not Graduate, Yes,3800000,14900000,6,722000,899,7800000,600000,12400000,2800000, Approved
2673,3, Graduate, Yes,1400000,3500000,12,406000,610,1200000,600000,3800000,1400000, Approved
2674,1, Not Graduate, No,6300000,23900000,4,2016000,742,1500000,7100000,21800000,4300000, Approved
2675,1, Not Graduate, Yes,2800000,6600000,18,700000,801,4000000,4900000,7100000,3700000, Approved
2676,4, Graduate, Yes,5400000,17100000,2,918000,533,13800000,5100000,12200000,4700000, Approved
2677,3, Not Graduate, Yes,6300000,23900000,16,819000,656,12700000,9300000,15200000,5100000, Approved
2678,3, Graduate, Yes,3900000,14300000,18,78000,785,10900000,7600000,13900000,4900000, Approved
2679,2, Graduate, Yes,4200000,15700000,2,672000,332,7000000,700000,13300000,3000000, Approved
2680,0, Graduate, No,3100000,8100000,18,31000,768,400000,1600000,11600000,2400000, Approved
2681,1, Graduate, No,3400000,8600000,6,340000,640,7700000,1000000,7800000,4400000, Approved
2682,4, Not Graduate, No,1500000,3100000,6,90000,885,100000,2800000,3800000,1900000, Approved
2683,3, Not Graduate, Yes,900000,2000000,18,18000,772,2300000,700000,3500000,800000, Approved
2684,4, Graduate, Yes,7800000,25600000,4,2262000,665,1000000,2300000,27300000,8200000, Approved
2685,1, Not Graduate, Yes,3500000,10500000,20,280000,454,8300000,4000000,7600000,2100000, Rejected
2686,1, Not Graduate, No,8400000,32500000,14,1932000,698,20600000,5900000,17300000,12200000, Approved
2687,4, Not Graduate, Yes,6400000,21300000,20,1472000,332,3600000,9100000,16200000,8000000, Rejected
2688,1, Not Graduate, No,9600000,28300000,6,384000,536,18700000,9300000,27300000,6000000, Rejected
2689,5, Not Graduate, Yes,2100000,6500000,10,840000,796,2400000,2800000,7300000,2700000, Approved
2690,2, Not Graduate, Yes,6000000,19900000,8,2100000,486,12100000,8100000,20100000,6600000, Rejected
2691,0, Not Graduate, Yes,8300000,16800000,18,415000,422,8000000,10600000,23300000,11400000, Rejected
2692,1, Not Graduate, Yes,5300000,18500000,6,1007000,501,6700000,8600000,16600000,4300000, Rejected
2693,1, Not Graduate, Yes,9700000,23500000,4,3783000,666,15100000,9400000,23300000,8000000, Approved
2694,3, Not Graduate, Yes,8200000,16500000,18,1722000,371,19000000,1200000,18500000,8200000, Rejected
2695,5, Graduate, No,3400000,6900000,14,1156000,312,1800000,400000,10300000,3800000, Rejected
2696,5, Graduate, No,2800000,11000000,12,560000,753,3900000,4600000,10700000,2400000, Approved
2697,0, Not Graduate, Yes,2400000,5200000,16,240000,740,6300000,1000000,7500000,2900000, Approved
2698,1, Graduate, No,8200000,24000000,4,2952000,366,10900000,15200000,25200000,10400000, Rejected
2699,4, Not Graduate, No,4200000,11100000,8,1386000,526,11600000,200000,16800000,4900000, Rejected
2700,4, Graduate, Yes,5500000,14800000,10,1925000,354,16000000,3400000,21200000,7700000, Rejected
2701,5, Not Graduate, Yes,2900000,6300000,6,1102000,719,7900000,1600000,8000000,1600000, Approved
2702,5, Not Graduate, No,6300000,20100000,12,2142000,774,15600000,11800000,16200000,5800000, Approved
2703,5, Not Graduate, Yes,9700000,29100000,18,388000,732,4700000,7400000,35600000,12400000, Approved
2704,1, Not Graduate, No,6500000,16000000,6,2535000,862,2000000,0,24000000,9700000, Approved
2705,5, Not Graduate, No,4900000,10800000,18,49000,613,6800000,800000,14500000,5300000, Approved
2706,5, Graduate, Yes,6900000,16500000,6,414000,447,4100000,400000,14100000,6600000, Rejected
2707,4, Not Graduate, Yes,1100000,3000000,4,154000,730,300000,600000,3600000,1100000, Approved
2708,2, Not Graduate, Yes,7800000,29600000,14,780000,568,-100000,8600000,27000000,7200000, Approved
2709,2, Graduate, Yes,8200000,23600000,6,2788000,495,23000000,10600000,27200000,6100000, Rejected
2710,5, Not Graduate, Yes,6700000,23600000,14,804000,854,3000000,3300000,19400000,7500000, Approved
2711,3, Graduate, Yes,7400000,15200000,10,2072000,548,16700000,12800000,19300000,4800000, Rejected
2712,1, Not Graduate, No,1200000,2700000,14,96000,779,600000,2200000,2400000,600000, Approved
2713,0, Not Graduate, No,9500000,24800000,2,950000,564,17400000,16000000,19600000,12000000, Approved
2714,5, Not Graduate, Yes,4000000,8200000,2,1600000,571,3500000,7700000,9500000,4400000, Approved
2715,0, Not Graduate, Yes,8600000,32600000,8,86000,778,21500000,14100000,33600000,11000000, Approved
2716,4, Graduate, Yes,9100000,28400000,12,3003000,808,25800000,11800000,19300000,9700000, Approved
2717,0, Not Graduate, Yes,7100000,18600000,20,426000,770,19200000,13100000,23100000,5100000, Approved
2718,0, Not Graduate, No,9000000,28400000,4,1800000,612,0,7200000,26900000,13200000, Approved
2719,3, Graduate, Yes,1400000,2700000,14,42000,819,1200000,1500000,4000000,1300000, Approved
2720,1, Graduate, No,8800000,20200000,6,3520000,627,24200000,16100000,17600000,11900000, Approved
2721,3, Not Graduate, Yes,5400000,14700000,4,1296000,359,12300000,9900000,15100000,6100000, Rejected
2722,1, Graduate, No,6100000,19100000,6,427000,341,5700000,5900000,12400000,6300000, Rejected
2723,1, Graduate, No,1000000,3600000,4,140000,570,1000000,1300000,3700000,1000000, Approved
2724,3, Graduate, Yes,7700000,18100000,20,1155000,736,7800000,14500000,29100000,10000000, Approved
2725,1, Graduate, Yes,6100000,12900000,2,1891000,302,8900000,7500000,15600000,7200000, Rejected
2726,2, Not Graduate, Yes,7700000,21000000,12,2849000,420,16100000,4300000,27400000,10500000, Rejected
2727,4, Graduate, Yes,4700000,12000000,2,1410000,416,5800000,8200000,13000000,6800000, Rejected
2728,2, Graduate, Yes,9100000,34800000,20,1638000,836,21300000,10900000,30600000,9900000, Approved
2729,0, Graduate, Yes,5800000,12700000,12,2320000,528,8400000,7300000,19600000,7600000, Rejected
2730,4, Not Graduate, No,8500000,24900000,2,2380000,405,1900000,400000,21700000,11400000, Rejected
2731,2, Graduate, Yes,9900000,33400000,14,1782000,783,16600000,16100000,21000000,9500000, Approved
2732,4, Not Graduate, Yes,2000000,4000000,10,400000,636,2100000,0,4000000,1700000, Approved
2733,1, Not Graduate, Yes,5000000,16800000,6,700000,711,6300000,7600000,16000000,3200000, Approved
2734,1, Graduate, Yes,3200000,11800000,16,896000,848,5500000,3200000,7500000,2300000, Approved
2735,1, Not Graduate, Yes,8000000,27800000,8,2160000,804,7900000,1600000,27100000,11800000, Approved
2736,0, Not Graduate, Yes,1200000,2800000,14,120000,892,3200000,100000,3300000,1700000, Approved
2737,2, Not Graduate, Yes,5800000,22800000,14,0,696,12100000,200000,20800000,4800000, Approved
2738,1, Graduate, No,2500000,7600000,20,425000,888,7400000,4200000,6400000,1900000, Approved
2739,1, Not Graduate, Yes,600000,1400000,10,216000,699,400000,500000,1300000,800000, Approved
2740,5, Graduate, No,4900000,13000000,10,1176000,865,13300000,3700000,14700000,6500000, Approved
2741,2, Graduate, Yes,9400000,37300000,14,3290000,383,7800000,15900000,27100000,7700000, Rejected
2742,2, Graduate, No,5300000,19300000,16,2067000,368,14700000,400000,11600000,3700000, Rejected
2743,5, Not Graduate, No,5100000,15800000,4,816000,607,6000000,7700000,12600000,7000000, Approved
2744,4, Not Graduate, Yes,2900000,8900000,18,493000,827,400000,3400000,11200000,1600000, Approved
2745,1, Graduate, No,9100000,34000000,12,3367000,672,8600000,1600000,32700000,8800000, Approved
2746,3, Not Graduate, Yes,8800000,26700000,12,1320000,708,16000000,15300000,26900000,9600000, Approved
2747,4, Not Graduate, No,2600000,8800000,10,676000,682,4500000,4700000,10300000,1600000, Approved
2748,1, Graduate, Yes,9700000,25500000,18,1261000,741,21900000,6200000,34800000,4900000, Approved
2749,5, Not Graduate, Yes,600000,1200000,8,6000,343,100000,700000,1600000,600000, Rejected
2750,0, Graduate, Yes,4100000,11100000,16,1025000,785,6800000,5300000,8500000,4800000, Approved
2751,1, Not Graduate, Yes,8000000,28000000,20,0,830,22400000,12600000,25600000,10600000, Approved
2752,2, Graduate, No,8800000,26700000,16,3432000,696,12900000,15300000,20300000,10900000, Approved
2753,1, Graduate, No,200000,300000,12,46000,697,600000,300000,700000,100000, Approved
2754,0, Graduate, Yes,3800000,11700000,2,380000,351,100000,6700000,12500000,3100000, Approved
2755,3, Graduate, No,6800000,21800000,10,1360000,556,16400000,9300000,19100000,5400000, Approved
2756,0, Graduate, No,8600000,31800000,2,2064000,895,22600000,15900000,19600000,5100000, Approved
2757,2, Graduate, Yes,2800000,8400000,10,588000,534,8300000,4800000,10600000,1500000, Rejected
2758,0, Graduate, No,8000000,29800000,12,1120000,736,600000,15700000,30800000,8400000, Approved
2759,2, Graduate, Yes,2300000,5500000,16,138000,629,4600000,2900000,7000000,1900000, Approved
2760,4, Graduate, Yes,7600000,16200000,20,456000,657,1900000,9300000,28500000,5500000, Approved
2761,2, Graduate, No,2900000,11300000,12,348000,839,700000,5100000,8100000,2600000, Approved
2762,4, Not Graduate, No,7900000,25700000,18,2844000,589,4300000,300000,25300000,9800000, Approved
2763,2, Not Graduate, No,1900000,4500000,6,133000,805,2200000,3100000,4800000,2300000, Approved
2764,3, Not Graduate, Yes,4600000,13600000,20,1472000,729,1300000,8900000,17200000,5900000, Approved
2765,1, Not Graduate, No,2600000,7700000,6,286000,399,3700000,4300000,8900000,3500000, Rejected
2766,2, Not Graduate, No,2700000,6700000,8,324000,413,7600000,800000,9200000,2300000, Rejected
2767,5, Graduate, Yes,6300000,13200000,16,1134000,321,6700000,4000000,15200000,7100000, Rejected
2768,0, Graduate, Yes,2600000,7500000,2,962000,853,4200000,3900000,9600000,1400000, Approved
2769,4, Not Graduate, Yes,7700000,23400000,6,539000,400,3900000,3400000,20800000,10700000, Rejected
2770,0, Graduate, Yes,7400000,16300000,16,1406000,630,11200000,13200000,28400000,5300000, Approved
2771,3, Graduate, Yes,7300000,21600000,20,1971000,557,1900000,3800000,26400000,9300000, Approved
2772,1, Graduate, No,2900000,7600000,2,1131000,358,800000,700000,10100000,2100000, Rejected
2773,3, Graduate, Yes,6600000,16000000,10,990000,510,1200000,4800000,13300000,6300000, Rejected
2774,2, Graduate, Yes,2700000,9600000,14,918000,554,5800000,200000,10200000,1900000, Approved
2775,3, Graduate, Yes,8300000,27700000,4,664000,596,20500000,15400000,21400000,7400000, Approved
2776,0, Graduate, No,4900000,18500000,8,0,659,8800000,1700000,14700000,4900000, Approved
2777,4, Graduate, Yes,7900000,30700000,10,395000,322,10600000,13200000,30300000,6300000, Rejected
2778,5, Graduate, Yes,8800000,21300000,14,2464000,852,8000000,6400000,28500000,9900000, Approved
2779,5, Not Graduate, No,4000000,14100000,18,160000,653,5800000,4100000,9400000,5400000, Approved
2780,4, Graduate, Yes,3900000,9200000,12,390000,737,2800000,2300000,12300000,5200000, Approved
2781,3, Graduate, Yes,7700000,18900000,2,2772000,583,9300000,3000000,16700000,9300000, Approved
2782,1, Graduate, Yes,3800000,10000000,16,1368000,873,5100000,2800000,10300000,4000000, Approved
2783,5, Graduate, No,8000000,27000000,20,2080000,595,4500000,5200000,24800000,10400000, Approved
2784,5, Graduate, Yes,3400000,11300000,20,442000,871,6500000,3900000,9700000,2400000, Approved
2785,5, Graduate, Yes,5500000,18800000,12,1265000,603,3300000,700000,21000000,5000000, Approved
2786,0, Not Graduate, No,7700000,29300000,14,1771000,801,6200000,11800000,23400000,4700000, Approved
2787,5, Graduate, No,4000000,9400000,4,960000,723,200000,0,12100000,2000000, Approved
2788,5, Not Graduate, Yes,5900000,22600000,18,413000,630,2300000,4200000,16500000,6800000, Approved
2789,0, Not Graduate, Yes,2600000,9900000,20,234000,368,3600000,1500000,5200000,2000000, Rejected
2790,3, Graduate, No,6600000,22200000,12,1122000,759,8900000,2200000,18700000,8500000, Approved
2791,0, Not Graduate, Yes,1000000,3000000,18,210000,382,2200000,700000,3500000,900000, Rejected
2792,4, Not Graduate, Yes,800000,2800000,16,256000,645,900000,1400000,2300000,600000, Approved
2793,0, Graduate, No,3200000,6300000,6,608000,878,6700000,5200000,8100000,3600000, Approved
2794,4, Graduate, No,8400000,23400000,12,1764000,350,18700000,9100000,27500000,6700000, Rejected
2795,3, Graduate, Yes,5800000,17600000,6,174000,720,4900000,4200000,18800000,6600000, Approved
2796,0, Not Graduate, Yes,7300000,28100000,10,438000,673,13700000,1200000,16300000,8900000, Approved
2797,1, Graduate, No,3900000,8000000,6,156000,448,100000,1900000,9800000,4000000, Rejected
2798,2, Not Graduate, Yes,4600000,16000000,4,1748000,720,0,4000000,12300000,4200000, Approved
2799,0, Graduate, No,3600000,12300000,2,648000,300,5200000,3000000,14300000,5400000, Approved
2800,4, Graduate, No,7500000,28700000,20,1350000,520,4600000,3500000,15200000,5700000, Rejected
2801,1, Graduate, No,5200000,15000000,12,780000,794,3200000,7200000,16500000,5100000, Approved
2802,3, Graduate, Yes,4400000,10000000,8,968000,875,5900000,5200000,11700000,4100000, Approved
2803,1, Not Graduate, Yes,5100000,12900000,14,2040000,533,6700000,6700000,14400000,3900000, Rejected
2804,0, Graduate, No,6000000,23600000,6,1980000,776,13800000,2700000,23400000,8800000, Approved
2805,2, Graduate, No,3800000,11400000,6,608000,706,1000000,4000000,12100000,2800000, Approved
2806,3, Graduate, No,2800000,10900000,2,140000,710,600000,2400000,5600000,3600000, Approved
2807,5, Graduate, Yes,6500000,18300000,4,975000,333,8100000,400000,21700000,7000000, Rejected
2808,2, Not Graduate, Yes,1600000,6400000,4,448000,787,1000000,300000,5500000,1100000, Approved
2809,4, Graduate, No,5500000,18600000,12,1815000,569,13500000,6200000,19700000,7300000, Approved
2810,0, Graduate, Yes,9600000,20100000,16,0,427,7200000,2300000,34500000,7400000, Rejected
2811,0, Graduate, No,7000000,27800000,16,1820000,640,11500000,3700000,16000000,8200000, Approved
2812,2, Not Graduate, No,4000000,8100000,16,160000,312,3500000,2100000,15100000,3100000, Rejected
2813,1, Not Graduate, Yes,8100000,30900000,12,81000,464,13600000,9800000,17900000,7500000, Rejected
2814,2, Not Graduate, Yes,6600000,22800000,8,1848000,490,6100000,10000000,18000000,6400000, Rejected
2815,5, Graduate, No,4100000,10200000,12,164000,431,6200000,2200000,13700000,4300000, Rejected
2816,1, Graduate, No,6600000,24800000,4,2508000,500,8600000,4100000,16700000,6100000, Approved
2817,4, Graduate, No,5100000,12200000,14,1275000,511,2700000,6000000,18300000,3400000, Rejected
2818,4, Graduate, No,8200000,25200000,18,2542000,691,5800000,8900000,28500000,10500000, Approved
2819,1, Not Graduate, Yes,9500000,24400000,14,3420000,696,25500000,6700000,29500000,6300000, Approved
2820,0, Not Graduate, Yes,7600000,27600000,2,0,437,10000000,11200000,27600000,6800000, Approved
2821,2, Not Graduate, Yes,8400000,20800000,12,336000,335,6700000,12300000,18500000,10100000, Rejected
2822,4, Graduate, No,7600000,25100000,4,1520000,671,4600000,13200000,27400000,4300000, Approved
2823,4, Not Graduate, Yes,1400000,3700000,12,14000,621,3100000,900000,5100000,1800000, Approved
2824,4, Not Graduate, Yes,2700000,6800000,10,0,455,4700000,2600000,7400000,2700000, Rejected
2825,1, Graduate, Yes,200000,500000,10,52000,856,500000,200000,500000,200000, Approved
2826,3, Graduate, No,600000,2100000,16,72000,892,700000,400000,2400000,500000, Approved
2827,4, Graduate, No,5200000,12900000,16,988000,819,3400000,4100000,16800000,7500000, Approved
2828,0, Not Graduate, Yes,5100000,11600000,10,51000,308,8700000,1300000,10700000,7000000, Rejected
2829,4, Graduate, Yes,9200000,18600000,2,2300000,889,26900000,4200000,33300000,9700000, Approved
2830,5, Not Graduate, No,6500000,23200000,18,780000,713,6700000,1400000,13400000,7200000, Approved
2831,0, Graduate, No,8500000,21000000,6,2040000,665,3600000,9600000,27500000,11300000, Approved
2832,4, Not Graduate, No,2000000,6000000,12,700000,837,1300000,1900000,6300000,2300000, Approved
2833,4, Not Graduate, Yes,7500000,18000000,20,1200000,395,200000,12800000,23500000,9700000, Rejected
2834,0, Graduate, Yes,7500000,28900000,10,525000,632,21700000,10700000,24700000,9900000, Approved
2835,2, Not Graduate, No,2000000,4300000,16,100000,497,5100000,200000,5700000,2800000, Rejected
2836,3, Graduate, Yes,1400000,2700000,14,266000,694,3800000,200000,3600000,1700000, Approved
2837,1, Not Graduate, Yes,1700000,5600000,2,357000,882,3100000,2600000,6700000,1600000, Approved
2838,2, Graduate, Yes,5300000,14900000,6,1749000,504,10600000,2100000,17000000,3200000, Rejected
2839,4, Not Graduate, No,8900000,30100000,2,2581000,747,20600000,12900000,20700000,10300000, Approved
2840,3, Graduate, No,9700000,35300000,4,3589000,462,11500000,9500000,33700000,7200000, Approved
2841,5, Graduate, No,9000000,25900000,4,2610000,538,11100000,11100000,31300000,8100000, Rejected
2842,2, Not Graduate, Yes,8500000,30900000,6,765000,664,5700000,9900000,19800000,7400000, Approved
2843,1, Not Graduate, No,3500000,10900000,4,770000,524,8800000,6200000,13600000,2800000, Approved
2844,1, Not Graduate, No,500000,1400000,6,75000,464,1100000,0,1900000,500000, Rejected
2845,3, Graduate, No,8900000,19100000,6,1246000,807,2300000,16500000,29900000,10400000, Approved
2846,2, Not Graduate, Yes,7800000,27200000,18,1560000,622,6000000,6000000,26400000,4300000, Approved
2847,5, Not Graduate, Yes,9800000,27800000,6,2450000,827,2400000,14900000,32800000,9500000, Approved
2848,0, Graduate, No,5200000,19000000,14,364000,687,11900000,500000,19400000,4400000, Approved
2849,4, Graduate, No,7400000,19400000,16,962000,835,16400000,14200000,23500000,6500000, Approved
2850,3, Graduate, Yes,1200000,3300000,6,372000,772,700000,900000,2900000,1400000, Approved
2851,1, Not Graduate, Yes,1000000,3200000,2,400000,710,100000,200000,3300000,900000, Approved
2852,3, Graduate, Yes,9500000,32500000,14,855000,581,2800000,14300000,36000000,4700000, Approved
2853,3, Not Graduate, No,4500000,11700000,18,450000,775,8700000,2800000,12700000,4500000, Approved
2854,2, Graduate, No,4900000,16000000,12,1715000,710,8700000,7100000,10000000,5700000, Approved
2855,3, Not Graduate, Yes,700000,2500000,8,49000,321,1900000,1200000,1700000,400000, Rejected
2856,0, Graduate, No,9400000,28300000,20,1128000,761,22500000,14800000,30800000,10100000, Approved
2857,3, Not Graduate, Yes,8300000,31400000,6,664000,674,1000000,1600000,17200000,6100000, Rejected
2858,4, Graduate, Yes,5600000,13000000,4,616000,899,10500000,9100000,11400000,6400000, Approved
2859,5, Not Graduate, Yes,4400000,12300000,8,704000,567,2400000,500000,12900000,6300000, Approved
2860,3, Graduate, No,2100000,5400000,8,546000,771,5200000,3700000,6200000,1000000, Approved
2861,1, Not Graduate, Yes,4400000,10600000,4,0,360,6600000,7700000,15100000,5000000, Rejected
2862,0, Not Graduate, No,6300000,19600000,6,693000,425,15900000,10400000,13300000,5900000, Rejected
2863,4, Graduate, No,9900000,30000000,18,594000,496,10400000,8000000,29300000,13800000, Rejected
2864,3, Not Graduate, No,700000,1600000,20,273000,705,600000,900000,2300000,700000, Approved
2865,4, Not Graduate, No,3600000,12400000,14,468000,427,10400000,2400000,9100000,2600000, Rejected
2866,1, Not Graduate, Yes,5600000,21000000,2,1512000,552,3200000,6300000,22100000,6100000, Approved
2867,3, Not Graduate, Yes,1000000,3700000,8,330000,725,3000000,1300000,4000000,1300000, Approved
2868,5, Graduate, Yes,6400000,15600000,8,0,553,14200000,2900000,20400000,8000000, Approved
2869,0, Not Graduate, No,8900000,19100000,2,2314000,725,8300000,15000000,19000000,8800000, Approved
2870,4, Graduate, No,9900000,26100000,2,3465000,481,14500000,5000000,23600000,9300000, Rejected
2871,2, Graduate, Yes,4000000,8600000,4,1440000,847,10200000,2700000,14300000,2400000, Approved
2872,0, Not Graduate, Yes,7300000,25700000,10,2555000,666,14000000,3100000,29000000,6000000, Approved
2873,1, Not Graduate, No,8100000,25400000,6,2430000,477,4500000,13200000,23200000,4400000, Rejected
2874,4, Graduate, Yes,6800000,22100000,4,2108000,446,3700000,4600000,18900000,9200000, Approved
2875,0, Not Graduate, Yes,2600000,8200000,8,936000,630,6000000,4900000,7500000,2000000, Approved
2876,5, Not Graduate, Yes,300000,1100000,20,78000,613,600000,400000,700000,200000, Approved
2877,2, Graduate, Yes,2400000,7500000,4,216000,851,3100000,700000,5600000,2400000, Approved
2878,0, Not Graduate, No,6000000,20600000,12,780000,339,3400000,10700000,17200000,8200000, Rejected
2879,4, Graduate, Yes,3800000,11100000,16,1254000,857,11300000,7400000,11700000,4700000, Approved
2880,0, Graduate, Yes,7000000,22100000,14,2800000,467,10000000,6400000,26100000,5800000, Rejected
2881,0, Graduate, Yes,5400000,12900000,16,810000,355,11200000,3100000,18200000,7400000, Rejected
2882,1, Not Graduate, No,6400000,16400000,6,576000,428,12400000,10900000,23900000,8900000, Rejected
2883,5, Not Graduate, Yes,7000000,24000000,14,2730000,450,10300000,5700000,21100000,4700000, Rejected
2884,2, Not Graduate, Yes,2100000,4600000,4,189000,348,5400000,0,7400000,1400000, Rejected
2885,4, Not Graduate, Yes,4400000,15000000,12,660000,459,5700000,800000,11400000,2400000, Rejected
2886,0, Not Graduate, No,8000000,31000000,8,400000,847,4900000,9500000,29600000,5700000, Approved
2887,2, Not Graduate, Yes,3900000,8300000,18,468000,523,800000,300000,9900000,2300000, Rejected
2888,0, Graduate, No,4700000,15200000,10,1316000,786,11100000,8000000,9600000,3200000, Approved
2889,0, Graduate, No,6800000,21200000,14,2652000,300,0,8700000,16500000,10000000, Rejected
2890,0, Not Graduate, Yes,1800000,6500000,12,216000,728,3500000,0,6100000,1900000, Approved
2891,3, Not Graduate, Yes,8600000,32000000,4,1806000,497,11400000,3300000,18600000,4900000, Approved
2892,1, Not Graduate, Yes,3600000,13700000,10,1116000,548,9900000,2400000,8900000,4100000, Rejected
2893,1, Graduate, Yes,6800000,22900000,6,68000,576,500000,11100000,13800000,5600000, Approved
2894,3, Graduate, Yes,1100000,4100000,20,275000,863,800000,1100000,3700000,600000, Approved
2895,4, Graduate, Yes,4000000,8400000,8,240000,717,7400000,4900000,11900000,4000000, Approved
2896,1, Graduate, No,2500000,5900000,12,625000,668,7400000,600000,6300000,3700000, Approved
2897,2, Graduate, No,5400000,17400000,10,270000,335,5900000,1400000,18100000,4300000, Rejected
2898,5, Not Graduate, No,6600000,13600000,4,2574000,861,11700000,8400000,14600000,5400000, Approved
2899,4, Not Graduate, No,6000000,14900000,2,1080000,321,6900000,7700000,18000000,6500000, Rejected
2900,0, Graduate, Yes,2200000,8300000,10,22000,585,3600000,1700000,4300000,1900000, Approved
2901,1, Graduate, No,8800000,18500000,10,2816000,704,14400000,3200000,26600000,11300000, Approved
2902,0, Not Graduate, Yes,4000000,10300000,4,240000,819,11100000,1200000,15200000,2600000, Approved
2903,4, Not Graduate, Yes,3600000,12400000,18,1152000,494,5300000,100000,10200000,1900000, Rejected
2904,5, Graduate, Yes,8100000,22500000,2,567000,808,4800000,6100000,16900000,6000000, Approved
2905,3, Not Graduate, Yes,5200000,11000000,12,728000,830,8900000,5100000,16000000,7600000, Approved
2906,5, Graduate, No,1100000,2800000,14,11000,473,100000,500000,4200000,700000, Rejected
2907,2, Graduate, No,7500000,29800000,4,1050000,392,5500000,2200000,20800000,4000000, Approved
2908,5, Not Graduate, No,7700000,20300000,12,2387000,806,21300000,13300000,18900000,9600000, Approved
2909,0, Not Graduate, No,5700000,21400000,8,570000,340,3200000,1900000,17200000,3800000, Rejected
2910,3, Graduate, Yes,5000000,13900000,8,900000,555,12300000,6700000,18100000,4800000, Approved
2911,5, Not Graduate, No,500000,1200000,16,5000,499,600000,600000,1500000,200000, Rejected
2912,3, Graduate, No,8900000,21300000,10,2047000,467,18700000,2600000,31800000,8800000, Rejected
2913,1, Not Graduate, No,1700000,6600000,4,136000,797,2800000,1900000,6100000,1300000, Approved
2914,4, Not Graduate, Yes,500000,1300000,18,110000,762,1400000,0,1600000,300000, Approved
2915,3, Not Graduate, Yes,9900000,36500000,16,594000,562,17300000,18500000,22300000,9800000, Approved
2916,1, Graduate, No,8400000,21800000,2,1596000,492,4000000,11000000,18200000,6600000, Rejected
2917,3, Not Graduate, Yes,500000,1700000,4,35000,824,500000,600000,1400000,400000, Approved
2918,2, Graduate, No,1700000,5700000,10,153000,602,4900000,2700000,4500000,1800000, Approved
2919,1, Not Graduate, Yes,6500000,18300000,10,195000,722,11900000,8600000,19200000,4500000, Approved
2920,1, Not Graduate, No,8900000,28400000,6,1068000,709,21600000,5500000,26200000,7900000, Approved
2921,1, Not Graduate, No,400000,1400000,4,44000,302,200000,100000,1500000,500000, Approved
2922,3, Not Graduate, No,5700000,12300000,6,342000,364,7900000,11000000,20000000,5500000, Rejected
2923,0, Not Graduate, Yes,9600000,23800000,12,1344000,389,25200000,15800000,27000000,8300000, Rejected
2924,0, Graduate, Yes,8500000,20000000,16,2890000,786,13300000,7400000,17700000,8900000, Approved
2925,0, Graduate, No,4000000,11500000,8,800000,434,4500000,2800000,8400000,5900000, Rejected
2926,2, Not Graduate, Yes,6300000,18100000,6,1323000,671,7900000,8200000,13200000,5400000, Approved
2927,3, Graduate, Yes,4000000,14700000,8,80000,376,3000000,6200000,8900000,4200000, Rejected
2928,4, Graduate, No,9400000,32200000,6,3196000,898,27600000,11800000,19500000,8600000, Approved
2929,5, Graduate, Yes,4100000,15500000,10,1148000,836,10500000,1100000,15200000,3600000, Approved
2930,4, Graduate, Yes,1100000,4400000,6,407000,515,1000000,700000,4300000,1500000, Rejected
2931,3, Not Graduate, No,8700000,24800000,20,2436000,360,25300000,8700000,31100000,4300000, Rejected
2932,4, Graduate, Yes,4900000,12800000,2,1960000,691,200000,4900000,14700000,7000000, Approved
2933,1, Not Graduate, Yes,2800000,9100000,14,476000,510,2400000,4200000,10400000,3000000, Rejected
2934,0, Graduate, No,9600000,23200000,18,1152000,389,1000000,17600000,22200000,8800000, Rejected
2935,3, Graduate, Yes,6900000,19000000,14,276000,348,4200000,3700000,19400000,4900000, Rejected
2936,2, Not Graduate, Yes,2300000,8100000,2,184000,504,1800000,3100000,4600000,3100000, Approved
2937,2, Not Graduate, No,6800000,21300000,20,2584000,658,7800000,7000000,25900000,9600000, Approved
2938,1, Not Graduate, Yes,2200000,5400000,16,374000,641,5900000,0,4800000,1200000, Approved
2939,2, Not Graduate, No,5900000,19800000,20,1121000,327,7800000,1500000,19700000,8500000, Rejected
2940,1, Graduate, Yes,7000000,20300000,18,1330000,726,11600000,13100000,17100000,9000000, Approved
2941,1, Graduate, Yes,9600000,34100000,20,3360000,828,26100000,19000000,20800000,12400000, Approved
2942,0, Graduate, No,6500000,14500000,12,455000,755,9000000,11900000,20800000,3400000, Approved
2943,2, Not Graduate, Yes,3800000,7600000,20,266000,788,1700000,5200000,9200000,5600000, Approved
2944,2, Graduate, No,9400000,25100000,20,752000,832,19400000,2100000,22300000,5900000, Approved
2945,0, Not Graduate, No,2100000,8200000,4,273000,554,3900000,3800000,5900000,1700000, Approved
2946,1, Not Graduate, Yes,8500000,26200000,8,680000,811,22800000,6400000,32500000,12700000, Approved
2947,5, Graduate, Yes,3800000,12000000,2,418000,649,6200000,5300000,10300000,4200000, Approved
2948,1, Not Graduate, Yes,3400000,9700000,20,1020000,830,3500000,6400000,10300000,4800000, Approved
2949,1, Graduate, Yes,5600000,11700000,6,1008000,707,4500000,800000,19000000,3900000, Approved
2950,0, Graduate, Yes,8500000,33700000,10,170000,483,18800000,8900000,29000000,12200000, Rejected
2951,4, Not Graduate, Yes,2100000,5500000,18,672000,349,100000,0,6600000,2000000, Rejected
2952,4, Graduate, No,400000,1500000,4,60000,846,300000,0,1600000,600000, Approved
2953,4, Not Graduate, No,7900000,31500000,20,1106000,386,14300000,3800000,23800000,7500000, Rejected
2954,5, Not Graduate, No,6900000,19200000,12,690000,408,10000000,5000000,24900000,9000000, Rejected
2955,0, Not Graduate, Yes,1800000,3900000,2,396000,764,2200000,700000,3500000,1200000, Approved
2956,0, Graduate, Yes,1200000,3200000,18,336000,473,2100000,600000,2400000,1200000, Rejected
2957,3, Not Graduate, No,3600000,9800000,12,1044000,654,600000,1300000,7500000,2200000, Approved
2958,1, Graduate, No,7200000,22800000,2,648000,551,15000000,8700000,21300000,9500000, Approved
2959,5, Graduate, No,9400000,21800000,6,0,850,13300000,11700000,24800000,6800000, Approved
2960,5, Graduate, No,9000000,24200000,4,2790000,646,12400000,5500000,18100000,11900000, Approved
2961,1, Not Graduate, Yes,1000000,2100000,8,0,793,2900000,1300000,2200000,1400000, Approved
2962,3, Not Graduate, No,5600000,19900000,16,896000,551,14000000,4200000,16100000,4500000, Approved
2963,1, Graduate, No,900000,2600000,4,216000,346,400000,700000,2900000,900000, Rejected
2964,5, Not Graduate, Yes,9000000,19100000,14,3240000,540,11300000,800000,18300000,4900000, Rejected
2965,2, Not Graduate, No,3100000,9000000,20,651000,892,5000000,5600000,7100000,4000000, Approved
2966,1, Not Graduate, Yes,8000000,20700000,6,2960000,570,1000000,11700000,23200000,11300000, Approved
2967,4, Not Graduate, Yes,3500000,11300000,16,70000,874,1400000,3800000,10100000,3700000, Approved
2968,4, Graduate, No,3900000,12600000,8,780000,553,8200000,2500000,12300000,4500000, Approved
2969,2, Graduate, No,9700000,34500000,10,291000,649,10600000,7600000,24800000,5900000, Approved
2970,4, Graduate, No,4500000,15800000,14,1305000,439,8900000,6900000,15200000,4400000, Rejected
2971,5, Not Graduate, No,6800000,24800000,8,2244000,621,13000000,13500000,23300000,4800000, Approved
2972,2, Not Graduate, No,6300000,18600000,14,1260000,872,9900000,11900000,16100000,7500000, Approved
2973,2, Graduate, No,4900000,18500000,8,441000,492,12900000,5000000,10200000,5800000, Rejected
2974,0, Graduate, No,4800000,18600000,6,432000,618,12300000,5900000,16800000,4000000, Approved
2975,5, Graduate, No,7500000,15800000,18,1500000,458,7800000,6500000,22400000,8400000, Rejected
2976,5, Not Graduate, No,5200000,13900000,4,884000,422,7800000,4500000,12000000,7000000, Rejected
2977,3, Not Graduate, Yes,9400000,30900000,20,1222000,873,22800000,17700000,19300000,9000000, Approved
2978,5, Not Graduate, No,3200000,10000000,14,32000,610,2900000,3800000,8600000,3500000, Approved
2979,1, Not Graduate, Yes,3600000,13200000,20,648000,546,8900000,3600000,13900000,2900000, Rejected
2980,1, Not Graduate, Yes,3400000,7200000,8,136000,741,4300000,6600000,11500000,3900000, Approved
2981,3, Graduate, No,2100000,8200000,6,147000,754,900000,2900000,4900000,1000000, Approved
2982,1, Graduate, No,7200000,15100000,8,936000,379,2600000,8300000,21700000,8200000, Rejected
2983,5, Graduate, No,4500000,16900000,18,315000,455,2700000,2500000,10700000,5600000, Rejected
2984,0, Graduate, Yes,2600000,9000000,20,182000,615,6800000,0,8400000,3400000, Approved
2985,4, Graduate, Yes,6400000,21700000,10,0,384,16500000,8200000,15100000,5700000, Rejected
2986,0, Graduate, No,6400000,25100000,16,1600000,628,16100000,2900000,18100000,6400000, Approved
2987,3, Graduate, No,3100000,11200000,16,930000,865,3600000,4600000,6600000,4200000, Approved
2988,2, Graduate, No,1800000,5300000,2,576000,679,1000000,1400000,5800000,900000, Approved
2989,1, Graduate, Yes,9300000,19000000,14,2418000,689,24000000,11500000,35100000,9000000, Approved
2990,5, Not Graduate, Yes,6500000,13800000,10,455000,636,13000000,5500000,19400000,8100000, Approved
2991,1, Not Graduate, No,3100000,6600000,20,62000,837,4000000,4200000,12300000,4300000, Approved
2992,3, Not Graduate, No,2300000,8500000,12,69000,557,3600000,1400000,6200000,1300000, Approved
2993,2, Graduate, No,500000,1700000,10,10000,324,300000,300000,1800000,700000, Rejected
2994,0, Not Graduate, Yes,3700000,9300000,14,1221000,531,8300000,1000000,8900000,1900000, Rejected
2995,4, Not Graduate, Yes,8600000,21400000,14,2580000,476,6200000,2700000,28000000,12800000, Rejected
2996,4, Graduate, No,2600000,8500000,4,468000,775,600000,3800000,10400000,2600000, Approved
2997,1, Not Graduate, Yes,7100000,18000000,20,2059000,477,6600000,13200000,19300000,9300000, Rejected
2998,4, Not Graduate, Yes,7000000,19800000,16,1260000,682,9300000,5300000,14500000,7300000, Approved
2999,5, Not Graduate, No,8300000,17700000,12,2573000,334,19600000,13200000,22500000,9800000, Rejected
3000,3, Graduate, Yes,6800000,23900000,12,1360000,565,18800000,2800000,18800000,6700000, Approved
3001,1, Not Graduate, Yes,9900000,25700000,2,1980000,340,15600000,18800000,29500000,11800000, Rejected
3002,2, Graduate, No,5100000,11000000,14,918000,322,7900000,2900000,10700000,5900000, Rejected
3003,4, Graduate, Yes,3500000,10700000,8,735000,883,200000,2300000,8400000,2000000, Approved
3004,3, Graduate, Yes,4300000,12800000,16,1376000,346,3300000,1100000,11900000,3800000, Rejected
3005,0, Graduate, Yes,5300000,20200000,2,2067000,861,500000,800000,16500000,6200000, Approved
3006,5, Graduate, Yes,6400000,21900000,12,384000,699,15700000,500000,17200000,3800000, Approved
3007,0, Graduate, No,9300000,27200000,8,1581000,629,4500000,14300000,26900000,5000000, Approved
3008,3, Graduate, No,1100000,3100000,14,121000,359,1500000,1000000,4000000,1000000, Rejected
3009,2, Not Graduate, No,7100000,27000000,10,1917000,430,20700000,8300000,24500000,4200000, Rejected
3010,4, Not Graduate, No,1100000,3300000,18,363000,417,1400000,1000000,4200000,700000, Rejected
3011,2, Graduate, No,1900000,5200000,6,760000,896,4300000,100000,6200000,2400000, Approved
3012,0, Not Graduate, No,1300000,3900000,16,260000,690,3600000,1700000,4700000,800000, Approved
3013,5, Graduate, No,7500000,22800000,16,600000,347,15100000,1200000,16100000,10700000, Rejected
3014,4, Not Graduate, No,2400000,7000000,4,504000,539,2300000,0,9600000,2900000, Rejected
3015,4, Graduate, Yes,2500000,8000000,8,850000,464,4000000,3000000,9000000,3000000, Rejected
3016,4, Graduate, No,7500000,16200000,4,375000,310,10800000,14300000,14900000,5800000, Rejected
3017,3, Not Graduate, No,9300000,36600000,6,2139000,431,22000000,14600000,32900000,8800000, Rejected
3018,5, Not Graduate, No,3300000,10000000,12,330000,489,2000000,500000,7200000,2800000, Rejected
3019,4, Not Graduate, Yes,5700000,13900000,12,2052000,775,1600000,3100000,15900000,7100000, Approved
3020,4, Not Graduate, No,300000,600000,6,72000,365,-100000,400000,600000,200000, Rejected
3021,2, Not Graduate, Yes,1200000,4500000,10,48000,555,100000,1100000,2700000,1400000, Approved
3022,4, Graduate, Yes,8200000,29600000,10,984000,457,6700000,6700000,21400000,11000000, Rejected
3023,3, Not Graduate, No,5500000,12400000,8,605000,580,800000,900000,19300000,7300000, Approved
3024,4, Not Graduate, No,1800000,7200000,20,360000,496,3000000,1100000,7200000,2000000, Rejected
3025,0, Not Graduate, No,3500000,11400000,16,1050000,837,3700000,2100000,10000000,2700000, Approved
3026,4, Not Graduate, Yes,6000000,13200000,6,480000,455,7300000,5900000,16500000,7100000, Rejected
3027,0, Graduate, Yes,2700000,9700000,20,189000,551,1300000,1300000,7100000,1600000, Approved
3028,4, Not Graduate, Yes,5900000,20700000,10,2301000,825,11700000,7900000,21000000,8500000, Approved
3029,1, Not Graduate, Yes,2100000,4200000,18,630000,554,3400000,800000,6400000,1500000, Approved
3030,0, Not Graduate, Yes,2000000,5200000,18,220000,400,1900000,1500000,5000000,1500000, Rejected
3031,5, Not Graduate, No,9000000,34300000,10,3510000,853,22500000,11900000,32200000,10100000, Approved
3032,1, Not Graduate, Yes,7600000,18800000,14,3040000,403,20900000,4700000,24700000,10000000, Rejected
3033,3, Graduate, No,500000,1500000,6,155000,392,1400000,200000,1800000,600000, Rejected
3034,1, Graduate, No,6300000,19000000,20,2394000,673,14600000,8100000,16000000,4200000, Approved
3035,0, Graduate, Yes,3100000,7100000,10,775000,498,3800000,1100000,12200000,4300000, Rejected
3036,1, Not Graduate, No,1100000,2600000,6,341000,858,1800000,1900000,2700000,600000, Approved
3037,4, Graduate, Yes,3900000,14300000,20,1131000,477,1000000,4600000,9100000,2900000, Rejected
3038,4, Not Graduate, Yes,8700000,28200000,12,2436000,548,11800000,9900000,19800000,8500000, Rejected
3039,4, Not Graduate, Yes,6400000,23900000,6,2496000,300,16200000,11600000,24900000,7000000, Rejected
3040,2, Graduate, Yes,200000,800000,12,0,483,100000,200000,600000,300000, Rejected
3041,1, Graduate, No,2400000,5800000,20,648000,384,1700000,2500000,8400000,3100000, Rejected
3042,3, Not Graduate, No,8900000,35200000,10,2848000,894,17100000,5600000,27700000,9800000, Approved
3043,3, Not Graduate, No,6100000,14800000,10,976000,492,6700000,3500000,17900000,6100000, Rejected
3044,5, Not Graduate, Yes,7600000,25700000,4,152000,607,12900000,13600000,29100000,4900000, Approved
3045,3, Not Graduate, No,900000,2400000,16,279000,701,700000,0,2000000,400000, Approved
3046,2, Not Graduate, Yes,7100000,19700000,20,2201000,890,13900000,3900000,22200000,4000000, Approved
3047,2, Not Graduate, Yes,5000000,14600000,10,150000,808,4400000,3500000,17300000,3100000, Approved
3048,4, Graduate, Yes,2000000,7400000,20,20000,596,600000,2300000,4900000,2500000, Approved
3049,4, Graduate, Yes,2600000,6200000,14,364000,421,2500000,2200000,8900000,3400000, Rejected
3050,2, Graduate, Yes,7000000,14900000,20,2520000,495,9900000,8800000,14000000,10200000, Rejected
3051,3, Graduate, No,3900000,9800000,6,0,604,10900000,7300000,7700000,3300000, Approved
3052,3, Graduate, No,8400000,32600000,4,924000,509,22700000,12600000,32400000,8700000, Approved
3053,0, Graduate, Yes,200000,600000,8,40000,852,500000,0,400000,200000, Approved
3054,2, Not Graduate, Yes,1900000,6700000,16,190000,893,5600000,3600000,6300000,1600000, Approved
3055,2, Not Graduate, Yes,9200000,33000000,14,1656000,874,3900000,9700000,31200000,6600000, Approved
3056,3, Not Graduate, Yes,300000,500000,6,120000,386,800000,200000,1200000,100000, Rejected
3057,5, Graduate, No,6300000,18100000,4,126000,590,5400000,10900000,22400000,8600000, Approved
3058,2, Not Graduate, No,6100000,23500000,14,671000,510,9000000,9500000,12400000,3400000, Rejected
3059,3, Graduate, Yes,7800000,25600000,6,468000,523,13600000,7100000,20800000,9200000, Rejected
3060,0, Graduate, Yes,2000000,6700000,8,620000,461,4900000,2200000,7200000,2600000, Rejected
3061,4, Not Graduate, No,1900000,5600000,2,342000,832,2700000,3300000,7100000,2400000, Approved
3062,2, Not Graduate, Yes,3300000,9600000,18,1320000,896,9900000,900000,12100000,4900000, Approved
3063,0, Not Graduate, Yes,9500000,26000000,2,1140000,732,22500000,15600000,20400000,9300000, Approved
3064,0, Graduate, Yes,3500000,13900000,16,105000,301,10300000,100000,8700000,2700000, Rejected
3065,5, Graduate, No,4400000,15800000,4,440000,701,4100000,6300000,17100000,4100000, Approved
3066,2, Not Graduate, No,2000000,4000000,14,720000,502,4900000,1500000,5400000,1300000, Rejected
3067,3, Not Graduate, No,9200000,19500000,12,1196000,742,18300000,9900000,19500000,13700000, Approved
3068,1, Not Graduate, No,2200000,5000000,2,704000,755,1100000,2500000,6700000,3200000, Approved
3069,1, Not Graduate, No,1900000,7100000,2,532000,834,3900000,2300000,5800000,1400000, Approved
3070,5, Graduate, Yes,8700000,18400000,12,870000,394,18800000,3200000,24600000,12000000, Rejected
3071,3, Graduate, Yes,9700000,19700000,4,2037000,663,16700000,2200000,36200000,5200000, Approved
3072,3, Graduate, No,9400000,20300000,10,2162000,649,19600000,6700000,36100000,10000000, Approved
3073,4, Not Graduate, Yes,8000000,23200000,14,1200000,738,10900000,12100000,19900000,5400000, Approved
3074,5, Not Graduate, No,1000000,2000000,4,340000,524,2700000,1800000,2200000,700000, Rejected
3075,5, Not Graduate, No,5300000,14600000,16,477000,855,4200000,1600000,11200000,7400000, Approved
3076,3, Graduate, Yes,1400000,5400000,20,140000,304,1700000,1300000,2900000,800000, Rejected
3077,2, Graduate, Yes,1600000,3800000,12,608000,532,3200000,1400000,5400000,1100000, Rejected
3078,3, Graduate, Yes,3400000,8500000,6,340000,584,4200000,4700000,6800000,3700000, Approved
3079,3, Graduate, No,7800000,28700000,4,156000,447,7200000,9500000,20100000,11300000, Approved
3080,4, Not Graduate, No,7100000,19900000,14,2485000,852,4700000,3200000,19700000,7600000, Approved
3081,1, Not Graduate, Yes,6000000,13100000,2,600000,368,9900000,2200000,13700000,4900000, Rejected
3082,3, Not Graduate, Yes,8200000,28900000,10,2214000,447,4400000,14700000,29400000,6800000, Rejected
3083,4, Graduate, No,3900000,11400000,20,39000,867,3800000,1100000,13600000,3200000, Approved
3084,5, Not Graduate, Yes,8400000,17600000,12,2688000,397,13400000,14500000,24500000,7900000, Rejected
3085,4, Graduate, No,9700000,19400000,20,2910000,798,6400000,13700000,20300000,12800000, Approved
3086,1, Not Graduate, Yes,8300000,26300000,20,1992000,530,22800000,11000000,33200000,8000000, Rejected
3087,4, Graduate, No,2500000,9900000,16,350000,356,5500000,2600000,6100000,2300000, Rejected
3088,3, Graduate, No,6100000,24000000,18,1220000,718,4100000,3400000,16600000,6800000, Approved
3089,3, Not Graduate, No,5000000,13000000,10,0,459,2900000,3400000,18200000,7200000, Rejected
3090,3, Not Graduate, No,9500000,22200000,8,760000,571,4400000,8600000,24400000,10500000, Approved
3091,2, Graduate, No,5700000,20500000,8,57000,412,5800000,4300000,21200000,4900000, Rejected
3092,1, Graduate, Yes,5000000,12500000,20,2000000,604,4100000,100000,12200000,7400000, Approved
3093,4, Not Graduate, Yes,8600000,20600000,16,688000,449,10800000,10600000,28700000,5400000, Rejected
3094,5, Not Graduate, No,1400000,5300000,12,126000,778,1600000,700000,4400000,700000, Approved
3095,3, Graduate, No,5900000,21200000,16,354000,476,11700000,4800000,14800000,7700000, Rejected
3096,4, Graduate, Yes,4100000,10400000,12,943000,727,11900000,5900000,16400000,4400000, Approved
3097,3, Graduate, No,7400000,18500000,8,2220000,818,10400000,8800000,28000000,8400000, Approved
3098,1, Graduate, Yes,7100000,19300000,16,1491000,738,7200000,0,24300000,3600000, Approved
3099,5, Graduate, Yes,5300000,18200000,16,1537000,546,14600000,7900000,13400000,4000000, Rejected
3100,2, Not Graduate, No,6600000,14100000,2,2310000,471,10800000,11400000,20700000,6000000, Rejected
3101,3, Not Graduate, No,2800000,10600000,4,280000,860,5200000,4700000,6700000,2900000, Approved
3102,1, Not Graduate, Yes,1600000,4400000,4,352000,364,2500000,700000,4300000,2400000, Rejected
3103,0, Graduate, Yes,8500000,25300000,20,2125000,557,13000000,5100000,23900000,7100000, Approved
3104,1, Not Graduate, Yes,5200000,20700000,12,1560000,612,2200000,2600000,16500000,3200000, Approved
3105,2, Not Graduate, Yes,6400000,19300000,6,2432000,414,7200000,1800000,19100000,3900000, Rejected
3106,5, Graduate, No,1300000,2900000,4,26000,372,1700000,100000,2800000,600000, Rejected
3107,0, Graduate, No,5600000,11600000,12,2240000,466,15000000,7400000,21800000,7500000, Rejected
3108,3, Graduate, Yes,9000000,19800000,20,720000,348,8600000,9200000,25300000,6000000, Rejected
3109,1, Not Graduate, Yes,7800000,17200000,4,624000,597,3700000,12700000,17400000,8500000, Approved
3110,4, Not Graduate, Yes,4000000,11000000,8,200000,791,500000,4700000,10300000,3000000, Approved
3111,0, Graduate, Yes,700000,1800000,12,182000,400,1500000,1100000,2200000,300000, Rejected
3112,5, Graduate, Yes,7300000,18700000,16,2409000,813,6600000,8200000,20000000,5800000, Approved
3113,0, Not Graduate, Yes,5200000,15400000,4,572000,675,15300000,8800000,12800000,2900000, Approved
3114,1, Not Graduate, No,6200000,18200000,18,2046000,324,3100000,12000000,19200000,3400000, Rejected
3115,4, Graduate, No,1100000,3600000,8,297000,693,2400000,1300000,3800000,1500000, Approved
3116,1, Not Graduate, Yes,5600000,13700000,8,1848000,491,10100000,3700000,18500000,4200000, Rejected
3117,5, Graduate, Yes,3400000,9800000,8,408000,559,3500000,2900000,8300000,2200000, Approved
3118,4, Graduate, No,1500000,4900000,16,600000,392,1800000,1100000,3000000,2000000, Rejected
3119,2, Not Graduate, No,5800000,18600000,18,1450000,532,10900000,900000,12300000,6700000, Rejected
3120,4, Not Graduate, No,9800000,29400000,8,2940000,592,29100000,16700000,35900000,9000000, Approved
3121,5, Not Graduate, No,8300000,23100000,4,83000,459,5500000,14300000,28400000,5500000, Rejected
3122,4, Graduate, Yes,500000,1200000,4,135000,627,0,500000,1800000,700000, Approved
3123,4, Graduate, No,1900000,6100000,2,646000,462,2100000,3300000,5400000,2500000, Approved
3124,1, Not Graduate, Yes,9700000,24700000,14,2619000,600,13600000,14000000,35500000,6700000, Approved
3125,5, Not Graduate, No,1800000,6200000,18,666000,366,3500000,2400000,6300000,1300000, Rejected
3126,0, Graduate, Yes,3300000,9700000,14,693000,356,9800000,4800000,9400000,1900000, Rejected
3127,5, Graduate, No,900000,2300000,16,261000,590,1200000,1500000,2100000,900000, Approved
3128,5, Graduate, Yes,8200000,28900000,4,82000,485,16500000,3000000,19400000,6800000, Approved
3129,1, Not Graduate, Yes,500000,1700000,18,60000,617,400000,100000,1400000,500000, Approved
3130,5, Graduate, Yes,1000000,2600000,8,100000,664,900000,1200000,3500000,900000, Approved
3131,3, Not Graduate, No,7100000,27900000,8,1136000,583,8900000,7600000,19600000,6300000, Approved
3132,1, Graduate, Yes,200000,400000,18,70000,859,300000,100000,400000,200000, Approved
3133,2, Graduate, No,3100000,7300000,14,93000,504,3200000,0,7200000,1500000, Rejected
3134,4, Graduate, No,700000,2300000,16,245000,688,1500000,300000,1900000,400000, Approved
3135,3, Not Graduate, No,1800000,5700000,2,414000,422,4800000,0,3700000,2300000, Approved
3136,3, Not Graduate, Yes,8400000,27000000,8,2772000,746,15000000,8400000,27000000,12500000, Approved
3137,3, Graduate, No,7400000,17500000,20,1110000,317,17700000,14000000,27000000,9500000, Rejected
3138,2, Not Graduate, Yes,6700000,20200000,6,469000,701,8800000,12200000,13900000,8200000, Approved
3139,1, Graduate, Yes,1700000,6000000,16,204000,754,3900000,1500000,6400000,1800000, Approved
3140,3, Not Graduate, Yes,300000,600000,10,39000,515,300000,200000,1000000,200000, Rejected
3141,1, Graduate, Yes,3800000,8800000,12,874000,670,5200000,4700000,12200000,3800000, Approved
3142,5, Graduate, Yes,1300000,4000000,8,117000,407,3800000,1300000,3500000,1100000, Rejected
3143,5, Not Graduate, Yes,3100000,10900000,12,372000,884,6100000,3700000,12300000,4100000, Approved
3144,1, Graduate, Yes,200000,400000,20,34000,882,400000,100000,300000,0, Approved
3145,2, Not Graduate, Yes,8100000,24700000,6,2187000,595,5500000,14300000,27300000,6500000, Approved
3146,1, Not Graduate, Yes,8900000,22900000,4,178000,757,8200000,11600000,17800000,7800000, Approved
3147,5, Graduate, Yes,4200000,8500000,4,168000,386,8700000,4600000,10500000,6000000, Rejected
3148,5, Not Graduate, Yes,4100000,11100000,18,1312000,756,1700000,3000000,10800000,3000000, Approved
3149,3, Not Graduate, No,8300000,25700000,12,1992000,453,24000000,14600000,20400000,5700000, Rejected
3150,3, Not Graduate, No,7500000,25200000,8,0,316,1000000,800000,18300000,9000000, Rejected
3151,3, Graduate, No,2100000,7700000,6,567000,703,700000,4000000,8200000,1300000, Approved
3152,3, Graduate, No,1400000,3200000,8,322000,753,2200000,2000000,3600000,2000000, Approved
3153,0, Not Graduate, No,6900000,23500000,2,69000,621,7800000,7300000,23100000,9400000, Approved
3154,0, Graduate, Yes,2500000,9100000,10,300000,852,5000000,4700000,7400000,1500000, Approved
3155,3, Not Graduate, Yes,3800000,9400000,12,304000,301,7800000,2800000,14900000,5000000, Rejected
3156,3, Not Graduate, Yes,7700000,29300000,10,1078000,359,6800000,6100000,21900000,4200000, Rejected
3157,1, Not Graduate, No,3200000,6600000,16,544000,534,8800000,2600000,6500000,1800000, Rejected
3158,0, Not Graduate, Yes,8600000,20000000,10,516000,704,25400000,10000000,30800000,10300000, Approved
3159,3, Not Graduate, Yes,3800000,13700000,16,874000,662,4800000,400000,12400000,5300000, Approved
3160,3, Graduate, No,8400000,31100000,18,1764000,599,20600000,14100000,20500000,8500000, Approved
3161,1, Graduate, No,1600000,5400000,4,80000,319,4200000,2200000,4200000,1600000, Approved
3162,2, Not Graduate, No,7800000,19400000,16,2808000,549,18600000,13300000,24100000,6900000, Rejected
3163,1, Graduate, Yes,9400000,21000000,12,564000,443,14100000,2700000,23200000,5600000, Rejected
3164,3, Not Graduate, Yes,9900000,26700000,10,693000,550,22200000,15900000,36800000,6600000, Approved
3165,4, Not Graduate, No,2400000,8000000,18,768000,393,-100000,200000,7600000,3000000, Rejected
3166,2, Graduate, Yes,7500000,15100000,8,1575000,488,19800000,0,28500000,6700000, Rejected
3167,5, Graduate, No,3300000,11800000,16,528000,845,6000000,1500000,9200000,2600000, Approved
3168,2, Graduate, No,5500000,19000000,2,165000,382,12500000,1000000,15200000,8100000, Approved
3169,5, Not Graduate, No,2400000,7500000,12,840000,357,2600000,2900000,6100000,1300000, Rejected
3170,1, Not Graduate, Yes,8700000,27500000,16,261000,815,8000000,13400000,23600000,5900000, Approved
3171,1, Not Graduate, No,9600000,26000000,16,384000,368,18500000,16600000,29900000,8400000, Rejected
3172,0, Graduate, No,8400000,19800000,16,84000,674,500000,12200000,27400000,10700000, Approved
3173,5, Not Graduate, No,9200000,23900000,10,2116000,335,5800000,15300000,35400000,10700000, Rejected
3174,2, Graduate, Yes,4600000,12600000,2,1196000,355,6300000,6900000,14800000,6500000, Rejected
3175,5, Not Graduate, No,7600000,17500000,6,2432000,510,9100000,3500000,15700000,9800000, Rejected
3176,4, Graduate, No,8500000,17800000,4,2975000,698,6700000,4300000,28600000,8000000, Approved
3177,4, Not Graduate, Yes,3100000,8200000,18,899000,408,2900000,3800000,10800000,3100000, Rejected
3178,3, Graduate, Yes,4900000,13100000,18,1323000,401,5700000,4100000,16400000,3600000, Rejected
3179,5, Not Graduate, Yes,5800000,14000000,14,290000,418,3900000,10400000,15100000,6800000, Rejected
3180,0, Not Graduate, No,5700000,21300000,4,1995000,697,3000000,6800000,20000000,5500000, Approved
3181,4, Graduate, No,3200000,12200000,14,1088000,683,-100000,1100000,7500000,2900000, Rejected
3182,4, Not Graduate, Yes,8000000,31500000,16,320000,763,14900000,8800000,17600000,8900000, Approved
3183,4, Not Graduate, No,5000000,11400000,6,1300000,336,1600000,4000000,15500000,2500000, Rejected
3184,2, Not Graduate, Yes,2900000,8300000,10,986000,693,7500000,1900000,9700000,4300000, Approved
3185,2, Not Graduate, No,6400000,23900000,18,832000,745,14800000,4000000,16300000,7000000, Approved
3186,5, Graduate, No,6300000,22500000,18,189000,629,300000,3900000,23100000,8000000, Approved
3187,0, Not Graduate, No,5900000,23300000,16,472000,581,2200000,8100000,14900000,5800000, Approved
3188,1, Graduate, No,8100000,29600000,4,405000,672,8200000,5100000,21100000,5400000, Approved
3189,5, Graduate, Yes,7100000,20100000,4,1491000,700,16900000,2900000,15600000,4500000, Approved
3190,1, Not Graduate, No,1400000,4400000,14,532000,787,1600000,1200000,4200000,800000, Approved
3191,3, Graduate, Yes,2300000,8000000,8,299000,300,4200000,3800000,7300000,1200000, Rejected
3192,1, Graduate, No,7400000,16100000,4,2220000,655,22000000,12900000,25300000,4300000, Approved
3193,0, Graduate, Yes,5300000,13300000,12,901000,572,4200000,2500000,18000000,7100000, Approved
3194,5, Graduate, Yes,7700000,16400000,2,847000,663,1100000,14800000,15800000,3900000, Approved
3195,0, Not Graduate, No,5000000,10700000,16,650000,726,1600000,1100000,15700000,4800000, Approved
3196,5, Not Graduate, Yes,6000000,12300000,12,1980000,680,11400000,5300000,13800000,7300000, Approved
3197,0, Graduate, No,1400000,2700000,2,210000,685,3400000,800000,5400000,1300000, Approved
3198,5, Not Graduate, Yes,9400000,23100000,6,1974000,762,12400000,10200000,22300000,6600000, Approved
3199,3, Not Graduate, No,5200000,17200000,18,1092000,768,9200000,5500000,11700000,3800000, Approved
3200,0, Graduate, No,3100000,11100000,8,806000,504,3500000,4600000,11400000,1800000, Rejected
3201,3, Not Graduate, Yes,8400000,20500000,12,2604000,796,22900000,10500000,17600000,11200000, Approved
3202,0, Not Graduate, No,1200000,2900000,18,468000,348,400000,1200000,2900000,600000, Rejected
3203,5, Not Graduate, Yes,4800000,13100000,6,1008000,717,8300000,8900000,18300000,2800000, Approved
3204,5, Not Graduate, Yes,9200000,34200000,4,2944000,565,500000,13900000,23600000,12300000, Approved
3205,2, Not Graduate, No,5300000,10900000,6,0,647,14600000,3500000,18700000,3200000, Approved
3206,3, Graduate, No,4700000,10900000,2,1645000,626,9200000,2300000,14600000,5200000, Approved
3207,0, Not Graduate, No,6500000,24700000,6,325000,554,2700000,1100000,22700000,9600000, Approved
3208,4, Graduate, Yes,3200000,11500000,20,768000,864,8700000,5000000,12100000,4100000, Approved
3209,4, Graduate, No,4600000,12500000,6,1702000,406,10800000,200000,14000000,6800000, Rejected
3210,5, Graduate, No,700000,1800000,10,266000,650,1300000,100000,1500000,300000, Approved
3211,5, Not Graduate, Yes,7600000,16500000,8,380000,534,8900000,10300000,24900000,8300000, Rejected
3212,4, Graduate, No,1200000,2600000,8,36000,872,1600000,2100000,2700000,900000, Approved
3213,2, Graduate, No,5100000,16500000,12,969000,845,12100000,9000000,11400000,5700000, Approved
3214,1, Not Graduate, Yes,4300000,16300000,14,2150000,792,400000,400000,10200000,4000000, Rejected
3215,4, Graduate, No,300000,1200000,18,21000,544,700000,100000,800000,100000, Rejected
3216,2, Graduate, Yes,4000000,13000000,10,80000,552,3700000,1600000,15600000,3400000, Approved
3217,5, Not Graduate, No,3900000,14900000,12,819000,837,1100000,500000,14400000,3600000, Approved
3218,0, Not Graduate, Yes,6900000,21300000,18,2070000,845,17400000,5600000,21400000,6600000, Approved
3219,4, Not Graduate, Yes,7000000,24100000,10,560000,677,18800000,6000000,21600000,6300000, Approved
3220,1, Graduate, No,6300000,18300000,20,1701000,430,13000000,1300000,23000000,9200000, Rejected
3221,3, Graduate, Yes,8900000,22500000,12,3293000,887,23300000,10800000,33500000,9500000, Approved
3222,0, Not Graduate, Yes,5700000,19400000,8,2052000,544,4300000,6400000,19900000,5800000, Rejected
3223,4, Not Graduate, Yes,5200000,18300000,10,312000,355,400000,3800000,10600000,3400000, Rejected
3224,4, Graduate, No,7400000,17500000,4,148000,540,8800000,7600000,17900000,3600000, Rejected
3225,5, Graduate, No,6500000,16000000,14,1950000,444,1100000,7900000,23100000,7900000, Rejected
3226,3, Graduate, No,6200000,14900000,14,806000,567,1200000,9100000,20800000,8800000, Approved
3227,5, Not Graduate, Yes,2400000,6500000,20,624000,513,6400000,2100000,5200000,2600000, Rejected
3228,0, Not Graduate, No,2500000,7100000,10,0,590,4000000,800000,6100000,2600000, Approved
3229,2, Graduate, Yes,2700000,8500000,20,756000,368,4900000,4500000,5900000,2100000, Rejected
3230,5, Not Graduate, No,3000000,7600000,6,330000,413,2300000,3500000,11400000,1700000, Rejected
3231,4, Graduate, Yes,6100000,13600000,4,2074000,401,10700000,2000000,20500000,3900000, Rejected
3232,3, Graduate, No,1500000,5400000,18,240000,687,200000,400000,4500000,1700000, Approved
3233,2, Graduate, No,6500000,14100000,14,1560000,577,4600000,12000000,25100000,3900000, Approved
3234,4, Not Graduate, No,200000,700000,10,78000,576,500000,100000,400000,300000, Approved
3235,1, Not Graduate, No,9900000,23400000,16,2673000,687,28200000,3700000,29600000,8200000, Approved
3236,4, Graduate, No,5500000,11600000,12,1210000,474,1800000,2400000,20100000,5600000, Rejected
3237,4, Graduate, No,1200000,4400000,6,192000,709,2800000,2300000,4100000,1700000, Approved
3238,4, Graduate, Yes,6900000,20200000,18,759000,438,9600000,6200000,26800000,5700000, Rejected
3239,3, Graduate, Yes,8000000,25300000,4,2000000,306,22300000,7300000,24400000,6600000, Approved
3240,3, Not Graduate, Yes,4100000,13900000,20,410000,383,1900000,2300000,15800000,3800000, Rejected
3241,2, Graduate, No,1400000,4700000,20,294000,563,400000,2300000,2800000,1400000, Approved
3242,4, Not Graduate, Yes,1600000,3200000,20,112000,371,1600000,2300000,4600000,1000000, Rejected
3243,1, Graduate, No,2100000,4200000,12,630000,379,2700000,2100000,8100000,2500000, Rejected
3244,1, Not Graduate, No,8800000,30200000,18,264000,897,17100000,7900000,28700000,11100000, Approved
3245,3, Not Graduate, Yes,7100000,25400000,10,1988000,725,20600000,5300000,16000000,8600000, Approved
3246,1, Not Graduate, No,8600000,31500000,16,1032000,678,19700000,13400000,22200000,5300000, Approved
3247,2, Not Graduate, Yes,5400000,14800000,6,864000,724,1000000,400000,13100000,5400000, Approved
3248,3, Graduate, Yes,1000000,2500000,6,20000,808,2900000,600000,2000000,500000, Approved
3249,0, Graduate, No,5400000,18400000,8,2052000,625,12100000,3000000,13000000,4800000, Approved
3250,2, Graduate, No,4200000,16800000,4,336000,771,6500000,4500000,10500000,5800000, Approved
3251,2, Not Graduate, No,7500000,22400000,14,1575000,695,8100000,3900000,15300000,9400000, Approved
3252,4, Graduate, No,1200000,3300000,2,60000,564,2200000,500000,4700000,1100000, Approved
3253,4, Graduate, Yes,6300000,14500000,10,1197000,349,3800000,12300000,16500000,5700000, Rejected
3254,4, Graduate, Yes,300000,900000,4,39000,797,300000,400000,600000,400000, Approved
3255,3, Graduate, No,7400000,28800000,8,518000,391,20000000,7900000,23600000,7200000, Rejected
3256,5, Not Graduate, No,2200000,5400000,12,154000,833,4900000,3300000,7000000,1600000, Approved
3257,5, Graduate, No,4000000,9100000,10,800000,515,600000,6400000,9900000,5500000, Rejected
3258,4, Graduate, Yes,2700000,10400000,16,810000,671,6100000,3700000,5600000,4000000, Approved
3259,0, Not Graduate, Yes,2000000,6900000,4,260000,404,4900000,1600000,4200000,3000000, Approved
3260,4, Not Graduate, No,6400000,14800000,6,1408000,537,2300000,3700000,18600000,6500000, Rejected
3261,5, Not Graduate, Yes,1400000,5100000,4,364000,348,2100000,900000,4000000,1300000, Approved
3262,0, Not Graduate, Yes,2800000,6300000,12,728000,647,4100000,0,8700000,2300000, Approved
3263,2, Not Graduate, Yes,8200000,28700000,14,1066000,316,23300000,16100000,17700000,4300000, Rejected
3264,3, Not Graduate, No,9000000,26700000,14,2070000,638,5300000,0,31300000,5200000, Approved
3265,5, Not Graduate, Yes,800000,2100000,12,8000,363,1200000,1000000,3100000,900000, Rejected
3266,4, Not Graduate, Yes,6100000,21200000,6,2318000,808,700000,7200000,22300000,6100000, Approved
3267,4, Not Graduate, Yes,2400000,9400000,2,288000,871,3700000,300000,7100000,3500000, Approved
3268,4, Graduate, Yes,6000000,17000000,12,480000,607,15300000,3200000,22100000,3900000, Approved
3269,2, Not Graduate, Yes,7900000,22500000,6,2449000,571,8100000,5300000,17900000,8100000, Approved
3270,3, Graduate, Yes,9500000,25700000,18,2755000,446,16900000,13600000,29300000,10100000, Rejected
3271,3, Not Graduate, Yes,1800000,6400000,20,414000,436,1500000,2900000,4400000,1300000, Rejected
3272,3, Not Graduate, Yes,5800000,14100000,12,812000,738,11700000,4400000,15400000,8400000, Approved
3273,3, Graduate, No,2800000,9400000,10,336000,519,7000000,3500000,7700000,1500000, Rejected
3274,3, Graduate, Yes,4000000,8300000,8,560000,531,3700000,7400000,15200000,5900000, Rejected
3275,1, Not Graduate, No,1000000,3400000,18,190000,578,2300000,400000,3100000,1200000, Approved
3276,0, Graduate, No,9100000,21100000,20,3003000,578,5900000,6200000,33700000,5600000, Approved
3277,0, Graduate, No,4600000,18100000,14,1426000,442,2800000,200000,15600000,3300000, Rejected
3278,2, Not Graduate, No,7800000,16900000,6,2340000,751,17400000,6300000,20400000,11700000, Approved
3279,4, Graduate, Yes,6600000,18800000,10,132000,353,16500000,9500000,20000000,6200000, Rejected
3280,5, Not Graduate, No,9800000,26600000,12,490000,664,5200000,2900000,22500000,14100000, Approved
3281,1, Graduate, No,7400000,26600000,18,1406000,505,2200000,2400000,22400000,3900000, Rejected
3282,3, Graduate, Yes,4300000,16600000,10,1419000,571,5700000,3700000,12800000,5800000, Approved
3283,2, Not Graduate, Yes,9800000,34600000,16,1176000,754,12400000,14900000,34700000,6100000, Approved
3284,5, Not Graduate, No,1100000,3900000,20,385000,858,3200000,1200000,3800000,1100000, Approved
3285,3, Graduate, Yes,8600000,21800000,20,2408000,641,5300000,8800000,24000000,9100000, Approved
3286,0, Not Graduate, Yes,9400000,35500000,16,2538000,592,9300000,11800000,30500000,5800000, Approved
3287,3, Graduate, Yes,5300000,20300000,14,795000,432,15000000,0,17200000,5900000, Rejected
3288,1, Not Graduate, Yes,8700000,33800000,18,261000,558,18300000,11500000,31500000,5900000, Approved
3289,3, Graduate, Yes,4800000,14200000,12,672000,547,10400000,700000,9800000,2400000, Rejected
3290,4, Not Graduate, No,4400000,9800000,18,1100000,732,2400000,2400000,15100000,4400000, Approved
3291,1, Graduate, Yes,5400000,19300000,12,162000,784,5000000,1800000,20300000,6500000, Approved
3292,5, Not Graduate, Yes,8400000,31900000,10,1680000,605,18900000,10300000,22000000,9100000, Approved
3293,1, Graduate, Yes,5400000,19500000,18,2160000,688,12100000,800000,17000000,3500000, Approved
3294,3, Not Graduate, Yes,9400000,32100000,10,2256000,617,22700000,5800000,29400000,11400000, Approved
3295,0, Not Graduate, Yes,800000,2400000,4,168000,518,500000,800000,2800000,500000, Approved
3296,0, Not Graduate, No,3800000,14800000,10,1178000,390,5900000,5700000,9500000,4600000, Rejected
3297,4, Graduate, No,3100000,6300000,4,837000,370,8600000,4100000,8800000,2800000, Rejected
3298,3, Not Graduate, Yes,6000000,21300000,4,1080000,802,4700000,8900000,17300000,7600000, Approved
3299,2, Not Graduate, Yes,6800000,15500000,12,2652000,338,9900000,1200000,21800000,8500000, Rejected
3300,5, Not Graduate, No,5200000,11700000,6,52000,658,8100000,5100000,11400000,5600000, Approved
3301,0, Not Graduate, No,1900000,6700000,12,0,595,3000000,3200000,4900000,1700000, Approved
3302,5, Graduate, Yes,3600000,8500000,20,108000,594,4400000,6400000,7400000,4500000, Approved
3303,3, Graduate, Yes,1500000,4100000,14,510000,611,600000,2000000,4800000,2100000, Approved
3304,3, Not Graduate, No,2000000,5800000,8,740000,799,3000000,3100000,5500000,1000000, Approved
3305,5, Graduate, No,9200000,18600000,20,3036000,497,1000000,300000,24200000,10700000, Rejected
3306,0, Not Graduate, Yes,6100000,15900000,18,427000,456,12900000,10800000,19100000,8800000, Rejected
3307,5, Not Graduate, No,300000,500000,8,117000,396,400000,300000,1200000,200000, Rejected
3308,1, Graduate, No,800000,2300000,10,264000,770,900000,900000,2900000,1100000, Approved
3309,0, Not Graduate, No,3300000,9000000,16,1188000,797,3000000,6400000,10300000,3300000, Approved
3310,1, Not Graduate, No,5800000,18700000,20,1508000,586,14100000,3000000,15600000,6000000, Approved
3311,5, Not Graduate, No,8500000,23400000,16,1870000,604,25100000,16500000,24500000,4800000, Approved
3312,0, Not Graduate, Yes,4100000,12800000,8,738000,799,3700000,700000,9400000,2700000, Approved
3313,2, Graduate, No,7800000,26400000,4,2106000,763,2200000,8400000,16600000,6700000, Approved
3314,0, Graduate, No,7500000,23000000,14,1050000,725,8900000,4800000,20200000,7100000, Approved
3315,2, Graduate, No,2300000,8800000,18,0,336,1800000,800000,5200000,1500000, Rejected
3316,4, Graduate, Yes,600000,2300000,6,204000,495,1700000,600000,2000000,300000, Rejected
3317,1, Not Graduate, No,2900000,11500000,20,551000,431,3600000,3800000,5900000,3100000, Rejected
3318,5, Not Graduate, No,900000,2200000,2,63000,415,600000,1700000,2900000,700000, Rejected
3319,5, Graduate, Yes,9000000,20400000,6,2250000,451,5200000,11400000,28200000,9000000, Rejected
3320,1, Not Graduate, No,4800000,14300000,4,1632000,489,12400000,7900000,17700000,3600000, Rejected
3321,1, Graduate, No,1600000,4600000,12,240000,415,800000,600000,3900000,1500000, Rejected
3322,3, Not Graduate, No,2600000,8100000,12,442000,425,7300000,1900000,6800000,2200000, Rejected
3323,4, Graduate, Yes,1800000,4600000,14,414000,453,1700000,2400000,4700000,1600000, Rejected
3324,5, Graduate, Yes,4400000,11800000,20,1408000,634,5900000,7300000,15200000,4300000, Approved
3325,2, Not Graduate, No,200000,300000,20,0,519,0,0,400000,300000, Rejected
3326,4, Not Graduate, Yes,800000,2100000,6,96000,353,700000,300000,2900000,1200000, Rejected
3327,3, Graduate, No,1500000,3200000,4,195000,767,2000000,400000,3700000,1400000, Approved
3328,0, Not Graduate, Yes,7700000,16900000,14,1771000,473,22100000,4000000,29000000,6400000, Rejected
3329,5, Graduate, Yes,7200000,21300000,2,2232000,801,9900000,1700000,20400000,7200000, Approved
3330,4, Graduate, No,1000000,2300000,16,150000,543,200000,100000,2000000,1000000, Rejected
3331,1, Graduate, No,6300000,17200000,12,1197000,714,10100000,4200000,24700000,8500000, Approved
3332,3, Graduate, No,1900000,4100000,12,475000,830,4600000,1100000,5300000,2100000, Approved
3333,5, Graduate, No,4400000,15300000,4,1760000,401,200000,5400000,17500000,2400000, Approved
3334,0, Not Graduate, No,9100000,26400000,6,1183000,518,15800000,1100000,35300000,5700000, Rejected
3335,2, Graduate, Yes,900000,2300000,20,225000,367,0,1200000,3400000,1300000, Rejected
3336,0, Graduate, Yes,4600000,12000000,12,138000,493,4500000,700000,16200000,3600000, Rejected
3337,2, Graduate, Yes,9400000,22700000,14,752000,505,4000000,16900000,24700000,11500000, Rejected
3338,5, Graduate, No,6900000,26500000,16,1863000,322,20500000,9800000,17100000,9400000, Rejected
3339,2, Graduate, No,300000,900000,8,108000,735,800000,400000,500000,100000, Approved
3340,5, Graduate, Yes,1900000,6700000,2,532000,622,4200000,200000,3900000,1700000, Approved
3341,4, Graduate, Yes,4400000,16400000,6,1540000,513,5400000,7500000,13100000,5700000, Rejected
3342,4, Not Graduate, Yes,1200000,4100000,16,312000,585,900000,900000,2300000,900000, Approved
3343,1, Graduate, Yes,1000000,3000000,10,400000,813,2900000,500000,3300000,800000, Approved
3344,0, Graduate, No,3100000,10400000,18,1116000,622,1300000,5000000,7200000,1600000, Approved
3345,1, Graduate, Yes,2100000,6300000,16,378000,899,2400000,2200000,4400000,2200000, Approved
3346,0, Not Graduate, No,2100000,4700000,2,756000,459,4000000,1300000,8100000,1200000, Rejected
3347,4, Graduate, No,9400000,33300000,18,3102000,369,20600000,5600000,32200000,7200000, Rejected
3348,2, Not Graduate, No,9700000,37700000,6,1358000,601,300000,3100000,23800000,11800000, Approved
3349,4, Graduate, No,1400000,2700000,18,154000,703,600000,1300000,5400000,900000, Approved
3350,2, Not Graduate, No,4700000,14600000,20,1175000,597,8200000,6000000,14100000,6800000, Approved
3351,3, Not Graduate, Yes,4100000,13300000,10,1271000,670,1900000,5500000,13200000,6100000, Approved
3352,4, Not Graduate, Yes,1200000,2800000,6,192000,366,3300000,300000,4200000,1400000, Rejected
3353,5, Not Graduate, No,7900000,27800000,16,2686000,857,23300000,12500000,17200000,10600000, Approved
3354,2, Not Graduate, No,6600000,15000000,16,0,401,13600000,6600000,23500000,3300000, Rejected
3355,0, Not Graduate, No,2200000,8800000,4,462000,437,1600000,2300000,8300000,2000000, Approved
3356,3, Not Graduate, No,5500000,17600000,8,165000,882,5800000,7800000,20300000,3100000, Approved
3357,4, Graduate, No,5100000,15500000,8,51000,392,6700000,8100000,13600000,6700000, Rejected
3358,2, Not Graduate, Yes,3900000,7700000,10,741000,421,9700000,7500000,14100000,2100000, Rejected
3359,5, Graduate, No,200000,400000,6,30000,722,300000,300000,400000,100000, Approved
3360,4, Graduate, No,5800000,14700000,10,1160000,692,2300000,10100000,17700000,3900000, Approved
3361,5, Not Graduate, No,8300000,20700000,2,249000,537,8400000,14300000,19700000,7800000, Rejected
3362,5, Graduate, Yes,2600000,5500000,8,884000,676,6700000,800000,7200000,1300000, Approved
3363,1, Graduate, No,2100000,8100000,6,273000,817,4600000,2900000,4900000,2900000, Approved
3364,4, Not Graduate, No,3900000,10800000,20,1560000,433,4700000,1600000,14500000,2300000, Rejected
3365,1, Graduate, Yes,5200000,16300000,6,728000,524,11000000,3400000,20700000,4600000, Rejected
3366,3, Not Graduate, Yes,7800000,24400000,20,1170000,490,6700000,5100000,17700000,4100000, Rejected
3367,3, Not Graduate, Yes,5400000,14300000,4,864000,595,4100000,2800000,19300000,4900000, Approved
3368,2, Not Graduate, No,2900000,11000000,2,841000,835,4900000,3200000,11500000,1400000, Approved
3369,4, Graduate, No,7100000,28300000,6,1065000,850,5600000,7100000,26000000,9700000, Approved
3370,1, Graduate, Yes,800000,2500000,4,216000,409,1300000,1000000,3100000,900000, Approved
3371,5, Graduate, Yes,3400000,12800000,10,918000,760,9800000,4300000,11000000,4600000, Approved
3372,1, Graduate, Yes,6800000,17600000,14,0,344,5500000,5600000,18100000,7700000, Rejected
3373,4, Graduate, Yes,7000000,27100000,12,700000,881,8300000,9400000,17200000,9500000, Approved
3374,0, Graduate, Yes,9300000,24500000,10,2976000,600,20200000,700000,32600000,5400000, Approved
3375,2, Graduate, No,7500000,19900000,10,900000,790,3500000,13000000,19900000,5900000, Approved
3376,3, Graduate, Yes,8000000,31200000,20,560000,392,7300000,8400000,16000000,6000000, Rejected
3377,5, Graduate, Yes,1600000,4100000,2,576000,748,1400000,1000000,4200000,1000000, Approved
3378,1, Graduate, Yes,6700000,18800000,6,1340000,798,8700000,5900000,18000000,6100000, Approved
3379,3, Not Graduate, No,3800000,11400000,4,1254000,323,5800000,4000000,9600000,4400000, Approved
3380,1, Not Graduate, Yes,2700000,5400000,6,594000,413,4800000,1500000,6100000,2600000, Rejected
3381,3, Graduate, No,1300000,2900000,8,377000,733,3800000,1900000,3800000,1800000, Approved
3382,4, Not Graduate, No,3400000,10500000,16,986000,543,3100000,4500000,11100000,4500000, Rejected
3383,3, Graduate, No,3400000,10900000,14,1156000,757,5400000,1600000,7700000,3000000, Approved
3384,5, Graduate, Yes,2400000,6800000,8,216000,464,1900000,1300000,9500000,1900000, Rejected
3385,0, Not Graduate, No,1900000,6900000,4,19000,749,2100000,3700000,4300000,2200000, Approved
3386,4, Graduate, No,700000,2200000,6,182000,680,300000,200000,2500000,300000, Approved
3387,1, Not Graduate, No,6900000,20900000,4,1656000,574,3200000,1800000,25000000,5200000, Approved
3388,5, Graduate, Yes,300000,800000,18,69000,774,400000,200000,900000,400000, Approved
3389,3, Not Graduate, No,6000000,18700000,10,240000,387,6600000,6200000,23300000,6700000, Rejected
3390,1, Not Graduate, No,4300000,16400000,20,817000,397,6700000,6200000,10200000,5700000, Rejected
3391,4, Graduate, No,5800000,13500000,14,1276000,816,13800000,9300000,20400000,7900000, Approved
3392,2, Graduate, Yes,3300000,6700000,8,198000,845,1300000,4600000,12300000,3200000, Approved
3393,2, Not Graduate, No,400000,1500000,4,48000,743,700000,500000,1200000,300000, Approved
3394,5, Not Graduate, No,300000,600000,4,30000,418,500000,200000,700000,200000, Rejected
3395,1, Not Graduate, No,4200000,10700000,6,1512000,466,7400000,7000000,14000000,4700000, Rejected
3396,2, Not Graduate, Yes,600000,2300000,12,132000,335,400000,900000,1200000,400000, Rejected
3397,5, Not Graduate, Yes,4400000,15200000,6,440000,446,9500000,2200000,16700000,5800000, Rejected
3398,0, Graduate, Yes,9200000,29400000,2,2668000,868,9200000,13800000,32000000,5300000, Approved
3399,2, Graduate, Yes,6900000,25300000,4,1104000,763,9000000,3600000,21300000,5500000, Approved
3400,5, Not Graduate, Yes,5100000,13700000,14,1122000,527,12100000,8900000,19400000,4700000, Rejected
3401,4, Graduate, No,3400000,12700000,2,0,741,3300000,6100000,7700000,3700000, Approved
3402,4, Not Graduate, Yes,8600000,26800000,12,2752000,802,7400000,2800000,32100000,11700000, Approved
3403,3, Not Graduate, Yes,9200000,28900000,8,1748000,538,13900000,8300000,32400000,4900000, Rejected
3404,5, Graduate, Yes,4800000,16300000,4,288000,523,8800000,2300000,10000000,2800000, Approved
3405,4, Not Graduate, No,2800000,8300000,14,140000,381,3200000,1100000,9100000,1500000, Rejected
3406,1, Graduate, Yes,3400000,7000000,4,1258000,534,3100000,1600000,13000000,4000000, Rejected
3407,5, Not Graduate, Yes,800000,2200000,14,232000,574,2200000,1200000,1700000,1100000, Approved
3408,1, Not Graduate, No,4100000,11100000,6,697000,405,12000000,2900000,9000000,5900000, Rejected
3409,0, Not Graduate, No,1900000,3800000,16,494000,542,800000,500000,4000000,2100000, Rejected
3410,5, Graduate, Yes,6700000,25400000,14,1675000,820,10300000,8100000,18500000,3900000, Approved
3411,0, Graduate, No,5200000,13400000,2,1300000,505,12000000,7900000,20400000,6200000, Rejected
3412,3, Graduate, Yes,6700000,16400000,2,737000,508,4400000,10900000,25300000,9200000, Rejected
3413,1, Not Graduate, Yes,4700000,15000000,20,282000,835,2100000,2500000,10100000,3800000, Approved
3414,0, Not Graduate, No,6000000,22000000,12,2340000,826,1400000,2000000,14100000,7000000, Approved
3415,5, Not Graduate, Yes,6500000,18900000,12,195000,427,5100000,1900000,18200000,7800000, Rejected
3416,3, Graduate, No,500000,2000000,12,105000,890,800000,700000,1800000,400000, Approved
3417,4, Not Graduate, No,5700000,13300000,2,1083000,333,9400000,3000000,11800000,8200000, Rejected
3418,4, Not Graduate, Yes,6800000,20000000,12,1700000,679,20200000,10900000,26900000,6600000, Approved
3419,5, Not Graduate, No,3100000,12300000,18,124000,805,4900000,1900000,6100000,2800000, Approved
3420,3, Not Graduate, No,5100000,11000000,16,1581000,826,11800000,2900000,12900000,2700000, Approved
3421,1, Not Graduate, Yes,6300000,23900000,10,945000,844,16300000,4900000,16800000,4500000, Approved
3422,5, Graduate, Yes,4400000,14100000,10,880000,663,5300000,4900000,17500000,2600000, Approved
3423,1, Not Graduate, No,8100000,21900000,6,0,884,15100000,5400000,27500000,6600000, Approved
3424,1, Not Graduate, No,1100000,3700000,2,165000,508,200000,0,2200000,1300000, Approved
3425,0, Graduate, Yes,2400000,6900000,4,528000,581,5100000,4500000,6000000,3400000, Approved
3426,3, Graduate, Yes,7000000,26300000,12,1890000,481,14300000,12800000,15100000,9900000, Rejected
3427,1, Graduate, Yes,8700000,30000000,12,3132000,543,21900000,12700000,30600000,12700000, Rejected
3428,0, Not Graduate, Yes,3500000,12600000,10,735000,448,1200000,2500000,10400000,3600000, Rejected
3429,1, Graduate, Yes,1600000,5300000,4,544000,713,1400000,1400000,4900000,1300000, Approved
3430,5, Not Graduate, Yes,7800000,17300000,16,780000,493,800000,4500000,16300000,9300000, Rejected
3431,2, Not Graduate, No,3700000,9200000,10,1480000,819,8500000,2000000,10200000,3100000, Approved
3432,4, Graduate, No,400000,1400000,18,136000,827,-100000,0,900000,600000, Approved
3433,0, Not Graduate, No,4800000,15700000,10,720000,398,4900000,7400000,17100000,6400000, Rejected
3434,0, Graduate, Yes,2900000,7500000,18,290000,692,3200000,300000,7500000,4000000, Approved
3435,5, Graduate, Yes,5000000,14600000,18,50000,509,11800000,2500000,19800000,4900000, Rejected
3436,0, Graduate, Yes,7600000,18100000,16,1292000,439,12800000,5900000,29800000,10600000, Rejected
3437,1, Graduate, No,3000000,9400000,4,630000,622,600000,3500000,9600000,2000000, Approved
3438,3, Not Graduate, Yes,200000,700000,18,6000,526,400000,100000,500000,0, Rejected
3439,5, Not Graduate, Yes,6800000,19000000,8,1972000,865,9500000,7200000,25000000,6300000, Approved
3440,5, Not Graduate, Yes,9700000,27400000,2,2037000,328,0,18400000,22000000,7900000, Rejected
3441,0, Graduate, Yes,1200000,4200000,4,396000,768,2800000,2200000,2800000,1500000, Approved
3442,5, Not Graduate, Yes,7400000,24000000,16,962000,854,4300000,6700000,20600000,8700000, Approved
3443,4, Graduate, No,6900000,20800000,4,2622000,839,2600000,2400000,16100000,7400000, Approved
3444,0, Not Graduate, Yes,9100000,23300000,18,2002000,414,17700000,2500000,33800000,6400000, Rejected
3445,0, Graduate, Yes,1300000,4700000,16,65000,530,3200000,1000000,3800000,800000, Rejected
3446,3, Graduate, No,6600000,14600000,10,2640000,841,15300000,12100000,14800000,6000000, Approved
3447,3, Not Graduate, Yes,1800000,5700000,14,18000,670,5300000,3100000,3500000,2700000, Approved
3448,5, Not Graduate, Yes,8200000,20900000,14,1148000,726,11400000,4800000,26000000,8400000, Approved
3449,4, Not Graduate, No,2800000,8300000,14,700000,352,4900000,2600000,7100000,3700000, Rejected
3450,1, Graduate, Yes,7000000,16000000,4,2170000,554,13000000,8600000,26600000,7900000, Approved
3451,4, Graduate, No,700000,1800000,18,35000,728,400000,1300000,2200000,600000, Approved
3452,0, Not Graduate, No,7400000,25500000,6,1554000,463,2300000,5600000,26800000,8400000, Rejected
3453,5, Not Graduate, Yes,2300000,5000000,10,115000,431,300000,3700000,8700000,2900000, Rejected
3454,1, Graduate, Yes,600000,1900000,8,54000,445,1200000,100000,1600000,300000, Rejected
3455,5, Graduate, No,1000000,3000000,4,260000,896,2800000,1100000,2000000,1100000, Approved
3456,1, Not Graduate, Yes,2200000,5200000,8,616000,420,2900000,100000,5000000,2300000, Rejected
3457,1, Not Graduate, No,8000000,30900000,2,2960000,315,23500000,1200000,19500000,7300000, Approved
3458,4, Not Graduate, No,8600000,20900000,10,172000,867,24300000,7200000,23700000,9900000, Approved
3459,3, Not Graduate, Yes,7500000,26000000,2,1725000,342,13900000,1900000,26900000,11200000, Approved
3460,5, Not Graduate, Yes,5200000,11800000,18,624000,711,14300000,5100000,15500000,4500000, Approved
3461,2, Not Graduate, No,7900000,20900000,2,2212000,723,1700000,1800000,16300000,7100000, Approved
3462,1, Graduate, Yes,4200000,11300000,4,756000,704,4700000,2800000,14900000,4000000, Approved
3463,0, Graduate, No,6500000,20200000,16,1755000,842,8300000,12200000,14300000,9600000, Approved
3464,0, Graduate, Yes,7400000,15200000,12,2442000,600,6200000,8500000,18800000,4100000, Approved
3465,3, Not Graduate, No,9100000,25600000,12,1547000,688,8900000,16300000,27900000,11100000, Approved
3466,0, Not Graduate, No,800000,2300000,16,248000,739,1800000,600000,2000000,400000, Approved
3467,1, Graduate, Yes,800000,2800000,10,16000,798,1300000,1300000,2500000,400000, Approved
3468,5, Graduate, Yes,4100000,9900000,4,1066000,319,7600000,7400000,12000000,5500000, Rejected
3469,5, Graduate, Yes,4200000,8700000,6,588000,583,6000000,800000,8500000,2500000, Approved
3470,3, Graduate, Yes,4800000,11500000,12,288000,535,3600000,8000000,15600000,5400000, Rejected
3471,3, Not Graduate, Yes,8300000,25900000,8,2656000,696,14400000,12200000,23500000,7100000, Approved
3472,4, Not Graduate, No,7600000,23900000,8,2128000,672,2500000,1600000,20200000,6700000, Approved
3473,4, Graduate, No,5100000,12300000,20,714000,410,9200000,9200000,18700000,5600000, Rejected
3474,5, Graduate, No,3600000,11600000,14,1044000,546,8500000,300000,12000000,4800000, Rejected
3475,3, Not Graduate, Yes,5400000,16800000,16,648000,550,10700000,6400000,13400000,7000000, Approved
3476,5, Not Graduate, No,700000,1400000,4,133000,344,1500000,800000,2600000,300000, Rejected
3477,2, Not Graduate, Yes,9800000,38200000,10,1274000,743,5400000,14800000,24300000,5300000, Approved
3478,4, Graduate, No,9700000,36400000,4,2037000,772,13800000,11300000,38100000,13500000, Approved
3479,0, Graduate, Yes,9400000,29900000,12,1316000,302,12300000,1500000,35700000,8200000, Rejected
3480,3, Graduate, Yes,3200000,9100000,18,576000,376,4500000,800000,9000000,1700000, Rejected
3481,0, Graduate, Yes,3700000,11600000,10,1332000,747,0,4500000,9000000,3500000, Approved
3482,2, Graduate, Yes,4200000,15800000,6,1470000,710,12300000,3700000,12600000,4600000, Approved
3483,2, Not Graduate, No,7000000,24200000,6,1190000,892,20600000,500000,21400000,9200000, Approved
3484,3, Not Graduate, No,3200000,11500000,16,928000,492,4800000,2300000,10400000,3200000, Rejected
3485,5, Graduate, No,7900000,17700000,2,1264000,559,19700000,2800000,28900000,5400000, Approved
3486,3, Not Graduate, No,2200000,8300000,18,572000,314,1100000,900000,5800000,2000000, Rejected
3487,0, Graduate, Yes,2700000,8400000,6,729000,744,1200000,4100000,7500000,2000000, Approved
3488,5, Not Graduate, No,6800000,18000000,12,1632000,690,17800000,11800000,25000000,9300000, Approved
3489,3, Graduate, Yes,6300000,23300000,4,1197000,347,18300000,12200000,21100000,8100000, Approved
3490,5, Graduate, Yes,9000000,31400000,2,540000,677,12000000,10800000,20700000,8700000, Approved
3491,1, Graduate, No,4700000,15700000,4,423000,468,13300000,5100000,16200000,3600000, Approved
3492,2, Not Graduate, No,8100000,17500000,4,1296000,674,10800000,12700000,23200000,9300000, Approved
3493,2, Not Graduate, No,9000000,27300000,14,2160000,353,22600000,4400000,26900000,7200000, Rejected
3494,4, Not Graduate, No,3800000,14100000,8,950000,727,3900000,4900000,8200000,5400000, Approved
3495,4, Not Graduate, Yes,8800000,22200000,10,2464000,512,6800000,4000000,31900000,9900000, Rejected
3496,3, Not Graduate, Yes,8700000,27200000,18,2349000,454,9100000,9300000,30900000,12000000, Rejected
3497,5, Not Graduate, No,5000000,12400000,14,250000,315,7400000,8600000,17000000,4000000, Rejected
3498,0, Not Graduate, Yes,6000000,22700000,10,2040000,480,200000,11900000,13700000,8700000, Rejected
3499,2, Graduate, Yes,9100000,24200000,16,1365000,685,25600000,1900000,31100000,9100000, Approved
3500,1, Graduate, No,7400000,17900000,6,1036000,460,2600000,1300000,25900000,5000000, Rejected
3501,1, Not Graduate, Yes,8300000,28400000,16,2241000,704,1400000,11700000,16900000,11400000, Approved
3502,1, Graduate, Yes,7600000,23900000,12,608000,692,500000,12200000,27000000,5000000, Approved
3503,1, Not Graduate, Yes,3500000,9600000,4,280000,398,1700000,6000000,7900000,4600000, Rejected
3504,5, Graduate, Yes,1000000,3500000,18,230000,882,900000,500000,2900000,600000, Approved
3505,5, Graduate, Yes,9900000,25900000,4,1485000,860,7800000,200000,38000000,5400000, Approved
3506,2, Graduate, Yes,5700000,15100000,18,513000,330,5900000,3800000,16600000,6200000, Rejected
3507,5, Graduate, No,700000,2400000,16,77000,447,1300000,700000,2600000,800000, Rejected
3508,0, Not Graduate, Yes,9600000,23800000,12,288000,788,9900000,14400000,21200000,10400000, Approved
3509,1, Not Graduate, No,9300000,28900000,6,2418000,526,11100000,1600000,19700000,11000000, Rejected
3510,0, Graduate, No,9500000,28400000,18,2565000,577,6200000,10300000,30200000,14100000, Approved
3511,4, Graduate, Yes,8700000,23400000,16,1479000,372,10600000,11700000,20000000,8000000, Rejected
3512,5, Graduate, Yes,7300000,21000000,14,1825000,759,15500000,8000000,20300000,10800000, Approved
3513,3, Graduate, Yes,4100000,12700000,10,369000,465,6400000,1900000,14100000,3200000, Rejected
3514,2, Graduate, No,2900000,10200000,4,1044000,789,1200000,4100000,6100000,3600000, Approved
3515,3, Graduate, Yes,7500000,17900000,2,1725000,680,7000000,11800000,25000000,6300000, Approved
3516,1, Graduate, No,7900000,25700000,20,1659000,681,14900000,3000000,18100000,8800000, Approved
3517,1, Graduate, Yes,6900000,22300000,16,1104000,673,17400000,100000,21300000,9000000, Approved
3518,0, Not Graduate, No,6900000,22900000,10,483000,313,5600000,9300000,26200000,8000000, Rejected
3519,0, Not Graduate, No,4800000,18800000,16,1104000,551,7900000,9400000,17300000,5500000, Approved
3520,5, Graduate, Yes,7700000,24400000,8,539000,453,1400000,7700000,22000000,10000000, Rejected
3521,3, Not Graduate, No,6900000,22700000,4,897000,650,900000,13400000,15500000,6400000, Approved
3522,1, Not Graduate, No,1200000,4500000,4,72000,439,3200000,1800000,2900000,1200000, Approved
3523,1, Graduate, No,2900000,9600000,4,609000,658,8200000,4300000,7000000,2700000, Approved
3524,4, Graduate, Yes,5500000,18900000,6,935000,379,13900000,9100000,18500000,3100000, Rejected
3525,4, Graduate, Yes,3200000,10700000,4,1216000,450,7300000,3000000,8200000,1800000, Approved
3526,5, Not Graduate, No,2600000,8200000,4,364000,849,7400000,2000000,8900000,2700000, Approved
3527,0, Graduate, No,500000,1600000,18,145000,865,1400000,400000,1000000,200000, Approved
3528,0, Graduate, No,1800000,6900000,10,702000,853,900000,400000,3700000,1700000, Rejected
3529,0, Not Graduate, No,1300000,4900000,12,247000,555,2400000,1200000,4100000,1700000, Approved
3530,1, Not Graduate, No,9900000,20700000,20,2376000,821,12700000,8200000,38100000,11100000, Approved
3531,0, Not Graduate, No,2000000,4700000,2,60000,820,4700000,500000,7900000,1200000, Approved
3532,1, Not Graduate, No,5100000,15300000,4,102000,721,7000000,6100000,15300000,5900000, Approved
3533,4, Graduate, Yes,8200000,24000000,20,984000,831,23000000,3000000,24800000,5400000, Approved
3534,5, Not Graduate, No,4200000,12600000,18,1680000,571,8900000,3200000,11700000,6200000, Approved
3535,2, Not Graduate, Yes,1300000,4900000,8,481000,582,2100000,1800000,3400000,1700000, Approved
3536,1, Not Graduate, Yes,4600000,13600000,18,1426000,487,11200000,8500000,15500000,5400000, Rejected
3537,1, Not Graduate, No,6600000,19700000,12,132000,758,16000000,4400000,18800000,9500000, Approved
3538,2, Graduate, Yes,8300000,30100000,16,747000,636,5200000,5100000,33100000,7200000, Approved
3539,0, Graduate, No,6900000,20700000,16,345000,857,17100000,13700000,14600000,8800000, Approved
3540,4, Graduate, Yes,4700000,12500000,8,47000,678,13700000,200000,9800000,7000000, Approved
3541,1, Graduate, No,7900000,15800000,8,948000,551,800000,3500000,18700000,8300000, Approved
3542,3, Not Graduate, No,8800000,24900000,16,0,668,16700000,17200000,30000000,10500000, Approved
3543,1, Graduate, No,6500000,23400000,2,2340000,672,5000000,10400000,16700000,7600000, Approved
3544,3, Not Graduate, No,3500000,13700000,4,560000,439,5200000,2800000,13000000,4400000, Approved
3545,2, Not Graduate, Yes,8200000,19600000,16,492000,636,11500000,2300000,28800000,10700000, Approved
3546,0, Not Graduate, Yes,2000000,6000000,14,440000,393,1500000,1400000,5900000,2900000, Rejected
3547,5, Not Graduate, No,2700000,8200000,2,162000,848,7000000,1000000,6200000,1500000, Approved
3548,0, Graduate, Yes,5300000,17600000,4,53000,790,2000000,10200000,19700000,7700000, Approved
3549,2, Not Graduate, No,9900000,19900000,6,1782000,312,21400000,2200000,31400000,11000000, Rejected
3550,2, Not Graduate, Yes,5000000,19500000,14,1400000,775,3100000,4700000,9900000,6500000, Approved
3551,2, Not Graduate, No,9100000,18600000,20,455000,403,18400000,11700000,20300000,9200000, Rejected
3552,3, Not Graduate, Yes,7600000,26400000,14,304000,867,9200000,700000,27900000,7400000, Approved
3553,0, Graduate, No,5200000,17800000,18,1456000,558,8300000,5400000,13000000,3100000, Approved
3554,5, Graduate, No,1800000,6000000,4,288000,548,1400000,2400000,6500000,2600000, Approved
3555,0, Not Graduate, No,7300000,28200000,16,876000,486,15300000,8800000,16400000,7700000, Rejected
3556,4, Graduate, No,3200000,11600000,6,1120000,635,3300000,4600000,6500000,3900000, Approved
3557,5, Graduate, No,5200000,20700000,2,1508000,538,3200000,2000000,14600000,3600000, Approved
3558,4, Not Graduate, No,7100000,28200000,14,284000,496,6300000,10900000,27700000,4600000, Rejected
3559,4, Graduate, Yes,1400000,4800000,6,420000,411,1400000,300000,4400000,1600000, Rejected
3560,4, Not Graduate, No,2700000,10700000,6,999000,857,7400000,4200000,8200000,2800000, Approved
3561,5, Graduate, Yes,6500000,18100000,10,260000,360,15700000,10600000,20200000,6100000, Rejected
3562,4, Graduate, No,9300000,35900000,18,372000,461,9800000,12700000,26200000,11400000, Rejected
3563,0, Graduate, Yes,6700000,14900000,16,938000,638,3300000,6900000,22300000,8100000, Approved
3564,5, Graduate, No,6800000,19300000,6,1496000,865,12100000,100000,22900000,9000000, Approved
3565,5, Not Graduate, No,5600000,13600000,4,1904000,449,5900000,5700000,18800000,4300000, Rejected
3566,1, Not Graduate, Yes,1900000,4700000,2,494000,870,4700000,2300000,3900000,2300000, Approved
3567,5, Not Graduate, No,8400000,19500000,6,1512000,815,5300000,2500000,24000000,7200000, Approved
3568,2, Not Graduate, Yes,2500000,7200000,16,250000,454,4200000,1000000,7100000,2100000, Rejected
3569,1, Not Graduate, Yes,2900000,9900000,18,145000,783,1300000,100000,11000000,2600000, Approved
3570,3, Graduate, Yes,3200000,7400000,2,192000,543,3600000,4500000,11200000,4600000, Rejected
3571,4, Not Graduate, Yes,3000000,10900000,2,450000,786,7600000,3300000,8000000,3200000, Approved
3572,3, Graduate, Yes,800000,2500000,20,248000,395,1500000,300000,1600000,500000, Rejected
3573,2, Not Graduate, Yes,400000,1300000,2,132000,885,200000,300000,1100000,500000, Approved
3574,2, Not Graduate, No,4400000,10600000,20,572000,488,10800000,2400000,13200000,4600000, Rejected
3575,2, Not Graduate, Yes,8700000,19900000,10,1566000,829,7500000,10500000,20200000,8400000, Approved
3576,4, Not Graduate, No,7400000,15400000,6,814000,677,22000000,13500000,28900000,7400000, Approved
3577,4, Not Graduate, Yes,5700000,14400000,12,2223000,645,14500000,8600000,12900000,4700000, Approved
3578,5, Not Graduate, Yes,9700000,27600000,10,1746000,788,9400000,3100000,31800000,10600000, Approved
3579,2, Not Graduate, No,7000000,22400000,6,2380000,649,12200000,9900000,17800000,8900000, Approved
3580,2, Not Graduate, No,8900000,23100000,4,3293000,519,22800000,500000,25200000,4700000, Rejected
3581,3, Graduate, Yes,3100000,11200000,14,155000,772,3400000,5800000,8300000,2100000, Approved
3582,4, Graduate, No,2200000,6100000,12,242000,330,5500000,2900000,5000000,2200000, Rejected
3583,5, Not Graduate, Yes,7100000,21500000,4,639000,557,8900000,8000000,26400000,4000000, Approved
3584,4, Graduate, Yes,8200000,19000000,6,164000,334,24500000,6800000,28600000,10200000, Rejected
3585,3, Graduate, Yes,9800000,28400000,12,2450000,487,8900000,15400000,30800000,11100000, Rejected
3586,2, Graduate, Yes,3900000,9700000,8,975000,539,4400000,7600000,7900000,5100000, Rejected
3587,2, Graduate, Yes,2200000,8100000,8,572000,710,500000,2900000,7300000,1000000, Approved
3588,5, Not Graduate, Yes,600000,1700000,20,66000,879,1100000,100000,2300000,700000, Approved
3589,4, Not Graduate, Yes,6900000,22000000,10,1035000,512,6100000,9100000,20600000,3900000, Rejected
3590,2, Graduate, Yes,7400000,27300000,18,2294000,561,12600000,400000,27100000,9600000, Approved
3591,3, Not Graduate, Yes,4000000,11600000,6,240000,539,5900000,2600000,12100000,4700000, Rejected
3592,3, Not Graduate, Yes,700000,2000000,18,70000,544,800000,1300000,1500000,400000, Rejected
3593,2, Not Graduate, Yes,1900000,4600000,16,190000,631,3200000,2700000,4500000,2700000, Approved
3594,2, Graduate, No,2200000,6800000,20,836000,546,4600000,200000,4500000,2200000, Rejected
3595,1, Graduate, Yes,2000000,5600000,14,560000,569,5000000,1100000,7900000,1600000, Approved
3596,4, Not Graduate, No,7400000,17900000,6,148000,384,13400000,12300000,22400000,4700000, Rejected
3597,2, Not Graduate, Yes,2300000,9000000,6,138000,583,3600000,1300000,6900000,3400000, Approved
3598,5, Not Graduate, Yes,4000000,15500000,12,360000,517,0,600000,12100000,3500000, Rejected
3599,3, Graduate, Yes,1500000,5800000,18,195000,420,800000,1900000,4100000,1400000, Rejected
3600,2, Not Graduate, Yes,5200000,12900000,18,2080000,644,400000,5000000,12000000,7500000, Approved
3601,2, Graduate, No,5400000,14500000,8,432000,349,10800000,4800000,21100000,6600000, Rejected
3602,3, Graduate, No,7700000,25300000,18,2772000,662,3400000,11400000,19100000,9900000, Approved
3603,0, Not Graduate, Yes,1900000,6400000,20,437000,704,900000,3400000,5300000,1900000, Approved
3604,4, Not Graduate, Yes,6400000,15500000,2,1856000,324,18400000,11100000,13900000,4500000, Rejected
3605,5, Graduate, No,700000,1700000,18,28000,757,1900000,200000,2100000,600000, Approved
3606,3, Graduate, Yes,5800000,23000000,16,1044000,361,6000000,10100000,23000000,2800000, Rejected
3607,1, Graduate, No,1800000,5400000,4,702000,415,4400000,2000000,5600000,1800000, Approved
3608,5, Graduate, Yes,4300000,13800000,18,516000,618,9600000,800000,14000000,2400000, Approved
3609,4, Graduate, No,8000000,27100000,8,2640000,524,16900000,10900000,25600000,8400000, Rejected
3610,0, Not Graduate, No,1100000,4100000,18,286000,887,400000,1300000,2600000,1300000, Approved
3611,2, Not Graduate, Yes,8800000,31100000,12,3168000,729,12300000,2400000,21900000,9400000, Approved
3612,4, Graduate, No,4800000,18600000,14,48000,774,10800000,5800000,12700000,6500000, Approved
3613,0, Not Graduate, Yes,200000,700000,20,48000,724,600000,0,500000,300000, Approved
3614,5, Graduate, Yes,1400000,2700000,16,210000,320,900000,2500000,2700000,2000000, Rejected
3615,5, Graduate, No,2500000,6400000,16,475000,590,3200000,3900000,5800000,3500000, Approved
3616,5, Graduate, No,8100000,25300000,8,2268000,796,15900000,12600000,21500000,7800000, Approved
3617,0, Graduate, Yes,6100000,19200000,6,732000,890,13900000,5900000,16700000,7600000, Approved
3618,0, Not Graduate, Yes,2000000,4600000,16,640000,651,2100000,2400000,7200000,1600000, Approved
3619,4, Not Graduate, No,4800000,10100000,12,576000,634,9200000,300000,15000000,6900000, Approved
3620,4, Graduate, Yes,900000,2800000,2,252000,660,1200000,1400000,2400000,900000, Approved
3621,4, Not Graduate, No,1300000,3500000,12,143000,512,3300000,1400000,3200000,700000, Rejected
3622,4, Not Graduate, Yes,4200000,9100000,2,1344000,900,6700000,5300000,10900000,5900000, Approved
3623,2, Graduate, Yes,3300000,11100000,20,1023000,823,4600000,1500000,11700000,2900000, Approved
3624,2, Not Graduate, Yes,8700000,28400000,12,3132000,880,8000000,1800000,19400000,4400000, Approved
3625,1, Not Graduate, Yes,800000,2600000,2,272000,439,600000,0,1800000,400000, Approved
3626,5, Graduate, Yes,7400000,17100000,2,592000,441,14700000,1600000,20600000,10800000, Rejected
3627,3, Not Graduate, No,6900000,18500000,6,1104000,360,14000000,0,18800000,9600000, Rejected
3628,1, Graduate, Yes,8800000,33700000,14,0,561,10200000,7100000,25700000,11900000, Approved
3629,2, Graduate, Yes,8600000,32500000,4,2752000,758,20900000,600000,18000000,6900000, Approved
3630,2, Graduate, No,5400000,20600000,18,108000,621,11200000,2200000,11600000,5500000, Approved
3631,4, Graduate, Yes,2900000,5900000,18,1102000,621,200000,3100000,8500000,3500000, Approved
3632,3, Graduate, No,9800000,21000000,12,0,342,25400000,16600000,26900000,7000000, Rejected
3633,4, Graduate, No,3300000,10800000,4,693000,552,4200000,900000,8600000,3300000, Approved
3634,0, Not Graduate, No,300000,500000,18,93000,376,300000,0,800000,300000, Rejected
3635,0, Graduate, No,1500000,4300000,12,495000,801,4400000,2200000,3300000,1100000, Approved
3636,3, Not Graduate, Yes,5400000,16300000,4,378000,512,1600000,3400000,13100000,6000000, Approved
3637,0, Graduate, No,6600000,15200000,18,0,497,1500000,6900000,14500000,9300000, Rejected
3638,0, Graduate, No,5700000,17200000,8,1083000,386,4200000,7100000,14400000,2900000, Rejected
3639,3, Not Graduate, Yes,8500000,26100000,2,2635000,683,6600000,10400000,24100000,5700000, Approved
3640,0, Graduate, No,7400000,24100000,16,814000,779,800000,2900000,28900000,4900000, Approved
3641,3, Not Graduate, Yes,7800000,17700000,6,1872000,876,15600000,15200000,25100000,10800000, Approved
3642,3, Graduate, Yes,7200000,16500000,18,1152000,515,7800000,6300000,17300000,10600000, Rejected
3643,2, Not Graduate, No,7600000,19300000,12,760000,463,5400000,1500000,16000000,9600000, Rejected
3644,4, Not Graduate, Yes,7000000,26700000,4,1470000,486,10600000,12200000,18800000,6000000, Approved
3645,0, Not Graduate, No,5700000,13000000,6,2280000,328,7800000,7500000,20700000,8200000, Rejected
3646,2, Not Graduate, No,8200000,30600000,10,656000,343,9800000,11500000,16900000,7000000, Rejected
3647,0, Graduate, Yes,9000000,27800000,8,810000,712,900000,6700000,24400000,5800000, Approved
3648,3, Not Graduate, No,3900000,11900000,6,546000,607,6600000,6000000,8800000,2000000, Approved
3649,0, Graduate, No,6500000,16200000,4,1885000,812,17200000,10700000,20200000,6200000, Approved
3650,4, Not Graduate, Yes,2300000,7700000,16,667000,589,6000000,4400000,6300000,2300000, Approved
3651,1, Not Graduate, No,5700000,21800000,18,684000,657,14100000,3200000,21800000,3200000, Approved
3652,4, Not Graduate, No,800000,2800000,12,176000,453,1500000,300000,2900000,600000, Rejected
3653,4, Not Graduate, Yes,8400000,19700000,14,840000,889,22400000,5800000,22000000,12100000, Approved
3654,1, Graduate, Yes,4300000,17200000,4,387000,564,10400000,6600000,11500000,2200000, Approved
3655,1, Not Graduate, Yes,300000,900000,20,48000,419,800000,0,600000,300000, Rejected
3656,1, Graduate, No,8700000,34000000,16,3480000,663,5400000,10700000,17800000,8100000, Approved
3657,1, Not Graduate, No,4400000,12100000,4,1584000,884,9800000,6500000,15000000,6000000, Approved
3658,1, Graduate, Yes,5600000,16800000,16,784000,528,7500000,6500000,12300000,3900000, Rejected
3659,2, Graduate, No,600000,1300000,12,108000,475,100000,1100000,2300000,600000, Rejected
3660,4, Not Graduate, Yes,2500000,5100000,20,375000,695,1100000,4100000,6700000,3500000, Approved
3661,5, Not Graduate, No,3800000,10500000,10,646000,759,1800000,6700000,8100000,5300000, Approved
3662,2, Not Graduate, No,2500000,9600000,4,325000,636,900000,1000000,7300000,2000000, Approved
3663,3, Not Graduate, Yes,5500000,20400000,10,2145000,546,10600000,8200000,13500000,4000000, Rejected
3664,5, Graduate, Yes,4500000,17100000,2,1575000,639,10600000,7500000,12000000,6500000, Approved
3665,4, Not Graduate, No,1900000,4000000,10,228000,388,500000,1400000,5600000,900000, Rejected
3666,5, Graduate, Yes,6400000,20000000,12,128000,594,100000,2100000,16500000,5500000, Approved
3667,1, Not Graduate, Yes,3800000,11100000,6,950000,760,2100000,1800000,8700000,5700000, Approved
3668,4, Not Graduate, Yes,6300000,16900000,16,252000,582,16000000,3600000,23700000,6000000, Approved
3669,3, Not Graduate, No,300000,600000,6,6000,896,300000,400000,600000,400000, Approved
3670,5, Not Graduate, Yes,7100000,21800000,18,355000,891,7000000,0,18900000,4700000, Approved
3671,2, Not Graduate, Yes,600000,1700000,2,222000,495,1700000,200000,1200000,500000, Rejected
3672,3, Graduate, Yes,4400000,15300000,16,572000,865,1200000,8400000,15000000,3400000, Approved
3673,4, Not Graduate, No,7600000,20800000,12,2736000,775,1900000,13600000,19200000,6400000, Approved
3674,5, Graduate, Yes,8700000,26400000,10,1827000,318,11800000,2900000,23200000,9200000, Rejected
3675,3, Graduate, Yes,5600000,12700000,12,1176000,395,8200000,9300000,22000000,6400000, Rejected
3676,4, Not Graduate, No,4100000,13100000,14,1558000,772,11200000,4200000,10500000,3800000, Approved
3677,2, Not Graduate, Yes,7900000,16100000,18,711000,318,17300000,2900000,29900000,9300000, Rejected
3678,3, Not Graduate, Yes,5600000,20900000,14,1400000,649,4000000,10700000,13000000,8200000, Approved
3679,3, Not Graduate, No,1200000,3100000,10,408000,438,1500000,2200000,3900000,1000000, Rejected
3680,5, Graduate, No,6900000,19700000,6,2139000,588,9800000,7500000,17100000,7300000, Approved
3681,5, Not Graduate, No,2700000,5600000,2,216000,815,1100000,2000000,7100000,2600000, Approved
3682,4, Graduate, Yes,9800000,22100000,4,196000,364,16800000,11100000,26500000,7300000, Rejected
3683,2, Not Graduate, No,9300000,32300000,4,1860000,586,14300000,6400000,37000000,10400000, Approved
3684,4, Not Graduate, No,6700000,25300000,12,536000,555,16900000,3600000,23500000,4900000, Approved
3685,4, Graduate, No,1300000,4600000,10,338000,312,1800000,600000,3100000,800000, Rejected
3686,2, Graduate, Yes,7900000,17100000,16,474000,605,19200000,14100000,21900000,10400000, Approved
3687,5, Not Graduate, No,6700000,23200000,18,1139000,672,1600000,6700000,20800000,5400000, Approved
3688,2, Not Graduate, Yes,2100000,4500000,18,294000,591,2500000,500000,5500000,1500000, Approved
3689,4, Graduate, Yes,4700000,11000000,4,1081000,321,10100000,100000,9600000,6900000, Rejected
3690,2, Graduate, No,3700000,13400000,16,888000,393,6400000,600000,14200000,3500000, Rejected
3691,0, Graduate, Yes,5800000,21800000,2,812000,561,4400000,7200000,15000000,4200000, Approved
3692,5, Graduate, Yes,2400000,6900000,20,528000,725,1700000,400000,8800000,2400000, Approved
3693,1, Not Graduate, Yes,8100000,27600000,16,81000,438,1000000,10500000,32200000,8000000, Rejected
3694,5, Graduate, Yes,5400000,21400000,12,1134000,399,4000000,9700000,12400000,6800000, Rejected
3695,0, Graduate, No,1400000,5400000,8,28000,592,4100000,400000,4300000,800000, Approved
3696,2, Not Graduate, No,2500000,8600000,8,400000,835,2500000,4000000,7700000,1300000, Approved
3697,0, Not Graduate, Yes,1600000,5300000,4,144000,733,400000,2100000,5500000,1100000, Approved
3698,0, Not Graduate, No,3700000,10600000,20,666000,484,5800000,1300000,13900000,3500000, Rejected
3699,5, Not Graduate, Yes,500000,1800000,20,160000,615,500000,700000,1100000,300000, Approved
3700,3, Not Graduate, Yes,5300000,19500000,4,848000,591,13200000,4700000,19800000,7900000, Approved
3701,0, Graduate, Yes,2800000,6800000,12,980000,349,4100000,2000000,11100000,1400000, Rejected
3702,1, Graduate, Yes,9600000,29900000,18,2304000,478,18500000,15200000,38200000,9400000, Rejected
3703,4, Graduate, No,2200000,7800000,20,374000,633,0,3900000,8400000,1900000, Approved
3704,1, Not Graduate, Yes,8400000,30900000,8,3276000,378,18600000,1000000,25900000,11100000, Rejected
3705,1, Not Graduate, No,2100000,5300000,20,483000,461,1500000,3800000,8100000,1700000, Rejected
3706,2, Not Graduate, Yes,2800000,7000000,2,392000,834,500000,2900000,8100000,1300000, Approved
3707,0, Not Graduate, No,2500000,5800000,20,975000,671,7400000,500000,7500000,2000000, Approved
3708,3, Graduate, Yes,1700000,5800000,10,510000,524,4100000,2900000,6600000,800000, Rejected
3709,3, Graduate, No,6100000,20700000,4,1708000,816,14900000,5400000,24200000,5900000, Approved
3710,3, Graduate, No,4100000,11700000,10,1230000,729,6900000,6200000,15400000,2100000, Approved
3711,5, Not Graduate, Yes,4500000,12700000,8,90000,307,11000000,3800000,12600000,2700000, Rejected
3712,2, Graduate, Yes,5600000,19100000,8,168000,350,2700000,1200000,14200000,4200000, Rejected
3713,3, Not Graduate, Yes,5800000,16600000,10,638000,444,13300000,5900000,15000000,8500000, Rejected
3714,4, Not Graduate, No,8600000,26700000,10,1720000,895,2200000,8800000,22600000,6900000, Approved
3715,2, Graduate, No,2900000,10500000,20,696000,708,4200000,600000,7700000,4300000, Approved
3716,2, Not Graduate, Yes,8300000,17600000,2,3071000,355,1000000,700000,28400000,6800000, Rejected
3717,5, Not Graduate, No,2400000,5100000,6,264000,756,1500000,200000,5300000,3400000, Approved
3718,4, Graduate, No,5600000,12000000,4,560000,719,5600000,2900000,14500000,3400000, Approved
3719,1, Graduate, Yes,9500000,35400000,14,1615000,439,400000,1200000,20200000,13500000, Rejected
3720,4, Not Graduate, Yes,4900000,15900000,10,1225000,668,10800000,8300000,14900000,2800000, Approved
3721,4, Not Graduate, Yes,5900000,16500000,2,590000,765,13000000,9400000,20000000,3500000, Approved
3722,5, Graduate, Yes,500000,1500000,4,45000,476,200000,200000,1100000,700000, Approved
3723,3, Graduate, No,7000000,21700000,14,840000,781,5400000,8500000,19300000,9600000, Approved
3724,1, Not Graduate, No,3500000,12700000,4,1120000,350,5200000,6800000,12900000,1800000, Approved
3725,0, Graduate, No,5200000,12200000,16,260000,783,5000000,2000000,11400000,5100000, Approved
3726,3, Graduate, Yes,6300000,19900000,12,1008000,770,1900000,2400000,15500000,3100000, Approved
3727,2, Not Graduate, No,8400000,28300000,10,1176000,822,1800000,16000000,33000000,4400000, Approved
3728,1, Not Graduate, Yes,7500000,22500000,14,2025000,469,12300000,9600000,16200000,4500000, Rejected
3729,2, Graduate, No,3300000,13000000,16,693000,300,5500000,5900000,7400000,3100000, Rejected
3730,2, Not Graduate, No,8800000,22400000,14,2024000,692,21700000,5100000,18600000,10900000, Approved
3731,5, Graduate, No,200000,700000,18,14000,707,-100000,100000,500000,200000, Approved
3732,5, Not Graduate, Yes,8000000,29100000,4,2000000,658,10600000,8600000,28800000,4600000, Approved
3733,3, Graduate, No,1000000,4000000,6,290000,625,700000,100000,2800000,500000, Approved
3734,1, Graduate, No,9400000,26700000,10,3384000,343,7600000,2500000,28600000,13200000, Rejected
3735,5, Graduate, No,2100000,7300000,18,504000,358,3700000,3200000,7200000,2200000, Rejected
3736,4, Graduate, Yes,5400000,11500000,20,1890000,705,14600000,3800000,13500000,6100000, Approved
3737,2, Graduate, Yes,4700000,15100000,8,1833000,799,9700000,2500000,10700000,4700000, Approved
3738,3, Graduate, No,8800000,33700000,12,2552000,397,17300000,16000000,22200000,8800000, Rejected
3739,5, Graduate, No,3200000,12200000,6,1216000,493,7700000,6200000,6700000,2100000, Rejected
3740,0, Graduate, Yes,7200000,21900000,4,1656000,446,17700000,10900000,24500000,7600000, Approved
3741,2, Not Graduate, Yes,2500000,7200000,16,500000,315,5500000,3300000,4900000,2800000, Rejected
3742,5, Not Graduate, Yes,6900000,15700000,14,69000,887,13800000,5300000,25200000,4500000, Approved
3743,5, Graduate, Yes,5700000,20500000,16,1425000,429,2800000,1900000,22400000,3900000, Rejected
3744,4, Graduate, Yes,5500000,15100000,18,550000,673,10500000,8000000,13900000,7200000, Approved
3745,4, Not Graduate, Yes,9200000,29100000,10,2024000,731,14500000,8300000,35800000,5000000, Approved
3746,5, Graduate, Yes,5700000,11500000,2,2109000,732,15800000,3700000,15600000,5300000, Approved
3747,5, Graduate, Yes,5000000,16400000,14,600000,525,13000000,9100000,15300000,3300000, Rejected
3748,4, Not Graduate, No,2300000,5500000,6,0,343,-100000,4100000,4800000,3200000, Rejected
3749,0, Not Graduate, Yes,3000000,11000000,16,1110000,331,8000000,4500000,6600000,2400000, Rejected
3750,0, Not Graduate, No,7900000,26200000,18,158000,845,14200000,14700000,27400000,6300000, Approved
3751,2, Graduate, No,2000000,6200000,16,280000,696,4100000,600000,5400000,1300000, Approved
3752,5, Not Graduate, No,2700000,8700000,14,594000,772,2200000,2800000,7600000,3700000, Approved
3753,3, Graduate, Yes,6400000,15800000,18,1088000,628,6900000,2700000,24800000,5300000, Approved
3754,0, Not Graduate, Yes,8200000,19100000,2,164000,764,22900000,8900000,20500000,4000000, Approved
3755,1, Graduate, No,2800000,6900000,14,420000,553,400000,4900000,6800000,4200000, Approved
3756,1, Not Graduate, No,8900000,20000000,2,712000,653,12700000,600000,17800000,9900000, Approved
3757,1, Not Graduate, No,5100000,20000000,4,102000,506,7900000,8900000,20300000,6700000, Approved
3758,3, Graduate, No,2800000,8500000,20,280000,431,6200000,1700000,7800000,2200000, Rejected
3759,2, Not Graduate, Yes,6100000,12300000,18,61000,697,14100000,9100000,12600000,3500000, Approved
3760,2, Not Graduate, No,8400000,24500000,6,840000,588,11000000,1300000,22900000,10400000, Approved
3761,1, Not Graduate, No,1600000,5600000,6,576000,846,600000,2800000,4600000,1200000, Approved
3762,5, Graduate, No,4100000,11000000,14,656000,379,6200000,1700000,8500000,5400000, Rejected
3763,1, Not Graduate, No,300000,700000,10,99000,745,0,0,900000,100000, Approved
3764,3, Graduate, No,9600000,34500000,20,2112000,523,26100000,2600000,24300000,5300000, Rejected
3765,4, Graduate, Yes,8300000,25400000,4,1826000,624,22900000,4000000,24800000,5400000, Approved
3766,1, Graduate, No,4600000,16700000,16,1242000,407,13000000,6000000,9800000,2800000, Rejected
3767,3, Not Graduate, Yes,5600000,11600000,12,1512000,756,3300000,1800000,18400000,7800000, Approved
3768,3, Graduate, Yes,4100000,8300000,16,656000,351,6000000,100000,11100000,2200000, Rejected
3769,3, Not Graduate, No,3700000,13400000,18,777000,373,2800000,100000,13200000,2500000, Rejected
3770,4, Not Graduate, Yes,800000,2400000,2,32000,461,1300000,1300000,2300000,300000, Approved
3771,4, Graduate, No,8100000,28100000,12,3159000,672,5600000,9200000,17200000,9500000, Approved
3772,2, Graduate, Yes,2700000,9500000,10,378000,434,2700000,1500000,8100000,1800000, Rejected
3773,2, Not Graduate, Yes,7000000,21400000,12,1470000,541,3700000,1300000,19800000,9600000, Rejected
3774,3, Not Graduate, Yes,8100000,29300000,2,729000,413,8100000,15100000,25500000,6400000, Approved
3775,1, Graduate, No,3200000,7600000,4,896000,592,3000000,1400000,8100000,4700000, Approved
3776,4, Not Graduate, Yes,400000,1400000,10,120000,665,300000,300000,1500000,200000, Approved
3777,1, Graduate, No,7800000,23900000,4,936000,313,2600000,15300000,23000000,10900000, Approved
3778,0, Not Graduate, No,5800000,19600000,14,1160000,673,8900000,10700000,18000000,7200000, Approved
3779,0, Not Graduate, Yes,2600000,6000000,8,390000,382,1700000,2200000,8200000,1600000, Rejected
3780,5, Not Graduate, No,5400000,21100000,12,1188000,661,15800000,10400000,20100000,5400000, Approved
3781,3, Graduate, Yes,600000,1700000,4,168000,576,400000,100000,2100000,500000, Approved
3782,1, Graduate, No,600000,1200000,14,54000,443,700000,1000000,2200000,800000, Rejected
3783,5, Graduate, Yes,9500000,21700000,16,2090000,307,27500000,2700000,28500000,9700000, Rejected
3784,4, Graduate, Yes,1900000,4800000,12,57000,656,1500000,1600000,5400000,1700000, Approved
3785,1, Graduate, Yes,9800000,21200000,4,1078000,885,18000000,16400000,37300000,10800000, Approved
3786,3, Graduate, No,7800000,16600000,20,156000,896,12400000,10800000,30500000,5500000, Approved
3787,5, Not Graduate, No,4900000,14100000,2,1862000,802,3300000,7500000,16100000,2700000, Approved
3788,3, Graduate, Yes,8300000,22700000,2,2988000,650,3600000,16000000,18000000,5800000, Approved
3789,4, Not Graduate, Yes,3900000,8900000,10,156000,665,9300000,4000000,9200000,5300000, Approved
3790,2, Graduate, No,9000000,35700000,12,2340000,339,15200000,8400000,19500000,9000000, Rejected
3791,1, Not Graduate, No,9600000,32400000,20,3072000,447,15400000,18400000,19800000,4700000, Rejected
3792,5, Not Graduate, Yes,1000000,2400000,18,40000,613,1600000,1300000,2600000,600000, Approved
3793,5, Graduate, No,2800000,7200000,16,728000,424,900000,5000000,6100000,3200000, Rejected
3794,2, Not Graduate, No,8300000,20800000,6,2905000,667,19300000,4100000,25400000,6800000, Approved
3795,4, Not Graduate, Yes,6900000,18300000,18,1242000,715,8200000,600000,15000000,7500000, Approved
3796,5, Not Graduate, Yes,3800000,9100000,18,38000,654,9000000,4000000,10200000,3000000, Approved
3797,2, Not Graduate, No,8000000,17800000,20,0,549,2400000,9700000,27400000,10800000, Rejected
3798,4, Graduate, Yes,9800000,29700000,4,3234000,373,11100000,5500000,37800000,10000000, Approved
3799,0, Graduate, Yes,2900000,7200000,16,1044000,332,3600000,5700000,7600000,3600000, Rejected
